<?xml version="1.0" encoding="UTF-8"?>
<gpx version="1.1" creator="brevet-cuesheet demo" xmlns="http://www.topografix.com/GPX/1/1">
  <metadata><name>デモBRM1010サンプル200km</name></metadata>
  <wpt lat="42.978239" lon="141.604420">
    <name>PC1デモマート東町店</name>
    <cmt>convenience_store</cmt>
    <type>store</type>
  </wpt>
  <wpt lat="42.734918" lon="141.496153">
    <name>通過C1サンプル岬展望台</name>
    <cmt>convenience_store</cmt>
    <type>store</type>
  </wpt>
  <wpt lat="42.507875" lon="141.365838">
    <name>PC2テストストア中央店</name>
    <cmt>convenience_store</cmt>
    <type>store</type>
  </wpt>
  <wpt lat="42.652370" lon="141.516452">
    <name>PC3デモマート南町店</name>
    <cmt>convenience_store</cmt>
    <type>store</type>
  </wpt>
  <trk><name>デモBRM1010サンプル200km</name><trkseg>
    <trkpt lat="42.980000" lon="141.360000"><ele>12</ele></trkpt>
    <trkpt lat="42.979998" lon="141.360246"><ele>10</ele></trkpt>
    <trkpt lat="42.980001" lon="141.360492"><ele>10</ele></trkpt>
    <trkpt lat="42.980005" lon="141.360737"><ele>10</ele></trkpt>
    <trkpt lat="42.980004" lon="141.360983"><ele>11</ele></trkpt>
    <trkpt lat="42.980004" lon="141.361229"><ele>11</ele></trkpt>
    <trkpt lat="42.980007" lon="141.361475"><ele>11</ele></trkpt>
    <trkpt lat="42.980009" lon="141.361721"><ele>11</ele></trkpt>
    <trkpt lat="42.980009" lon="141.361967"><ele>11</ele></trkpt>
    <trkpt lat="42.980010" lon="141.362212"><ele>11</ele></trkpt>
    <trkpt lat="42.980005" lon="141.362458"><ele>11</ele></trkpt>
    <trkpt lat="42.980006" lon="141.362704"><ele>12</ele></trkpt>
    <trkpt lat="42.980011" lon="141.362950"><ele>12</ele></trkpt>
    <trkpt lat="42.980008" lon="141.363196"><ele>12</ele></trkpt>
    <trkpt lat="42.980002" lon="141.363441"><ele>12</ele></trkpt>
    <trkpt lat="42.980005" lon="141.363687"><ele>12</ele></trkpt>
    <trkpt lat="42.980005" lon="141.363933"><ele>12</ele></trkpt>
    <trkpt lat="42.980000" lon="141.364179"><ele>13</ele></trkpt>
    <trkpt lat="42.979998" lon="141.364425"><ele>13</ele></trkpt>
    <trkpt lat="42.979992" lon="141.364670"><ele>13</ele></trkpt>
    <trkpt lat="42.979994" lon="141.364916"><ele>13</ele></trkpt>
    <trkpt lat="42.979991" lon="141.365162"><ele>13</ele></trkpt>
    <trkpt lat="42.979989" lon="141.365408"><ele>13</ele></trkpt>
    <trkpt lat="42.979992" lon="141.365654"><ele>13</ele></trkpt>
    <trkpt lat="42.979987" lon="141.365899"><ele>14</ele></trkpt>
    <trkpt lat="42.979981" lon="141.366145"><ele>14</ele></trkpt>
    <trkpt lat="42.979976" lon="141.366391"><ele>14</ele></trkpt>
    <trkpt lat="42.979978" lon="141.366637"><ele>14</ele></trkpt>
    <trkpt lat="42.979978" lon="141.366883"><ele>14</ele></trkpt>
    <trkpt lat="42.979981" lon="141.367128"><ele>14</ele></trkpt>
    <trkpt lat="42.979978" lon="141.367374"><ele>14</ele></trkpt>
    <trkpt lat="42.979975" lon="141.367620"><ele>15</ele></trkpt>
    <trkpt lat="42.979969" lon="141.367866"><ele>15</ele></trkpt>
    <trkpt lat="42.979970" lon="141.368112"><ele>15</ele></trkpt>
    <trkpt lat="42.979970" lon="141.368358"><ele>15</ele></trkpt>
    <trkpt lat="42.979967" lon="141.368603"><ele>15</ele></trkpt>
    <trkpt lat="42.979972" lon="141.368849"><ele>15</ele></trkpt>
    <trkpt lat="42.979968" lon="141.369095"><ele>16</ele></trkpt>
    <trkpt lat="42.979973" lon="141.369341"><ele>16</ele></trkpt>
    <trkpt lat="42.979972" lon="141.369587"><ele>16</ele></trkpt>
    <trkpt lat="42.979977" lon="141.369832"><ele>16</ele></trkpt>
    <trkpt lat="42.979983" lon="141.370078"><ele>16</ele></trkpt>
    <trkpt lat="42.979979" lon="141.370324"><ele>16</ele></trkpt>
    <trkpt lat="42.979973" lon="141.370569"><ele>16</ele></trkpt>
    <trkpt lat="42.979976" lon="141.370815"><ele>17</ele></trkpt>
    <trkpt lat="42.979980" lon="141.371061"><ele>17</ele></trkpt>
    <trkpt lat="42.979978" lon="141.371307"><ele>17</ele></trkpt>
    <trkpt lat="42.979973" lon="141.371553"><ele>17</ele></trkpt>
    <trkpt lat="42.979969" lon="141.371798"><ele>17</ele></trkpt>
    <trkpt lat="42.979967" lon="141.372044"><ele>17</ele></trkpt>
    <trkpt lat="42.979965" lon="141.372290"><ele>17</ele></trkpt>
    <trkpt lat="42.979959" lon="141.372536"><ele>18</ele></trkpt>
    <trkpt lat="42.979962" lon="141.372782"><ele>18</ele></trkpt>
    <trkpt lat="42.979960" lon="141.373027"><ele>18</ele></trkpt>
    <trkpt lat="42.979966" lon="141.373273"><ele>18</ele></trkpt>
    <trkpt lat="42.979969" lon="141.373519"><ele>18</ele></trkpt>
    <trkpt lat="42.979974" lon="141.373765"><ele>18</ele></trkpt>
    <trkpt lat="42.979978" lon="141.374011"><ele>19</ele></trkpt>
    <trkpt lat="42.979979" lon="141.374256"><ele>19</ele></trkpt>
    <trkpt lat="42.979986" lon="141.374502"><ele>19</ele></trkpt>
    <trkpt lat="42.979991" lon="141.374748"><ele>19</ele></trkpt>
    <trkpt lat="42.979987" lon="141.374994"><ele>19</ele></trkpt>
    <trkpt lat="42.979983" lon="141.375239"><ele>19</ele></trkpt>
    <trkpt lat="42.979986" lon="141.375485"><ele>19</ele></trkpt>
    <trkpt lat="42.979984" lon="141.375731"><ele>20</ele></trkpt>
    <trkpt lat="42.979984" lon="141.375977"><ele>20</ele></trkpt>
    <trkpt lat="42.979981" lon="141.376223"><ele>20</ele></trkpt>
    <trkpt lat="42.979983" lon="141.376469"><ele>20</ele></trkpt>
    <trkpt lat="42.979988" lon="141.376714"><ele>20</ele></trkpt>
    <trkpt lat="42.979991" lon="141.376960"><ele>20</ele></trkpt>
    <trkpt lat="42.979989" lon="141.377206"><ele>20</ele></trkpt>
    <trkpt lat="42.979987" lon="141.377452"><ele>21</ele></trkpt>
    <trkpt lat="42.979982" lon="141.377698"><ele>21</ele></trkpt>
    <trkpt lat="42.979979" lon="141.377943"><ele>21</ele></trkpt>
    <trkpt lat="42.979983" lon="141.378189"><ele>21</ele></trkpt>
    <trkpt lat="42.979980" lon="141.378435"><ele>21</ele></trkpt>
    <trkpt lat="42.979986" lon="141.378681"><ele>21</ele></trkpt>
    <trkpt lat="42.979993" lon="141.378926"><ele>22</ele></trkpt>
    <trkpt lat="42.979993" lon="141.379172"><ele>22</ele></trkpt>
    <trkpt lat="42.979993" lon="141.379418"><ele>22</ele></trkpt>
    <trkpt lat="42.979991" lon="141.379664"><ele>22</ele></trkpt>
    <trkpt lat="42.979989" lon="141.379910"><ele>22</ele></trkpt>
    <trkpt lat="42.979991" lon="141.380156"><ele>22</ele></trkpt>
    <trkpt lat="42.979988" lon="141.380401"><ele>22</ele></trkpt>
    <trkpt lat="42.979984" lon="141.380647"><ele>23</ele></trkpt>
    <trkpt lat="42.979990" lon="141.380893"><ele>23</ele></trkpt>
    <trkpt lat="42.979992" lon="141.381139"><ele>23</ele></trkpt>
    <trkpt lat="42.979992" lon="141.381385"><ele>23</ele></trkpt>
    <trkpt lat="42.979986" lon="141.381630"><ele>23</ele></trkpt>
    <trkpt lat="42.979986" lon="141.381876"><ele>23</ele></trkpt>
    <trkpt lat="42.979985" lon="141.382122"><ele>23</ele></trkpt>
    <trkpt lat="42.979985" lon="141.382368"><ele>24</ele></trkpt>
    <trkpt lat="42.979983" lon="141.382614"><ele>24</ele></trkpt>
    <trkpt lat="42.979978" lon="141.382860"><ele>24</ele></trkpt>
    <trkpt lat="42.979982" lon="141.383105"><ele>24</ele></trkpt>
    <trkpt lat="42.979978" lon="141.383351"><ele>24</ele></trkpt>
    <trkpt lat="42.979978" lon="141.383597"><ele>24</ele></trkpt>
    <trkpt lat="42.979983" lon="141.383843"><ele>25</ele></trkpt>
    <trkpt lat="42.979985" lon="141.384089"><ele>25</ele></trkpt>
    <trkpt lat="42.979988" lon="141.384334"><ele>25</ele></trkpt>
    <trkpt lat="42.979987" lon="141.384580"><ele>25</ele></trkpt>
    <trkpt lat="42.979983" lon="141.384826"><ele>25</ele></trkpt>
    <trkpt lat="42.979986" lon="141.385072"><ele>25</ele></trkpt>
    <trkpt lat="42.979988" lon="141.385318"><ele>25</ele></trkpt>
    <trkpt lat="42.979989" lon="141.385564"><ele>26</ele></trkpt>
    <trkpt lat="42.979985" lon="141.385809"><ele>26</ele></trkpt>
    <trkpt lat="42.979981" lon="141.386055"><ele>26</ele></trkpt>
    <trkpt lat="42.979975" lon="141.386301"><ele>26</ele></trkpt>
    <trkpt lat="42.979974" lon="141.386547"><ele>26</ele></trkpt>
    <trkpt lat="42.979972" lon="141.386793"><ele>26</ele></trkpt>
    <trkpt lat="42.979967" lon="141.387038"><ele>26</ele></trkpt>
    <trkpt lat="42.979962" lon="141.387284"><ele>27</ele></trkpt>
    <trkpt lat="42.979967" lon="141.387530"><ele>27</ele></trkpt>
    <trkpt lat="42.979968" lon="141.387776"><ele>27</ele></trkpt>
    <trkpt lat="42.979966" lon="141.388022"><ele>27</ele></trkpt>
    <trkpt lat="42.979971" lon="141.388267"><ele>27</ele></trkpt>
    <trkpt lat="42.979966" lon="141.388513"><ele>27</ele></trkpt>
    <trkpt lat="42.979960" lon="141.388759"><ele>28</ele></trkpt>
    <trkpt lat="42.979959" lon="141.389005"><ele>28</ele></trkpt>
    <trkpt lat="42.979960" lon="141.389251"><ele>28</ele></trkpt>
    <trkpt lat="42.979965" lon="141.389496"><ele>28</ele></trkpt>
    <trkpt lat="42.979971" lon="141.389742"><ele>28</ele></trkpt>
    <trkpt lat="42.979965" lon="141.389988"><ele>28</ele></trkpt>
    <trkpt lat="42.979966" lon="141.390234"><ele>28</ele></trkpt>
    <trkpt lat="42.979961" lon="141.390479"><ele>29</ele></trkpt>
    <trkpt lat="42.979958" lon="141.390725"><ele>29</ele></trkpt>
    <trkpt lat="42.979953" lon="141.390971"><ele>29</ele></trkpt>
    <trkpt lat="42.979948" lon="141.391217"><ele>29</ele></trkpt>
    <trkpt lat="42.979950" lon="141.391462"><ele>29</ele></trkpt>
    <trkpt lat="42.979953" lon="141.391708"><ele>29</ele></trkpt>
    <trkpt lat="42.979959" lon="141.391954"><ele>29</ele></trkpt>
    <trkpt lat="42.979953" lon="141.392200"><ele>30</ele></trkpt>
    <trkpt lat="42.979949" lon="141.392446"><ele>30</ele></trkpt>
    <trkpt lat="42.979949" lon="141.392691"><ele>30</ele></trkpt>
    <trkpt lat="42.979943" lon="141.392937"><ele>30</ele></trkpt>
    <trkpt lat="42.979941" lon="141.393183"><ele>30</ele></trkpt>
    <trkpt lat="42.979945" lon="141.393429"><ele>30</ele></trkpt>
    <trkpt lat="42.979942" lon="141.393675"><ele>31</ele></trkpt>
    <trkpt lat="42.979939" lon="141.393920"><ele>31</ele></trkpt>
    <trkpt lat="42.979937" lon="141.394166"><ele>31</ele></trkpt>
    <trkpt lat="42.979937" lon="141.394412"><ele>31</ele></trkpt>
    <trkpt lat="42.979933" lon="141.394658"><ele>31</ele></trkpt>
    <trkpt lat="42.979932" lon="141.394904"><ele>31</ele></trkpt>
    <trkpt lat="42.979931" lon="141.395150"><ele>31</ele></trkpt>
    <trkpt lat="42.979928" lon="141.395395"><ele>32</ele></trkpt>
    <trkpt lat="42.979927" lon="141.395641"><ele>32</ele></trkpt>
    <trkpt lat="42.979928" lon="141.395887"><ele>32</ele></trkpt>
    <trkpt lat="42.979928" lon="141.396133"><ele>32</ele></trkpt>
    <trkpt lat="42.979926" lon="141.396379"><ele>32</ele></trkpt>
    <trkpt lat="42.979930" lon="141.396625"><ele>32</ele></trkpt>
    <trkpt lat="42.979932" lon="141.396870"><ele>32</ele></trkpt>
    <trkpt lat="42.979934" lon="141.397116"><ele>33</ele></trkpt>
    <trkpt lat="42.979933" lon="141.397362"><ele>33</ele></trkpt>
    <trkpt lat="42.979934" lon="141.397608"><ele>33</ele></trkpt>
    <trkpt lat="42.979940" lon="141.397854"><ele>33</ele></trkpt>
    <trkpt lat="42.979945" lon="141.398099"><ele>33</ele></trkpt>
    <trkpt lat="42.979944" lon="141.398345"><ele>33</ele></trkpt>
    <trkpt lat="42.979943" lon="141.398591"><ele>33</ele></trkpt>
    <trkpt lat="42.979948" lon="141.398837"><ele>34</ele></trkpt>
    <trkpt lat="42.979951" lon="141.399083"><ele>34</ele></trkpt>
    <trkpt lat="42.979955" lon="141.399328"><ele>34</ele></trkpt>
    <trkpt lat="42.979954" lon="141.399574"><ele>34</ele></trkpt>
    <trkpt lat="42.979958" lon="141.399820"><ele>34</ele></trkpt>
    <trkpt lat="42.979963" lon="141.400066"><ele>34</ele></trkpt>
    <trkpt lat="42.979958" lon="141.400312"><ele>35</ele></trkpt>
    <trkpt lat="42.979955" lon="141.400557"><ele>35</ele></trkpt>
    <trkpt lat="42.979955" lon="141.400803"><ele>35</ele></trkpt>
    <trkpt lat="42.979957" lon="141.401049"><ele>35</ele></trkpt>
    <trkpt lat="42.979960" lon="141.401295"><ele>35</ele></trkpt>
    <trkpt lat="42.979956" lon="141.401541"><ele>35</ele></trkpt>
    <trkpt lat="42.979962" lon="141.401786"><ele>35</ele></trkpt>
    <trkpt lat="42.979967" lon="141.402032"><ele>36</ele></trkpt>
    <trkpt lat="42.979961" lon="141.402278"><ele>36</ele></trkpt>
    <trkpt lat="42.979967" lon="141.402524"><ele>36</ele></trkpt>
    <trkpt lat="42.979962" lon="141.402769"><ele>36</ele></trkpt>
    <trkpt lat="42.979962" lon="141.403015"><ele>36</ele></trkpt>
    <trkpt lat="42.979966" lon="141.403261"><ele>36</ele></trkpt>
    <trkpt lat="42.979961" lon="141.403507"><ele>36</ele></trkpt>
    <trkpt lat="42.979965" lon="141.403753"><ele>37</ele></trkpt>
    <trkpt lat="42.979963" lon="141.403998"><ele>37</ele></trkpt>
    <trkpt lat="42.979959" lon="141.404244"><ele>37</ele></trkpt>
    <trkpt lat="42.979963" lon="141.404490"><ele>37</ele></trkpt>
    <trkpt lat="42.979966" lon="141.404736"><ele>37</ele></trkpt>
    <trkpt lat="42.979960" lon="141.404982"><ele>37</ele></trkpt>
    <trkpt lat="42.979958" lon="141.405227"><ele>37</ele></trkpt>
    <trkpt lat="42.979962" lon="141.405473"><ele>38</ele></trkpt>
    <trkpt lat="42.979957" lon="141.405719"><ele>38</ele></trkpt>
    <trkpt lat="42.979956" lon="141.405965"><ele>38</ele></trkpt>
    <trkpt lat="42.979957" lon="141.406211"><ele>38</ele></trkpt>
    <trkpt lat="42.979951" lon="141.406456"><ele>38</ele></trkpt>
    <trkpt lat="42.979952" lon="141.406702"><ele>38</ele></trkpt>
    <trkpt lat="42.979948" lon="141.406948"><ele>39</ele></trkpt>
    <trkpt lat="42.979949" lon="141.407194"><ele>39</ele></trkpt>
    <trkpt lat="42.979947" lon="141.407440"><ele>39</ele></trkpt>
    <trkpt lat="42.979949" lon="141.407686"><ele>39</ele></trkpt>
    <trkpt lat="42.979950" lon="141.407931"><ele>39</ele></trkpt>
    <trkpt lat="42.979956" lon="141.408177"><ele>39</ele></trkpt>
    <trkpt lat="42.979950" lon="141.408423"><ele>39</ele></trkpt>
    <trkpt lat="42.979949" lon="141.408669"><ele>40</ele></trkpt>
    <trkpt lat="42.979948" lon="141.408915"><ele>40</ele></trkpt>
    <trkpt lat="42.979941" lon="141.409160"><ele>40</ele></trkpt>
    <trkpt lat="42.979938" lon="141.409406"><ele>40</ele></trkpt>
    <trkpt lat="42.979939" lon="141.409652"><ele>40</ele></trkpt>
    <trkpt lat="42.979943" lon="141.409898"><ele>40</ele></trkpt>
    <trkpt lat="42.979943" lon="141.410144"><ele>40</ele></trkpt>
    <trkpt lat="42.979948" lon="141.410389"><ele>41</ele></trkpt>
    <trkpt lat="42.979948" lon="141.410635"><ele>41</ele></trkpt>
    <trkpt lat="42.979952" lon="141.410881"><ele>41</ele></trkpt>
    <trkpt lat="42.979955" lon="141.411127"><ele>41</ele></trkpt>
    <trkpt lat="42.979953" lon="141.411373"><ele>41</ele></trkpt>
    <trkpt lat="42.979953" lon="141.411618"><ele>41</ele></trkpt>
    <trkpt lat="42.979954" lon="141.411864"><ele>41</ele></trkpt>
    <trkpt lat="42.979953" lon="141.412110"><ele>42</ele></trkpt>
    <trkpt lat="42.979956" lon="141.412356"><ele>42</ele></trkpt>
    <trkpt lat="42.979962" lon="141.412602"><ele>42</ele></trkpt>
    <trkpt lat="42.979964" lon="141.412847"><ele>42</ele></trkpt>
    <trkpt lat="42.979963" lon="141.413093"><ele>42</ele></trkpt>
    <trkpt lat="42.979964" lon="141.413339"><ele>42</ele></trkpt>
    <trkpt lat="42.979966" lon="141.413585"><ele>43</ele></trkpt>
    <trkpt lat="42.979966" lon="141.413831"><ele>43</ele></trkpt>
    <trkpt lat="42.979962" lon="141.414077"><ele>43</ele></trkpt>
    <trkpt lat="42.979965" lon="141.414322"><ele>43</ele></trkpt>
    <trkpt lat="42.979963" lon="141.414568"><ele>43</ele></trkpt>
    <trkpt lat="42.979959" lon="141.414814"><ele>43</ele></trkpt>
    <trkpt lat="42.979953" lon="141.415060"><ele>43</ele></trkpt>
    <trkpt lat="42.979954" lon="141.415306"><ele>44</ele></trkpt>
    <trkpt lat="42.979955" lon="141.415551"><ele>44</ele></trkpt>
    <trkpt lat="42.979954" lon="141.415797"><ele>44</ele></trkpt>
    <trkpt lat="42.979957" lon="141.416043"><ele>44</ele></trkpt>
    <trkpt lat="42.979952" lon="141.416289"><ele>44</ele></trkpt>
    <trkpt lat="42.979955" lon="141.416535"><ele>44</ele></trkpt>
    <trkpt lat="42.979960" lon="141.416780"><ele>44</ele></trkpt>
    <trkpt lat="42.979958" lon="141.417026"><ele>45</ele></trkpt>
    <trkpt lat="42.979955" lon="141.417272"><ele>45</ele></trkpt>
    <trkpt lat="42.979960" lon="141.417518"><ele>45</ele></trkpt>
    <trkpt lat="42.979962" lon="141.417764"><ele>45</ele></trkpt>
    <trkpt lat="42.979959" lon="141.418010"><ele>45</ele></trkpt>
    <trkpt lat="42.979955" lon="141.418255"><ele>45</ele></trkpt>
    <trkpt lat="42.979957" lon="141.418501"><ele>45</ele></trkpt>
    <trkpt lat="42.979951" lon="141.418747"><ele>46</ele></trkpt>
    <trkpt lat="42.979956" lon="141.418993"><ele>46</ele></trkpt>
    <trkpt lat="42.979961" lon="141.419238"><ele>46</ele></trkpt>
    <trkpt lat="42.979959" lon="141.419484"><ele>46</ele></trkpt>
    <trkpt lat="42.979957" lon="141.419730"><ele>46</ele></trkpt>
    <trkpt lat="42.979958" lon="141.419976"><ele>46</ele></trkpt>
    <trkpt lat="42.979954" lon="141.420222"><ele>46</ele></trkpt>
    <trkpt lat="42.979952" lon="141.420468"><ele>47</ele></trkpt>
    <trkpt lat="42.979950" lon="141.420713"><ele>47</ele></trkpt>
    <trkpt lat="42.979949" lon="141.420959"><ele>47</ele></trkpt>
    <trkpt lat="42.979948" lon="141.421205"><ele>47</ele></trkpt>
    <trkpt lat="42.979944" lon="141.421451"><ele>47</ele></trkpt>
    <trkpt lat="42.979949" lon="141.421697"><ele>47</ele></trkpt>
    <trkpt lat="42.979947" lon="141.421942"><ele>48</ele></trkpt>
    <trkpt lat="42.979943" lon="141.422188"><ele>48</ele></trkpt>
    <trkpt lat="42.979941" lon="141.422434"><ele>48</ele></trkpt>
    <trkpt lat="42.979935" lon="141.422680"><ele>48</ele></trkpt>
    <trkpt lat="42.979939" lon="141.422926"><ele>48</ele></trkpt>
    <trkpt lat="42.979933" lon="141.423171"><ele>48</ele></trkpt>
    <trkpt lat="42.979932" lon="141.423417"><ele>48</ele></trkpt>
    <trkpt lat="42.979927" lon="141.423663"><ele>49</ele></trkpt>
    <trkpt lat="42.979922" lon="141.423909"><ele>49</ele></trkpt>
    <trkpt lat="42.979917" lon="141.424154"><ele>49</ele></trkpt>
    <trkpt lat="42.979923" lon="141.424400"><ele>49</ele></trkpt>
    <trkpt lat="42.979919" lon="141.424646"><ele>49</ele></trkpt>
    <trkpt lat="42.979923" lon="141.424892"><ele>49</ele></trkpt>
    <trkpt lat="42.979928" lon="141.425137"><ele>49</ele></trkpt>
    <trkpt lat="42.979925" lon="141.425383"><ele>50</ele></trkpt>
    <trkpt lat="42.979927" lon="141.425629"><ele>50</ele></trkpt>
    <trkpt lat="42.979930" lon="141.425875"><ele>50</ele></trkpt>
    <trkpt lat="42.979933" lon="141.426121"><ele>50</ele></trkpt>
    <trkpt lat="42.979939" lon="141.426367"><ele>50</ele></trkpt>
    <trkpt lat="42.979936" lon="141.426612"><ele>50</ele></trkpt>
    <trkpt lat="42.979935" lon="141.426858"><ele>50</ele></trkpt>
    <trkpt lat="42.979940" lon="141.427104"><ele>51</ele></trkpt>
    <trkpt lat="42.979938" lon="141.427350"><ele>51</ele></trkpt>
    <trkpt lat="42.979935" lon="141.427596"><ele>51</ele></trkpt>
    <trkpt lat="42.979938" lon="141.427841"><ele>51</ele></trkpt>
    <trkpt lat="42.979942" lon="141.428087"><ele>51</ele></trkpt>
    <trkpt lat="42.979948" lon="141.428333"><ele>51</ele></trkpt>
    <trkpt lat="42.979948" lon="141.428579"><ele>51</ele></trkpt>
    <trkpt lat="42.979952" lon="141.428825"><ele>52</ele></trkpt>
    <trkpt lat="42.979952" lon="141.429070"><ele>52</ele></trkpt>
    <trkpt lat="42.979951" lon="141.429316"><ele>52</ele></trkpt>
    <trkpt lat="42.979949" lon="141.429562"><ele>52</ele></trkpt>
    <trkpt lat="42.979951" lon="141.429808"><ele>52</ele></trkpt>
    <trkpt lat="42.979946" lon="141.430054"><ele>52</ele></trkpt>
    <trkpt lat="42.979948" lon="141.430300"><ele>52</ele></trkpt>
    <trkpt lat="42.979948" lon="141.430545"><ele>53</ele></trkpt>
    <trkpt lat="42.979954" lon="141.430791"><ele>53</ele></trkpt>
    <trkpt lat="42.979955" lon="141.431037"><ele>53</ele></trkpt>
    <trkpt lat="42.979953" lon="141.431283"><ele>53</ele></trkpt>
    <trkpt lat="42.979949" lon="141.431529"><ele>53</ele></trkpt>
    <trkpt lat="42.979950" lon="141.431774"><ele>53</ele></trkpt>
    <trkpt lat="42.979949" lon="141.432020"><ele>54</ele></trkpt>
    <trkpt lat="42.979949" lon="141.432266"><ele>54</ele></trkpt>
    <trkpt lat="42.979945" lon="141.432512"><ele>54</ele></trkpt>
    <trkpt lat="42.979939" lon="141.432758"><ele>54</ele></trkpt>
    <trkpt lat="42.979939" lon="141.433003"><ele>54</ele></trkpt>
    <trkpt lat="42.979939" lon="141.433249"><ele>54</ele></trkpt>
    <trkpt lat="42.979940" lon="141.433495"><ele>54</ele></trkpt>
    <trkpt lat="42.979946" lon="141.433741"><ele>55</ele></trkpt>
    <trkpt lat="42.979950" lon="141.433987"><ele>55</ele></trkpt>
    <trkpt lat="42.979944" lon="141.434232"><ele>55</ele></trkpt>
    <trkpt lat="42.979945" lon="141.434478"><ele>55</ele></trkpt>
    <trkpt lat="42.979941" lon="141.434724"><ele>55</ele></trkpt>
    <trkpt lat="42.979943" lon="141.434970"><ele>55</ele></trkpt>
    <trkpt lat="42.979940" lon="141.435216"><ele>55</ele></trkpt>
    <trkpt lat="42.979935" lon="141.435461"><ele>56</ele></trkpt>
    <trkpt lat="42.979934" lon="141.435707"><ele>56</ele></trkpt>
    <trkpt lat="42.979941" lon="141.435953"><ele>56</ele></trkpt>
    <trkpt lat="42.979941" lon="141.436199"><ele>56</ele></trkpt>
    <trkpt lat="42.979943" lon="141.436445"><ele>56</ele></trkpt>
    <trkpt lat="42.979946" lon="141.436691"><ele>56</ele></trkpt>
    <trkpt lat="42.979950" lon="141.436936"><ele>56</ele></trkpt>
    <trkpt lat="42.979953" lon="141.437182"><ele>57</ele></trkpt>
    <trkpt lat="42.979957" lon="141.437428"><ele>57</ele></trkpt>
    <trkpt lat="42.979958" lon="141.437674"><ele>57</ele></trkpt>
    <trkpt lat="42.979961" lon="141.437920"><ele>57</ele></trkpt>
    <trkpt lat="42.979963" lon="141.438165"><ele>57</ele></trkpt>
    <trkpt lat="42.979961" lon="141.438411"><ele>57</ele></trkpt>
    <trkpt lat="42.979956" lon="141.438657"><ele>57</ele></trkpt>
    <trkpt lat="42.979950" lon="141.438903"><ele>58</ele></trkpt>
    <trkpt lat="42.979949" lon="141.439149"><ele>58</ele></trkpt>
    <trkpt lat="42.979948" lon="141.439394"><ele>58</ele></trkpt>
    <trkpt lat="42.979948" lon="141.439640"><ele>58</ele></trkpt>
    <trkpt lat="42.979953" lon="141.439886"><ele>58</ele></trkpt>
    <trkpt lat="42.979958" lon="141.440132"><ele>58</ele></trkpt>
    <trkpt lat="42.979956" lon="141.440378"><ele>58</ele></trkpt>
    <trkpt lat="42.979955" lon="141.440624"><ele>59</ele></trkpt>
    <trkpt lat="42.979953" lon="141.440869"><ele>59</ele></trkpt>
    <trkpt lat="42.979954" lon="141.441115"><ele>59</ele></trkpt>
    <trkpt lat="42.979952" lon="141.441361"><ele>59</ele></trkpt>
    <trkpt lat="42.979949" lon="141.441607"><ele>59</ele></trkpt>
    <trkpt lat="42.979954" lon="141.441853"><ele>59</ele></trkpt>
    <trkpt lat="42.979960" lon="141.442098"><ele>59</ele></trkpt>
    <trkpt lat="42.979955" lon="141.442344"><ele>60</ele></trkpt>
    <trkpt lat="42.979950" lon="141.442590"><ele>60</ele></trkpt>
    <trkpt lat="42.979947" lon="141.442836"><ele>60</ele></trkpt>
    <trkpt lat="42.979950" lon="141.443081"><ele>60</ele></trkpt>
    <trkpt lat="42.979955" lon="141.443327"><ele>60</ele></trkpt>
    <trkpt lat="42.979949" lon="141.443573"><ele>60</ele></trkpt>
    <trkpt lat="42.979945" lon="141.443819"><ele>60</ele></trkpt>
    <trkpt lat="42.979943" lon="141.444065"><ele>61</ele></trkpt>
    <trkpt lat="42.979943" lon="141.444310"><ele>61</ele></trkpt>
    <trkpt lat="42.979946" lon="141.444556"><ele>61</ele></trkpt>
    <trkpt lat="42.979943" lon="141.444802"><ele>61</ele></trkpt>
    <trkpt lat="42.979938" lon="141.445048"><ele>61</ele></trkpt>
    <trkpt lat="42.979941" lon="141.445294"><ele>61</ele></trkpt>
    <trkpt lat="42.979944" lon="141.445539"><ele>61</ele></trkpt>
    <trkpt lat="42.979941" lon="141.445785"><ele>62</ele></trkpt>
    <trkpt lat="42.979947" lon="141.446031"><ele>62</ele></trkpt>
    <trkpt lat="42.979943" lon="141.446277"><ele>62</ele></trkpt>
    <trkpt lat="42.979948" lon="141.446523"><ele>62</ele></trkpt>
    <trkpt lat="42.979942" lon="141.446768"><ele>62</ele></trkpt>
    <trkpt lat="42.979948" lon="141.447014"><ele>62</ele></trkpt>
    <trkpt lat="42.979944" lon="141.447260"><ele>62</ele></trkpt>
    <trkpt lat="42.979945" lon="141.447506"><ele>63</ele></trkpt>
    <trkpt lat="42.979940" lon="141.447751"><ele>63</ele></trkpt>
    <trkpt lat="42.979946" lon="141.447997"><ele>63</ele></trkpt>
    <trkpt lat="42.979944" lon="141.448243"><ele>63</ele></trkpt>
    <trkpt lat="42.979950" lon="141.448489"><ele>63</ele></trkpt>
    <trkpt lat="42.979945" lon="141.448734"><ele>63</ele></trkpt>
    <trkpt lat="42.979951" lon="141.448980"><ele>63</ele></trkpt>
    <trkpt lat="42.979956" lon="141.449226"><ele>64</ele></trkpt>
    <trkpt lat="42.979955" lon="141.449472"><ele>64</ele></trkpt>
    <trkpt lat="42.979957" lon="141.449718"><ele>64</ele></trkpt>
    <trkpt lat="42.979952" lon="141.449963"><ele>64</ele></trkpt>
    <trkpt lat="42.979952" lon="141.450209"><ele>64</ele></trkpt>
    <trkpt lat="42.979954" lon="141.450455"><ele>64</ele></trkpt>
    <trkpt lat="42.979949" lon="141.450701"><ele>64</ele></trkpt>
    <trkpt lat="42.979955" lon="141.450947"><ele>65</ele></trkpt>
    <trkpt lat="42.979958" lon="141.451192"><ele>65</ele></trkpt>
    <trkpt lat="42.979783" lon="141.451135"><ele>65</ele></trkpt>
    <trkpt lat="42.979611" lon="141.451063"><ele>65</ele></trkpt>
    <trkpt lat="42.979436" lon="141.451006"><ele>65</ele></trkpt>
    <trkpt lat="42.979264" lon="141.450935"><ele>65</ele></trkpt>
    <trkpt lat="42.979090" lon="141.450873"><ele>65</ele></trkpt>
    <trkpt lat="42.978915" lon="141.450815"><ele>66</ele></trkpt>
    <trkpt lat="42.978740" lon="141.450758"><ele>66</ele></trkpt>
    <trkpt lat="42.978567" lon="141.450689"><ele>66</ele></trkpt>
    <trkpt lat="42.978393" lon="141.450630"><ele>66</ele></trkpt>
    <trkpt lat="42.978218" lon="141.450572"><ele>66</ele></trkpt>
    <trkpt lat="42.978043" lon="141.450512"><ele>66</ele></trkpt>
    <trkpt lat="42.977871" lon="141.450441"><ele>66</ele></trkpt>
    <trkpt lat="42.977699" lon="141.450368"><ele>67</ele></trkpt>
    <trkpt lat="42.977525" lon="141.450308"><ele>67</ele></trkpt>
    <trkpt lat="42.977351" lon="141.450248"><ele>67</ele></trkpt>
    <trkpt lat="42.977178" lon="141.450179"><ele>67</ele></trkpt>
    <trkpt lat="42.977004" lon="141.450118"><ele>67</ele></trkpt>
    <trkpt lat="42.976830" lon="141.450055"><ele>67</ele></trkpt>
    <trkpt lat="42.976656" lon="141.449994"><ele>67</ele></trkpt>
    <trkpt lat="42.976481" lon="141.449933"><ele>68</ele></trkpt>
    <trkpt lat="42.976309" lon="141.449863"><ele>68</ele></trkpt>
    <trkpt lat="42.976137" lon="141.449793"><ele>68</ele></trkpt>
    <trkpt lat="42.975963" lon="141.449731"><ele>68</ele></trkpt>
    <trkpt lat="42.975788" lon="141.449671"><ele>68</ele></trkpt>
    <trkpt lat="42.975614" lon="141.449612"><ele>68</ele></trkpt>
    <trkpt lat="42.975439" lon="141.449551"><ele>68</ele></trkpt>
    <trkpt lat="42.975268" lon="141.449478"><ele>69</ele></trkpt>
    <trkpt lat="42.975094" lon="141.449412"><ele>69</ele></trkpt>
    <trkpt lat="42.974920" lon="141.449352"><ele>69</ele></trkpt>
    <trkpt lat="42.974747" lon="141.449284"><ele>69</ele></trkpt>
    <trkpt lat="42.974574" lon="141.449219"><ele>69</ele></trkpt>
    <trkpt lat="42.974402" lon="141.449146"><ele>69</ele></trkpt>
    <trkpt lat="42.974227" lon="141.449086"><ele>69</ele></trkpt>
    <trkpt lat="42.974054" lon="141.449021"><ele>70</ele></trkpt>
    <trkpt lat="42.973882" lon="141.448950"><ele>70</ele></trkpt>
    <trkpt lat="42.973709" lon="141.448883"><ele>70</ele></trkpt>
    <trkpt lat="42.973536" lon="141.448813"><ele>70</ele></trkpt>
    <trkpt lat="42.973362" lon="141.448753"><ele>70</ele></trkpt>
    <trkpt lat="42.973190" lon="141.448681"><ele>70</ele></trkpt>
    <trkpt lat="42.973017" lon="141.448612"><ele>70</ele></trkpt>
    <trkpt lat="42.972844" lon="141.448547"><ele>71</ele></trkpt>
    <trkpt lat="42.972669" lon="141.448488"><ele>71</ele></trkpt>
    <trkpt lat="42.972495" lon="141.448426"><ele>71</ele></trkpt>
    <trkpt lat="42.972320" lon="141.448368"><ele>71</ele></trkpt>
    <trkpt lat="42.972146" lon="141.448309"><ele>71</ele></trkpt>
    <trkpt lat="42.971972" lon="141.448243"><ele>71</ele></trkpt>
    <trkpt lat="42.971798" lon="141.448185"><ele>71</ele></trkpt>
    <trkpt lat="42.971624" lon="141.448123"><ele>72</ele></trkpt>
    <trkpt lat="42.971450" lon="141.448061"><ele>72</ele></trkpt>
    <trkpt lat="42.971276" lon="141.447996"><ele>72</ele></trkpt>
    <trkpt lat="42.971104" lon="141.447926"><ele>72</ele></trkpt>
    <trkpt lat="42.970932" lon="141.447855"><ele>72</ele></trkpt>
    <trkpt lat="42.970757" lon="141.447794"><ele>72</ele></trkpt>
    <trkpt lat="42.970585" lon="141.447724"><ele>72</ele></trkpt>
    <trkpt lat="42.970412" lon="141.447657"><ele>73</ele></trkpt>
    <trkpt lat="42.970240" lon="141.447585"><ele>73</ele></trkpt>
    <trkpt lat="42.970067" lon="141.447516"><ele>73</ele></trkpt>
    <trkpt lat="42.969893" lon="141.447456"><ele>73</ele></trkpt>
    <trkpt lat="42.969720" lon="141.447387"><ele>73</ele></trkpt>
    <trkpt lat="42.969547" lon="141.447319"><ele>73</ele></trkpt>
    <trkpt lat="42.969373" lon="141.447259"><ele>73</ele></trkpt>
    <trkpt lat="42.969201" lon="141.447188"><ele>74</ele></trkpt>
    <trkpt lat="42.969029" lon="141.447117"><ele>74</ele></trkpt>
    <trkpt lat="42.968854" lon="141.447055"><ele>74</ele></trkpt>
    <trkpt lat="42.968682" lon="141.446983"><ele>74</ele></trkpt>
    <trkpt lat="42.968509" lon="141.446917"><ele>74</ele></trkpt>
    <trkpt lat="42.968334" lon="141.446860"><ele>74</ele></trkpt>
    <trkpt lat="42.968160" lon="141.446801"><ele>74</ele></trkpt>
    <trkpt lat="42.967986" lon="141.446735"><ele>75</ele></trkpt>
    <trkpt lat="42.967813" lon="141.446669"><ele>75</ele></trkpt>
    <trkpt lat="42.967641" lon="141.446598"><ele>75</ele></trkpt>
    <trkpt lat="42.967469" lon="141.446526"><ele>75</ele></trkpt>
    <trkpt lat="42.967295" lon="141.446464"><ele>75</ele></trkpt>
    <trkpt lat="42.967120" lon="141.446405"><ele>75</ele></trkpt>
    <trkpt lat="42.966948" lon="141.446334"><ele>75</ele></trkpt>
    <trkpt lat="42.966774" lon="141.446274"><ele>76</ele></trkpt>
    <trkpt lat="42.966600" lon="141.446209"><ele>76</ele></trkpt>
    <trkpt lat="42.966428" lon="141.446138"><ele>76</ele></trkpt>
    <trkpt lat="42.966255" lon="141.446073"><ele>76</ele></trkpt>
    <trkpt lat="42.966080" lon="141.446013"><ele>76</ele></trkpt>
    <trkpt lat="42.965908" lon="141.445943"><ele>76</ele></trkpt>
    <trkpt lat="42.965733" lon="141.445884"><ele>76</ele></trkpt>
    <trkpt lat="42.965561" lon="141.445811"><ele>76</ele></trkpt>
    <trkpt lat="42.965387" lon="141.445748"><ele>77</ele></trkpt>
    <trkpt lat="42.965215" lon="141.445677"><ele>77</ele></trkpt>
    <trkpt lat="42.965041" lon="141.445615"><ele>77</ele></trkpt>
    <trkpt lat="42.964867" lon="141.445556"><ele>77</ele></trkpt>
    <trkpt lat="42.964694" lon="141.445488"><ele>77</ele></trkpt>
    <trkpt lat="42.964520" lon="141.445426"><ele>77</ele></trkpt>
    <trkpt lat="42.964345" lon="141.445368"><ele>77</ele></trkpt>
    <trkpt lat="42.964172" lon="141.445301"><ele>78</ele></trkpt>
    <trkpt lat="42.963999" lon="141.445235"><ele>78</ele></trkpt>
    <trkpt lat="42.963826" lon="141.445165"><ele>78</ele></trkpt>
    <trkpt lat="42.963652" lon="141.445106"><ele>78</ele></trkpt>
    <trkpt lat="42.963477" lon="141.445045"><ele>78</ele></trkpt>
    <trkpt lat="42.963303" lon="141.444984"><ele>78</ele></trkpt>
    <trkpt lat="42.963130" lon="141.444917"><ele>78</ele></trkpt>
    <trkpt lat="42.962958" lon="141.444847"><ele>79</ele></trkpt>
    <trkpt lat="42.962784" lon="141.444785"><ele>79</ele></trkpt>
    <trkpt lat="42.962609" lon="141.444724"><ele>79</ele></trkpt>
    <trkpt lat="42.962437" lon="141.444655"><ele>79</ele></trkpt>
    <trkpt lat="42.962262" lon="141.444596"><ele>79</ele></trkpt>
    <trkpt lat="42.962172" lon="141.444808"><ele>79</ele></trkpt>
    <trkpt lat="42.962077" lon="141.445017"><ele>79</ele></trkpt>
    <trkpt lat="42.961990" lon="141.445232"><ele>80</ele></trkpt>
    <trkpt lat="42.961903" lon="141.445447"><ele>80</ele></trkpt>
    <trkpt lat="42.961807" lon="141.445655"><ele>80</ele></trkpt>
    <trkpt lat="42.961716" lon="141.445867"><ele>80</ele></trkpt>
    <trkpt lat="42.961629" lon="141.446082"><ele>80</ele></trkpt>
    <trkpt lat="42.961540" lon="141.446296"><ele>80</ele></trkpt>
    <trkpt lat="42.961453" lon="141.446511"><ele>80</ele></trkpt>
    <trkpt lat="42.961363" lon="141.446724"><ele>81</ele></trkpt>
    <trkpt lat="42.961276" lon="141.446939"><ele>81</ele></trkpt>
    <trkpt lat="42.961186" lon="141.447152"><ele>81</ele></trkpt>
    <trkpt lat="42.961100" lon="141.447368"><ele>81</ele></trkpt>
    <trkpt lat="42.961005" lon="141.447576"><ele>81</ele></trkpt>
    <trkpt lat="42.960913" lon="141.447787"><ele>81</ele></trkpt>
    <trkpt lat="42.960827" lon="141.448003"><ele>81</ele></trkpt>
    <trkpt lat="42.960739" lon="141.448218"><ele>81</ele></trkpt>
    <trkpt lat="42.960652" lon="141.448433"><ele>82</ele></trkpt>
    <trkpt lat="42.960563" lon="141.448647"><ele>82</ele></trkpt>
    <trkpt lat="42.960472" lon="141.448859"><ele>82</ele></trkpt>
    <trkpt lat="42.960380" lon="141.449070"><ele>82</ele></trkpt>
    <trkpt lat="42.960285" lon="141.449279"><ele>82</ele></trkpt>
    <trkpt lat="42.960196" lon="141.449492"><ele>82</ele></trkpt>
    <trkpt lat="42.960105" lon="141.449704"><ele>82</ele></trkpt>
    <trkpt lat="42.960015" lon="141.449916"><ele>83</ele></trkpt>
    <trkpt lat="42.959929" lon="141.450132"><ele>83</ele></trkpt>
    <trkpt lat="42.959840" lon="141.450346"><ele>83</ele></trkpt>
    <trkpt lat="42.959745" lon="141.450555"><ele>83</ele></trkpt>
    <trkpt lat="42.959655" lon="141.450768"><ele>83</ele></trkpt>
    <trkpt lat="42.959570" lon="141.450984"><ele>83</ele></trkpt>
    <trkpt lat="42.959477" lon="141.451194"><ele>83</ele></trkpt>
    <trkpt lat="42.959381" lon="141.451402"><ele>84</ele></trkpt>
    <trkpt lat="42.959291" lon="141.451615"><ele>84</ele></trkpt>
    <trkpt lat="42.959202" lon="141.451829"><ele>84</ele></trkpt>
    <trkpt lat="42.959115" lon="141.452044"><ele>84</ele></trkpt>
    <trkpt lat="42.959025" lon="141.452257"><ele>84</ele></trkpt>
    <trkpt lat="42.958934" lon="141.452469"><ele>84</ele></trkpt>
    <trkpt lat="42.958841" lon="141.452679"><ele>84</ele></trkpt>
    <trkpt lat="42.958753" lon="141.452894"><ele>84</ele></trkpt>
    <trkpt lat="42.958657" lon="141.453101"><ele>85</ele></trkpt>
    <trkpt lat="42.958565" lon="141.453312"><ele>85</ele></trkpt>
    <trkpt lat="42.958472" lon="141.453523"><ele>85</ele></trkpt>
    <trkpt lat="42.958382" lon="141.453736"><ele>85</ele></trkpt>
    <trkpt lat="42.958289" lon="141.453946"><ele>85</ele></trkpt>
    <trkpt lat="42.958199" lon="141.454159"><ele>85</ele></trkpt>
    <trkpt lat="42.958104" lon="141.454368"><ele>85</ele></trkpt>
    <trkpt lat="42.958011" lon="141.454578"><ele>86</ele></trkpt>
    <trkpt lat="42.957916" lon="141.454786"><ele>86</ele></trkpt>
    <trkpt lat="42.957822" lon="141.454996"><ele>86</ele></trkpt>
    <trkpt lat="42.957727" lon="141.455205"><ele>86</ele></trkpt>
    <trkpt lat="42.957635" lon="141.455415"><ele>86</ele></trkpt>
    <trkpt lat="42.957546" lon="141.455630"><ele>86</ele></trkpt>
    <trkpt lat="42.957456" lon="141.455842"><ele>86</ele></trkpt>
    <trkpt lat="42.957366" lon="141.456055"><ele>87</ele></trkpt>
    <trkpt lat="42.957276" lon="141.456267"><ele>87</ele></trkpt>
    <trkpt lat="42.957187" lon="141.456482"><ele>87</ele></trkpt>
    <trkpt lat="42.957102" lon="141.456698"><ele>87</ele></trkpt>
    <trkpt lat="42.957009" lon="141.456909"><ele>87</ele></trkpt>
    <trkpt lat="42.956920" lon="141.457122"><ele>87</ele></trkpt>
    <trkpt lat="42.956832" lon="141.457336"><ele>87</ele></trkpt>
    <trkpt lat="42.956739" lon="141.457546"><ele>87</ele></trkpt>
    <trkpt lat="42.956644" lon="141.457755"><ele>88</ele></trkpt>
    <trkpt lat="42.956549" lon="141.457964"><ele>88</ele></trkpt>
    <trkpt lat="42.956459" lon="141.458177"><ele>88</ele></trkpt>
    <trkpt lat="42.956372" lon="141.458392"><ele>88</ele></trkpt>
    <trkpt lat="42.956285" lon="141.458607"><ele>88</ele></trkpt>
    <trkpt lat="42.956196" lon="141.458820"><ele>88</ele></trkpt>
    <trkpt lat="42.956104" lon="141.459032"><ele>88</ele></trkpt>
    <trkpt lat="42.956012" lon="141.459243"><ele>89</ele></trkpt>
    <trkpt lat="42.955920" lon="141.459454"><ele>89</ele></trkpt>
    <trkpt lat="42.955828" lon="141.459665"><ele>89</ele></trkpt>
    <trkpt lat="42.955741" lon="141.459880"><ele>89</ele></trkpt>
    <trkpt lat="42.955645" lon="141.460088"><ele>89</ele></trkpt>
    <trkpt lat="42.955550" lon="141.460297"><ele>89</ele></trkpt>
    <trkpt lat="42.955457" lon="141.460507"><ele>89</ele></trkpt>
    <trkpt lat="42.955369" lon="141.460722"><ele>90</ele></trkpt>
    <trkpt lat="42.955283" lon="141.460937"><ele>90</ele></trkpt>
    <trkpt lat="42.955188" lon="141.461146"><ele>90</ele></trkpt>
    <trkpt lat="42.955092" lon="141.461354"><ele>90</ele></trkpt>
    <trkpt lat="42.955004" lon="141.461568"><ele>90</ele></trkpt>
    <trkpt lat="42.954918" lon="141.461784"><ele>90</ele></trkpt>
    <trkpt lat="42.954829" lon="141.461997"><ele>90</ele></trkpt>
    <trkpt lat="42.954737" lon="141.462209"><ele>90</ele></trkpt>
    <trkpt lat="42.954647" lon="141.462421"><ele>91</ele></trkpt>
    <trkpt lat="42.954558" lon="141.462635"><ele>91</ele></trkpt>
    <trkpt lat="42.954467" lon="141.462847"><ele>91</ele></trkpt>
    <trkpt lat="42.954377" lon="141.463060"><ele>91</ele></trkpt>
    <trkpt lat="42.954283" lon="141.463269"><ele>91</ele></trkpt>
    <trkpt lat="42.954195" lon="141.463483"><ele>91</ele></trkpt>
    <trkpt lat="42.954099" lon="141.463692"><ele>91</ele></trkpt>
    <trkpt lat="42.954005" lon="141.463901"><ele>92</ele></trkpt>
    <trkpt lat="42.953910" lon="141.464110"><ele>92</ele></trkpt>
    <trkpt lat="42.953817" lon="141.464320"><ele>92</ele></trkpt>
    <trkpt lat="42.953731" lon="141.464536"><ele>92</ele></trkpt>
    <trkpt lat="42.953641" lon="141.464749"><ele>92</ele></trkpt>
    <trkpt lat="42.953556" lon="141.464965"><ele>92</ele></trkpt>
    <trkpt lat="42.953463" lon="141.465176"><ele>92</ele></trkpt>
    <trkpt lat="42.953367" lon="141.465384"><ele>92</ele></trkpt>
    <trkpt lat="42.953280" lon="141.465598"><ele>93</ele></trkpt>
    <trkpt lat="42.953192" lon="141.465813"><ele>93</ele></trkpt>
    <trkpt lat="42.953098" lon="141.466022"><ele>93</ele></trkpt>
    <trkpt lat="42.953241" lon="141.466171"><ele>93</ele></trkpt>
    <trkpt lat="42.953380" lon="141.466327"><ele>93</ele></trkpt>
    <trkpt lat="42.953524" lon="141.466474"><ele>93</ele></trkpt>
    <trkpt lat="42.953667" lon="141.466624"><ele>93</ele></trkpt>
    <trkpt lat="42.953810" lon="141.466773"><ele>94</ele></trkpt>
    <trkpt lat="42.953955" lon="141.466917"><ele>94</ele></trkpt>
    <trkpt lat="42.954098" lon="141.467067"><ele>94</ele></trkpt>
    <trkpt lat="42.954240" lon="141.467217"><ele>94</ele></trkpt>
    <trkpt lat="42.954385" lon="141.467363"><ele>94</ele></trkpt>
    <trkpt lat="42.954527" lon="141.467515"><ele>94</ele></trkpt>
    <trkpt lat="42.954665" lon="141.467671"><ele>94</ele></trkpt>
    <trkpt lat="42.954804" lon="141.467828"><ele>94</ele></trkpt>
    <trkpt lat="42.954945" lon="141.467980"><ele>95</ele></trkpt>
    <trkpt lat="42.955083" lon="141.468137"><ele>95</ele></trkpt>
    <trkpt lat="42.955224" lon="141.468291"><ele>95</ele></trkpt>
    <trkpt lat="42.955366" lon="141.468441"><ele>95</ele></trkpt>
    <trkpt lat="42.955504" lon="141.468599"><ele>95</ele></trkpt>
    <trkpt lat="42.955643" lon="141.468754"><ele>95</ele></trkpt>
    <trkpt lat="42.955785" lon="141.468905"><ele>95</ele></trkpt>
    <trkpt lat="42.955929" lon="141.469053"><ele>96</ele></trkpt>
    <trkpt lat="42.956074" lon="141.469198"><ele>96</ele></trkpt>
    <trkpt lat="42.956215" lon="141.469351"><ele>96</ele></trkpt>
    <trkpt lat="42.956355" lon="141.469505"><ele>96</ele></trkpt>
    <trkpt lat="42.956494" lon="141.469661"><ele>96</ele></trkpt>
    <trkpt lat="42.956640" lon="141.469806"><ele>96</ele></trkpt>
    <trkpt lat="42.956783" lon="141.469954"><ele>96</ele></trkpt>
    <trkpt lat="42.956924" lon="141.470106"><ele>96</ele></trkpt>
    <trkpt lat="42.957065" lon="141.470259"><ele>97</ele></trkpt>
    <trkpt lat="42.957205" lon="141.470414"><ele>97</ele></trkpt>
    <trkpt lat="42.957347" lon="141.470565"><ele>97</ele></trkpt>
    <trkpt lat="42.957488" lon="141.470717"><ele>97</ele></trkpt>
    <trkpt lat="42.957629" lon="141.470869"><ele>97</ele></trkpt>
    <trkpt lat="42.957774" lon="141.471015"><ele>97</ele></trkpt>
    <trkpt lat="42.957918" lon="141.471161"><ele>97</ele></trkpt>
    <trkpt lat="42.958062" lon="141.471310"><ele>97</ele></trkpt>
    <trkpt lat="42.958200" lon="141.471466"><ele>98</ele></trkpt>
    <trkpt lat="42.958341" lon="141.471619"><ele>98</ele></trkpt>
    <trkpt lat="42.958482" lon="141.471772"><ele>98</ele></trkpt>
    <trkpt lat="42.958627" lon="141.471918"><ele>98</ele></trkpt>
    <trkpt lat="42.958769" lon="141.472069"><ele>98</ele></trkpt>
    <trkpt lat="42.958912" lon="141.472218"><ele>98</ele></trkpt>
    <trkpt lat="42.959057" lon="141.472363"><ele>98</ele></trkpt>
    <trkpt lat="42.959196" lon="141.472519"><ele>99</ele></trkpt>
    <trkpt lat="42.959340" lon="141.472667"><ele>99</ele></trkpt>
    <trkpt lat="42.959483" lon="141.472816"><ele>99</ele></trkpt>
    <trkpt lat="42.959622" lon="141.472972"><ele>99</ele></trkpt>
    <trkpt lat="42.959765" lon="141.473121"><ele>99</ele></trkpt>
    <trkpt lat="42.959904" lon="141.473277"><ele>99</ele></trkpt>
    <trkpt lat="42.960044" lon="141.473431"><ele>99</ele></trkpt>
    <trkpt lat="42.960185" lon="141.473584"><ele>99</ele></trkpt>
    <trkpt lat="42.960323" lon="141.473741"><ele>100</ele></trkpt>
    <trkpt lat="42.960466" lon="141.473889"><ele>100</ele></trkpt>
    <trkpt lat="42.960605" lon="141.474046"><ele>100</ele></trkpt>
    <trkpt lat="42.960744" lon="141.474202"><ele>100</ele></trkpt>
    <trkpt lat="42.960887" lon="141.474350"><ele>100</ele></trkpt>
    <trkpt lat="42.961032" lon="141.474496"><ele>100</ele></trkpt>
    <trkpt lat="42.961172" lon="141.474651"><ele>100</ele></trkpt>
    <trkpt lat="42.961316" lon="141.474798"><ele>100</ele></trkpt>
    <trkpt lat="42.961460" lon="141.474945"><ele>101</ele></trkpt>
    <trkpt lat="42.961600" lon="141.475099"><ele>101</ele></trkpt>
    <trkpt lat="42.961741" lon="141.475253"><ele>101</ele></trkpt>
    <trkpt lat="42.961886" lon="141.475398"><ele>101</ele></trkpt>
    <trkpt lat="42.962028" lon="141.475548"><ele>101</ele></trkpt>
    <trkpt lat="42.962171" lon="141.475697"><ele>101</ele></trkpt>
    <trkpt lat="42.962311" lon="141.475851"><ele>101</ele></trkpt>
    <trkpt lat="42.962454" lon="141.476000"><ele>102</ele></trkpt>
    <trkpt lat="42.962595" lon="141.476154"><ele>102</ele></trkpt>
    <trkpt lat="42.962738" lon="141.476302"><ele>102</ele></trkpt>
    <trkpt lat="42.962880" lon="141.476454"><ele>102</ele></trkpt>
    <trkpt lat="42.963025" lon="141.476599"><ele>102</ele></trkpt>
    <trkpt lat="42.963165" lon="141.476754"><ele>102</ele></trkpt>
    <trkpt lat="42.963305" lon="141.476907"><ele>102</ele></trkpt>
    <trkpt lat="42.963448" lon="141.477055"><ele>102</ele></trkpt>
    <trkpt lat="42.963587" lon="141.477212"><ele>103</ele></trkpt>
    <trkpt lat="42.963732" lon="141.477358"><ele>103</ele></trkpt>
    <trkpt lat="42.963877" lon="141.477503"><ele>103</ele></trkpt>
    <trkpt lat="42.964022" lon="141.477648"><ele>103</ele></trkpt>
    <trkpt lat="42.964164" lon="141.477799"><ele>103</ele></trkpt>
    <trkpt lat="42.964303" lon="141.477956"><ele>103</ele></trkpt>
    <trkpt lat="42.964441" lon="141.478113"><ele>103</ele></trkpt>
    <trkpt lat="42.964584" lon="141.478261"><ele>103</ele></trkpt>
    <trkpt lat="42.964724" lon="141.478417"><ele>104</ele></trkpt>
    <trkpt lat="42.964865" lon="141.478570"><ele>104</ele></trkpt>
    <trkpt lat="42.965005" lon="141.478724"><ele>104</ele></trkpt>
    <trkpt lat="42.965150" lon="141.478869"><ele>104</ele></trkpt>
    <trkpt lat="42.965292" lon="141.479020"><ele>104</ele></trkpt>
    <trkpt lat="42.965437" lon="141.479166"><ele>104</ele></trkpt>
    <trkpt lat="42.965581" lon="141.479312"><ele>104</ele></trkpt>
    <trkpt lat="42.965723" lon="141.479463"><ele>104</ele></trkpt>
    <trkpt lat="42.965861" lon="141.479620"><ele>105</ele></trkpt>
    <trkpt lat="42.966004" lon="141.479770"><ele>105</ele></trkpt>
    <trkpt lat="42.966145" lon="141.479922"><ele>105</ele></trkpt>
    <trkpt lat="42.966284" lon="141.480079"><ele>105</ele></trkpt>
    <trkpt lat="42.966428" lon="141.480225"><ele>105</ele></trkpt>
    <trkpt lat="42.966571" lon="141.480375"><ele>105</ele></trkpt>
    <trkpt lat="42.966714" lon="141.480523"><ele>105</ele></trkpt>
    <trkpt lat="42.966859" lon="141.480670"><ele>105</ele></trkpt>
    <trkpt lat="42.966998" lon="141.480825"><ele>106</ele></trkpt>
    <trkpt lat="42.967142" lon="141.480972"><ele>106</ele></trkpt>
    <trkpt lat="42.967286" lon="141.481120"><ele>106</ele></trkpt>
    <trkpt lat="42.967429" lon="141.481270"><ele>106</ele></trkpt>
    <trkpt lat="42.967573" lon="141.481417"><ele>106</ele></trkpt>
    <trkpt lat="42.967714" lon="141.481569"><ele>106</ele></trkpt>
    <trkpt lat="42.967852" lon="141.481726"><ele>106</ele></trkpt>
    <trkpt lat="42.967990" lon="141.481883"><ele>107</ele></trkpt>
    <trkpt lat="42.968131" lon="141.482037"><ele>107</ele></trkpt>
    <trkpt lat="42.968273" lon="141.482188"><ele>107</ele></trkpt>
    <trkpt lat="42.968413" lon="141.482342"><ele>107</ele></trkpt>
    <trkpt lat="42.968553" lon="141.482496"><ele>107</ele></trkpt>
    <trkpt lat="42.968693" lon="141.482651"><ele>107</ele></trkpt>
    <trkpt lat="42.968832" lon="141.482807"><ele>107</ele></trkpt>
    <trkpt lat="42.968976" lon="141.482955"><ele>107</ele></trkpt>
    <trkpt lat="42.969117" lon="141.483107"><ele>108</ele></trkpt>
    <trkpt lat="42.969261" lon="141.483254"><ele>108</ele></trkpt>
    <trkpt lat="42.969405" lon="141.483401"><ele>108</ele></trkpt>
    <trkpt lat="42.969548" lon="141.483549"><ele>108</ele></trkpt>
    <trkpt lat="42.969688" lon="141.483704"><ele>108</ele></trkpt>
    <trkpt lat="42.969830" lon="141.483855"><ele>108</ele></trkpt>
    <trkpt lat="42.969969" lon="141.484012"><ele>108</ele></trkpt>
    <trkpt lat="42.970113" lon="141.484158"><ele>108</ele></trkpt>
    <trkpt lat="42.970256" lon="141.484308"><ele>109</ele></trkpt>
    <trkpt lat="42.970400" lon="141.484455"><ele>109</ele></trkpt>
    <trkpt lat="42.970540" lon="141.484609"><ele>109</ele></trkpt>
    <trkpt lat="42.970680" lon="141.484763"><ele>109</ele></trkpt>
    <trkpt lat="42.970821" lon="141.484916"><ele>109</ele></trkpt>
    <trkpt lat="42.970966" lon="141.485062"><ele>109</ele></trkpt>
    <trkpt lat="42.971107" lon="141.485214"><ele>109</ele></trkpt>
    <trkpt lat="42.971245" lon="141.485372"><ele>109</ele></trkpt>
    <trkpt lat="42.971384" lon="141.485529"><ele>110</ele></trkpt>
    <trkpt lat="42.971524" lon="141.485682"><ele>110</ele></trkpt>
    <trkpt lat="42.971665" lon="141.485835"><ele>110</ele></trkpt>
    <trkpt lat="42.971810" lon="141.485980"><ele>110</ele></trkpt>
    <trkpt lat="42.971950" lon="141.486134"><ele>110</ele></trkpt>
    <trkpt lat="42.972088" lon="141.486292"><ele>110</ele></trkpt>
    <trkpt lat="42.972233" lon="141.486437"><ele>110</ele></trkpt>
    <trkpt lat="42.972371" lon="141.486595"><ele>110</ele></trkpt>
    <trkpt lat="42.972513" lon="141.486747"><ele>111</ele></trkpt>
    <trkpt lat="42.972654" lon="141.486899"><ele>111</ele></trkpt>
    <trkpt lat="42.972795" lon="141.487051"><ele>111</ele></trkpt>
    <trkpt lat="42.972941" lon="141.487196"><ele>111</ele></trkpt>
    <trkpt lat="42.973085" lon="141.487342"><ele>111</ele></trkpt>
    <trkpt lat="42.973228" lon="141.487492"><ele>111</ele></trkpt>
    <trkpt lat="42.973366" lon="141.487650"><ele>111</ele></trkpt>
    <trkpt lat="42.973505" lon="141.487805"><ele>111</ele></trkpt>
    <trkpt lat="42.973649" lon="141.487954"><ele>112</ele></trkpt>
    <trkpt lat="42.973794" lon="141.488099"><ele>112</ele></trkpt>
    <trkpt lat="42.973933" lon="141.488254"><ele>112</ele></trkpt>
    <trkpt lat="42.974071" lon="141.488412"><ele>112</ele></trkpt>
    <trkpt lat="42.974213" lon="141.488563"><ele>112</ele></trkpt>
    <trkpt lat="42.974354" lon="141.488715"><ele>112</ele></trkpt>
    <trkpt lat="42.974498" lon="141.488863"><ele>112</ele></trkpt>
    <trkpt lat="42.974637" lon="141.489019"><ele>112</ele></trkpt>
    <trkpt lat="42.974779" lon="141.489169"><ele>113</ele></trkpt>
    <trkpt lat="42.974924" lon="141.489315"><ele>113</ele></trkpt>
    <trkpt lat="42.975069" lon="141.489461"><ele>113</ele></trkpt>
    <trkpt lat="42.975209" lon="141.489615"><ele>113</ele></trkpt>
    <trkpt lat="42.975354" lon="141.489760"><ele>113</ele></trkpt>
    <trkpt lat="42.975498" lon="141.489908"><ele>113</ele></trkpt>
    <trkpt lat="42.975643" lon="141.490054"><ele>113</ele></trkpt>
    <trkpt lat="42.975787" lon="141.490201"><ele>113</ele></trkpt>
    <trkpt lat="42.975931" lon="141.490348"><ele>113</ele></trkpt>
    <trkpt lat="42.976071" lon="141.490503"><ele>114</ele></trkpt>
    <trkpt lat="42.975986" lon="141.490720"><ele>114</ele></trkpt>
    <trkpt lat="42.975892" lon="141.490929"><ele>114</ele></trkpt>
    <trkpt lat="42.975801" lon="141.491141"><ele>114</ele></trkpt>
    <trkpt lat="42.975708" lon="141.491351"><ele>114</ele></trkpt>
    <trkpt lat="42.975615" lon="141.491562"><ele>114</ele></trkpt>
    <trkpt lat="42.975522" lon="141.491773"><ele>114</ele></trkpt>
    <trkpt lat="42.975431" lon="141.491985"><ele>114</ele></trkpt>
    <trkpt lat="42.975337" lon="141.492194"><ele>115</ele></trkpt>
    <trkpt lat="42.975247" lon="141.492407"><ele>115</ele></trkpt>
    <trkpt lat="42.975156" lon="141.492619"><ele>115</ele></trkpt>
    <trkpt lat="42.975061" lon="141.492828"><ele>115</ele></trkpt>
    <trkpt lat="42.974968" lon="141.493038"><ele>115</ele></trkpt>
    <trkpt lat="42.974876" lon="141.493249"><ele>115</ele></trkpt>
    <trkpt lat="42.974790" lon="141.493465"><ele>115</ele></trkpt>
    <trkpt lat="42.974699" lon="141.493678"><ele>115</ele></trkpt>
    <trkpt lat="42.974609" lon="141.493890"><ele>116</ele></trkpt>
    <trkpt lat="42.974520" lon="141.494104"><ele>116</ele></trkpt>
    <trkpt lat="42.974433" lon="141.494319"><ele>116</ele></trkpt>
    <trkpt lat="42.974349" lon="141.494536"><ele>116</ele></trkpt>
    <trkpt lat="42.974260" lon="141.494750"><ele>116</ele></trkpt>
    <trkpt lat="42.974174" lon="141.494966"><ele>116</ele></trkpt>
    <trkpt lat="42.974084" lon="141.495179"><ele>116</ele></trkpt>
    <trkpt lat="42.973993" lon="141.495391"><ele>116</ele></trkpt>
    <trkpt lat="42.973905" lon="141.495605"><ele>117</ele></trkpt>
    <trkpt lat="42.973817" lon="141.495819"><ele>117</ele></trkpt>
    <trkpt lat="42.973730" lon="141.496035"><ele>117</ele></trkpt>
    <trkpt lat="42.973637" lon="141.496245"><ele>117</ele></trkpt>
    <trkpt lat="42.973552" lon="141.496462"><ele>117</ele></trkpt>
    <trkpt lat="42.973463" lon="141.496675"><ele>117</ele></trkpt>
    <trkpt lat="42.973376" lon="141.496890"><ele>117</ele></trkpt>
    <trkpt lat="42.973284" lon="141.497101"><ele>117</ele></trkpt>
    <trkpt lat="42.973194" lon="141.497314"><ele>117</ele></trkpt>
    <trkpt lat="42.973099" lon="141.497523"><ele>118</ele></trkpt>
    <trkpt lat="42.973006" lon="141.497733"><ele>118</ele></trkpt>
    <trkpt lat="42.972912" lon="141.497943"><ele>118</ele></trkpt>
    <trkpt lat="42.972821" lon="141.498155"><ele>118</ele></trkpt>
    <trkpt lat="42.972735" lon="141.498371"><ele>118</ele></trkpt>
    <trkpt lat="42.972647" lon="141.498585"><ele>118</ele></trkpt>
    <trkpt lat="42.972560" lon="141.498801"><ele>118</ele></trkpt>
    <trkpt lat="42.972476" lon="141.499018"><ele>118</ele></trkpt>
    <trkpt lat="42.972386" lon="141.499231"><ele>119</ele></trkpt>
    <trkpt lat="42.972299" lon="141.499446"><ele>119</ele></trkpt>
    <trkpt lat="42.972205" lon="141.499656"><ele>119</ele></trkpt>
    <trkpt lat="42.972119" lon="141.499871"><ele>119</ele></trkpt>
    <trkpt lat="42.972024" lon="141.500080"><ele>119</ele></trkpt>
    <trkpt lat="42.971931" lon="141.500290"><ele>119</ele></trkpt>
    <trkpt lat="42.971839" lon="141.500502"><ele>119</ele></trkpt>
    <trkpt lat="42.971748" lon="141.500714"><ele>119</ele></trkpt>
    <trkpt lat="42.971657" lon="141.500926"><ele>120</ele></trkpt>
    <trkpt lat="42.971572" lon="141.501143"><ele>120</ele></trkpt>
    <trkpt lat="42.971486" lon="141.501359"><ele>120</ele></trkpt>
    <trkpt lat="42.971402" lon="141.501576"><ele>120</ele></trkpt>
    <trkpt lat="42.971310" lon="141.501787"><ele>120</ele></trkpt>
    <trkpt lat="42.971225" lon="141.502004"><ele>120</ele></trkpt>
    <trkpt lat="42.971140" lon="141.502221"><ele>120</ele></trkpt>
    <trkpt lat="42.971049" lon="141.502433"><ele>120</ele></trkpt>
    <trkpt lat="42.970963" lon="141.502648"><ele>120</ele></trkpt>
    <trkpt lat="42.970871" lon="141.502860"><ele>121</ele></trkpt>
    <trkpt lat="42.970783" lon="141.503074"><ele>121</ele></trkpt>
    <trkpt lat="42.970697" lon="141.503290"><ele>121</ele></trkpt>
    <trkpt lat="42.970610" lon="141.503505"><ele>121</ele></trkpt>
    <trkpt lat="42.970516" lon="141.503714"><ele>121</ele></trkpt>
    <trkpt lat="42.970425" lon="141.503927"><ele>121</ele></trkpt>
    <trkpt lat="42.970331" lon="141.504136"><ele>121</ele></trkpt>
    <trkpt lat="42.970240" lon="141.504348"><ele>121</ele></trkpt>
    <trkpt lat="42.970150" lon="141.504561"><ele>122</ele></trkpt>
    <trkpt lat="42.970056" lon="141.504771"><ele>122</ele></trkpt>
    <trkpt lat="42.969963" lon="141.504981"><ele>122</ele></trkpt>
    <trkpt lat="42.969875" lon="141.505196"><ele>122</ele></trkpt>
    <trkpt lat="42.969786" lon="141.505409"><ele>122</ele></trkpt>
    <trkpt lat="42.969694" lon="141.505620"><ele>122</ele></trkpt>
    <trkpt lat="42.969607" lon="141.505835"><ele>122</ele></trkpt>
    <trkpt lat="42.969521" lon="141.506051"><ele>122</ele></trkpt>
    <trkpt lat="42.969436" lon="141.506268"><ele>122</ele></trkpt>
    <trkpt lat="42.969342" lon="141.506477"><ele>123</ele></trkpt>
    <trkpt lat="42.969254" lon="141.506692"><ele>123</ele></trkpt>
    <trkpt lat="42.969163" lon="141.506904"><ele>123</ele></trkpt>
    <trkpt lat="42.969074" lon="141.507117"><ele>123</ele></trkpt>
    <trkpt lat="42.968989" lon="141.507334"><ele>123</ele></trkpt>
    <trkpt lat="42.968901" lon="141.507548"><ele>123</ele></trkpt>
    <trkpt lat="42.968811" lon="141.507761"><ele>123</ele></trkpt>
    <trkpt lat="42.968716" lon="141.507970"><ele>123</ele></trkpt>
    <trkpt lat="42.968631" lon="141.508186"><ele>124</ele></trkpt>
    <trkpt lat="42.968537" lon="141.508396"><ele>124</ele></trkpt>
    <trkpt lat="42.968452" lon="141.508613"><ele>124</ele></trkpt>
    <trkpt lat="42.968365" lon="141.508828"><ele>124</ele></trkpt>
    <trkpt lat="42.968272" lon="141.509038"><ele>124</ele></trkpt>
    <trkpt lat="42.968178" lon="141.509248"><ele>124</ele></trkpt>
    <trkpt lat="42.968089" lon="141.509462"><ele>124</ele></trkpt>
    <trkpt lat="42.967998" lon="141.509673"><ele>124</ele></trkpt>
    <trkpt lat="42.967909" lon="141.509887"><ele>124</ele></trkpt>
    <trkpt lat="42.967815" lon="141.510097"><ele>125</ele></trkpt>
    <trkpt lat="42.967731" lon="141.510314"><ele>125</ele></trkpt>
    <trkpt lat="42.967638" lon="141.510525"><ele>125</ele></trkpt>
    <trkpt lat="42.967546" lon="141.510736"><ele>125</ele></trkpt>
    <trkpt lat="42.967459" lon="141.510951"><ele>125</ele></trkpt>
    <trkpt lat="42.967372" lon="141.511166"><ele>125</ele></trkpt>
    <trkpt lat="42.967280" lon="141.511377"><ele>125</ele></trkpt>
    <trkpt lat="42.967196" lon="141.511595"><ele>125</ele></trkpt>
    <trkpt lat="42.967111" lon="141.511811"><ele>125</ele></trkpt>
    <trkpt lat="42.967027" lon="141.512029"><ele>126</ele></trkpt>
    <trkpt lat="42.966937" lon="141.512241"><ele>126</ele></trkpt>
    <trkpt lat="42.966848" lon="141.512455"><ele>126</ele></trkpt>
    <trkpt lat="42.966756" lon="141.512666"><ele>126</ele></trkpt>
    <trkpt lat="42.966665" lon="141.512878"><ele>126</ele></trkpt>
    <trkpt lat="42.966572" lon="141.513089"><ele>126</ele></trkpt>
    <trkpt lat="42.966485" lon="141.513303"><ele>126</ele></trkpt>
    <trkpt lat="42.966399" lon="141.513520"><ele>126</ele></trkpt>
    <trkpt lat="42.966306" lon="141.513730"><ele>127</ele></trkpt>
    <trkpt lat="42.966221" lon="141.513947"><ele>127</ele></trkpt>
    <trkpt lat="42.966128" lon="141.514157"><ele>127</ele></trkpt>
    <trkpt lat="42.966039" lon="141.514371"><ele>127</ele></trkpt>
    <trkpt lat="42.965953" lon="141.514587"><ele>127</ele></trkpt>
    <trkpt lat="42.965863" lon="141.514800"><ele>127</ele></trkpt>
    <trkpt lat="42.965771" lon="141.515010"><ele>127</ele></trkpt>
    <trkpt lat="42.965680" lon="141.515223"><ele>127</ele></trkpt>
    <trkpt lat="42.965596" lon="141.515440"><ele>127</ele></trkpt>
    <trkpt lat="42.965502" lon="141.515649"><ele>128</ele></trkpt>
    <trkpt lat="42.965407" lon="141.515858"><ele>128</ele></trkpt>
    <trkpt lat="42.965314" lon="141.516069"><ele>128</ele></trkpt>
    <trkpt lat="42.965223" lon="141.516280"><ele>128</ele></trkpt>
    <trkpt lat="42.965133" lon="141.516494"><ele>128</ele></trkpt>
    <trkpt lat="42.965042" lon="141.516706"><ele>128</ele></trkpt>
    <trkpt lat="42.964955" lon="141.516920"><ele>128</ele></trkpt>
    <trkpt lat="42.964865" lon="141.517133"><ele>128</ele></trkpt>
    <trkpt lat="42.964777" lon="141.517347"><ele>128</ele></trkpt>
    <trkpt lat="42.964690" lon="141.517563"><ele>129</ele></trkpt>
    <trkpt lat="42.964599" lon="141.517775"><ele>129</ele></trkpt>
    <trkpt lat="42.964509" lon="141.517988"><ele>129</ele></trkpt>
    <trkpt lat="42.964423" lon="141.518203"><ele>129</ele></trkpt>
    <trkpt lat="42.964329" lon="141.518413"><ele>129</ele></trkpt>
    <trkpt lat="42.964236" lon="141.518623"><ele>129</ele></trkpt>
    <trkpt lat="42.964151" lon="141.518840"><ele>129</ele></trkpt>
    <trkpt lat="42.964059" lon="141.519051"><ele>129</ele></trkpt>
    <trkpt lat="42.963973" lon="141.519267"><ele>129</ele></trkpt>
    <trkpt lat="42.963888" lon="141.519484"><ele>130</ele></trkpt>
    <trkpt lat="42.963801" lon="141.519699"><ele>130</ele></trkpt>
    <trkpt lat="42.963710" lon="141.519911"><ele>130</ele></trkpt>
    <trkpt lat="42.963617" lon="141.520122"><ele>130</ele></trkpt>
    <trkpt lat="42.963533" lon="141.520338"><ele>130</ele></trkpt>
    <trkpt lat="42.963445" lon="141.520553"><ele>130</ele></trkpt>
    <trkpt lat="42.963351" lon="141.520763"><ele>130</ele></trkpt>
    <trkpt lat="42.963259" lon="141.520973"><ele>130</ele></trkpt>
    <trkpt lat="42.963164" lon="141.521182"><ele>130</ele></trkpt>
    <trkpt lat="42.963078" lon="141.521398"><ele>131</ele></trkpt>
    <trkpt lat="42.962991" lon="141.521613"><ele>131</ele></trkpt>
    <trkpt lat="42.962901" lon="141.521826"><ele>131</ele></trkpt>
    <trkpt lat="42.962812" lon="141.522040"><ele>131</ele></trkpt>
    <trkpt lat="42.962727" lon="141.522257"><ele>131</ele></trkpt>
    <trkpt lat="42.962638" lon="141.522470"><ele>131</ele></trkpt>
    <trkpt lat="42.962548" lon="141.522683"><ele>131</ele></trkpt>
    <trkpt lat="42.962454" lon="141.522892"><ele>131</ele></trkpt>
    <trkpt lat="42.962364" lon="141.523105"><ele>131</ele></trkpt>
    <trkpt lat="42.962276" lon="141.523319"><ele>132</ele></trkpt>
    <trkpt lat="42.962190" lon="141.523535"><ele>132</ele></trkpt>
    <trkpt lat="42.962096" lon="141.523745"><ele>132</ele></trkpt>
    <trkpt lat="42.962003" lon="141.523956"><ele>132</ele></trkpt>
    <trkpt lat="42.961913" lon="141.524168"><ele>132</ele></trkpt>
    <trkpt lat="42.961829" lon="141.524385"><ele>132</ele></trkpt>
    <trkpt lat="42.961742" lon="141.524600"><ele>132</ele></trkpt>
    <trkpt lat="42.961655" lon="141.524816"><ele>132</ele></trkpt>
    <trkpt lat="42.961560" lon="141.525025"><ele>132</ele></trkpt>
    <trkpt lat="42.961473" lon="141.525240"><ele>133</ele></trkpt>
    <trkpt lat="42.961382" lon="141.525452"><ele>133</ele></trkpt>
    <trkpt lat="42.961294" lon="141.525666"><ele>133</ele></trkpt>
    <trkpt lat="42.961204" lon="141.525879"><ele>133</ele></trkpt>
    <trkpt lat="42.961110" lon="141.526089"><ele>133</ele></trkpt>
    <trkpt lat="42.961019" lon="141.526301"><ele>133</ele></trkpt>
    <trkpt lat="42.960932" lon="141.526516"><ele>133</ele></trkpt>
    <trkpt lat="42.960844" lon="141.526730"><ele>133</ele></trkpt>
    <trkpt lat="42.960752" lon="141.526941"><ele>133</ele></trkpt>
    <trkpt lat="42.960659" lon="141.527151"><ele>134</ele></trkpt>
    <trkpt lat="42.960568" lon="141.527364"><ele>134</ele></trkpt>
    <trkpt lat="42.960479" lon="141.527577"><ele>134</ele></trkpt>
    <trkpt lat="42.960387" lon="141.527788"><ele>134</ele></trkpt>
    <trkpt lat="42.960296" lon="141.528000"><ele>134</ele></trkpt>
    <trkpt lat="42.960206" lon="141.528213"><ele>134</ele></trkpt>
    <trkpt lat="42.960114" lon="141.528424"><ele>134</ele></trkpt>
    <trkpt lat="42.960024" lon="141.528636"><ele>134</ele></trkpt>
    <trkpt lat="42.959930" lon="141.528846"><ele>134</ele></trkpt>
    <trkpt lat="42.959839" lon="141.529058"><ele>135</ele></trkpt>
    <trkpt lat="42.959750" lon="141.529272"><ele>135</ele></trkpt>
    <trkpt lat="42.959658" lon="141.529483"><ele>135</ele></trkpt>
    <trkpt lat="42.959572" lon="141.529699"><ele>135</ele></trkpt>
    <trkpt lat="42.959486" lon="141.529915"><ele>135</ele></trkpt>
    <trkpt lat="42.959400" lon="141.530131"><ele>135</ele></trkpt>
    <trkpt lat="42.959309" lon="141.530343"><ele>135</ele></trkpt>
    <trkpt lat="42.959225" lon="141.530560"><ele>135</ele></trkpt>
    <trkpt lat="42.959137" lon="141.530775"><ele>135</ele></trkpt>
    <trkpt lat="42.959047" lon="141.530987"><ele>136</ele></trkpt>
    <trkpt lat="42.958958" lon="141.531201"><ele>136</ele></trkpt>
    <trkpt lat="42.958868" lon="141.531414"><ele>136</ele></trkpt>
    <trkpt lat="42.958780" lon="141.531628"><ele>136</ele></trkpt>
    <trkpt lat="42.958693" lon="141.531843"><ele>136</ele></trkpt>
    <trkpt lat="42.958600" lon="141.532053"><ele>136</ele></trkpt>
    <trkpt lat="42.958515" lon="141.532270"><ele>136</ele></trkpt>
    <trkpt lat="42.958421" lon="141.532480"><ele>136</ele></trkpt>
    <trkpt lat="42.958333" lon="141.532694"><ele>136</ele></trkpt>
    <trkpt lat="42.958242" lon="141.532906"><ele>136</ele></trkpt>
    <trkpt lat="42.958154" lon="141.533120"><ele>137</ele></trkpt>
    <trkpt lat="42.958059" lon="141.533329"><ele>137</ele></trkpt>
    <trkpt lat="42.957975" lon="141.533546"><ele>137</ele></trkpt>
    <trkpt lat="42.957884" lon="141.533758"><ele>137</ele></trkpt>
    <trkpt lat="42.957790" lon="141.533967"><ele>137</ele></trkpt>
    <trkpt lat="42.957699" lon="141.534180"><ele>137</ele></trkpt>
    <trkpt lat="42.957610" lon="141.534393"><ele>137</ele></trkpt>
    <trkpt lat="42.957523" lon="141.534608"><ele>137</ele></trkpt>
    <trkpt lat="42.957434" lon="141.534822"><ele>137</ele></trkpt>
    <trkpt lat="42.957339" lon="141.535031"><ele>138</ele></trkpt>
    <trkpt lat="42.957246" lon="141.535241"><ele>138</ele></trkpt>
    <trkpt lat="42.957152" lon="141.535450"><ele>138</ele></trkpt>
    <trkpt lat="42.957064" lon="141.535665"><ele>138</ele></trkpt>
    <trkpt lat="42.956978" lon="141.535881"><ele>138</ele></trkpt>
    <trkpt lat="42.956885" lon="141.536091"><ele>138</ele></trkpt>
    <trkpt lat="42.956791" lon="141.536301"><ele>138</ele></trkpt>
    <trkpt lat="42.956706" lon="141.536517"><ele>138</ele></trkpt>
    <trkpt lat="42.956615" lon="141.536729"><ele>138</ele></trkpt>
    <trkpt lat="42.956529" lon="141.536945"><ele>138</ele></trkpt>
    <trkpt lat="42.956438" lon="141.537157"><ele>139</ele></trkpt>
    <trkpt lat="42.956346" lon="141.537368"><ele>139</ele></trkpt>
    <trkpt lat="42.956256" lon="141.537581"><ele>139</ele></trkpt>
    <trkpt lat="42.956164" lon="141.537792"><ele>139</ele></trkpt>
    <trkpt lat="42.956075" lon="141.538006"><ele>139</ele></trkpt>
    <trkpt lat="42.955986" lon="141.538219"><ele>139</ele></trkpt>
    <trkpt lat="42.955898" lon="141.538434"><ele>139</ele></trkpt>
    <trkpt lat="42.955806" lon="141.538645"><ele>139</ele></trkpt>
    <trkpt lat="42.955712" lon="141.538854"><ele>139</ele></trkpt>
    <trkpt lat="42.955627" lon="141.539071"><ele>140</ele></trkpt>
    <trkpt lat="42.955537" lon="141.539284"><ele>140</ele></trkpt>
    <trkpt lat="42.955451" lon="141.539499"><ele>140</ele></trkpt>
    <trkpt lat="42.955360" lon="141.539712"><ele>140</ele></trkpt>
    <trkpt lat="42.955271" lon="141.539925"><ele>140</ele></trkpt>
    <trkpt lat="42.955183" lon="141.540139"><ele>140</ele></trkpt>
    <trkpt lat="42.955097" lon="141.540355"><ele>140</ele></trkpt>
    <trkpt lat="42.955004" lon="141.540566"><ele>140</ele></trkpt>
    <trkpt lat="42.954912" lon="141.540777"><ele>140</ele></trkpt>
    <trkpt lat="42.954826" lon="141.540993"><ele>140</ele></trkpt>
    <trkpt lat="42.954732" lon="141.541202"><ele>141</ele></trkpt>
    <trkpt lat="42.954643" lon="141.541416"><ele>141</ele></trkpt>
    <trkpt lat="42.954558" lon="141.541632"><ele>141</ele></trkpt>
    <trkpt lat="42.954464" lon="141.541842"><ele>141</ele></trkpt>
    <trkpt lat="42.954379" lon="141.542059"><ele>141</ele></trkpt>
    <trkpt lat="42.954294" lon="141.542275"><ele>141</ele></trkpt>
    <trkpt lat="42.954207" lon="141.542490"><ele>141</ele></trkpt>
    <trkpt lat="42.954114" lon="141.542701"><ele>141</ele></trkpt>
    <trkpt lat="42.954030" lon="141.542918"><ele>141</ele></trkpt>
    <trkpt lat="42.953940" lon="141.543130"><ele>142</ele></trkpt>
    <trkpt lat="42.953854" lon="141.543346"><ele>142</ele></trkpt>
    <trkpt lat="42.953770" lon="141.543563"><ele>142</ele></trkpt>
    <trkpt lat="42.953681" lon="141.543777"><ele>142</ele></trkpt>
    <trkpt lat="42.953592" lon="141.543991"><ele>142</ele></trkpt>
    <trkpt lat="42.953498" lon="141.544200"><ele>142</ele></trkpt>
    <trkpt lat="42.953414" lon="141.544417"><ele>142</ele></trkpt>
    <trkpt lat="42.953324" lon="141.544630"><ele>142</ele></trkpt>
    <trkpt lat="42.953238" lon="141.544846"><ele>142</ele></trkpt>
    <trkpt lat="42.953150" lon="141.545061"><ele>142</ele></trkpt>
    <trkpt lat="42.953056" lon="141.545270"><ele>143</ele></trkpt>
    <trkpt lat="42.952969" lon="141.545485"><ele>143</ele></trkpt>
    <trkpt lat="42.952874" lon="141.545694"><ele>143</ele></trkpt>
    <trkpt lat="42.952788" lon="141.545910"><ele>143</ele></trkpt>
    <trkpt lat="42.952702" lon="141.546126"><ele>143</ele></trkpt>
    <trkpt lat="42.952616" lon="141.546341"><ele>143</ele></trkpt>
    <trkpt lat="42.952523" lon="141.546552"><ele>143</ele></trkpt>
    <trkpt lat="42.952438" lon="141.546768"><ele>143</ele></trkpt>
    <trkpt lat="42.952344" lon="141.546978"><ele>143</ele></trkpt>
    <trkpt lat="42.952256" lon="141.547192"><ele>143</ele></trkpt>
    <trkpt lat="42.952168" lon="141.547407"><ele>144</ele></trkpt>
    <trkpt lat="42.952078" lon="141.547619"><ele>144</ele></trkpt>
    <trkpt lat="42.951988" lon="141.547832"><ele>144</ele></trkpt>
    <trkpt lat="42.951896" lon="141.548043"><ele>144</ele></trkpt>
    <trkpt lat="42.951810" lon="141.548259"><ele>144</ele></trkpt>
    <trkpt lat="42.951723" lon="141.548474"><ele>144</ele></trkpt>
    <trkpt lat="42.951631" lon="141.548685"><ele>144</ele></trkpt>
    <trkpt lat="42.951547" lon="141.548902"><ele>144</ele></trkpt>
    <trkpt lat="42.951458" lon="141.549116"><ele>144</ele></trkpt>
    <trkpt lat="42.951369" lon="141.549329"><ele>144</ele></trkpt>
    <trkpt lat="42.951280" lon="141.549543"><ele>145</ele></trkpt>
    <trkpt lat="42.951187" lon="141.549753"><ele>145</ele></trkpt>
    <trkpt lat="42.951093" lon="141.549963"><ele>145</ele></trkpt>
    <trkpt lat="42.950999" lon="141.550172"><ele>145</ele></trkpt>
    <trkpt lat="42.950915" lon="141.550389"><ele>145</ele></trkpt>
    <trkpt lat="42.950830" lon="141.550606"><ele>145</ele></trkpt>
    <trkpt lat="42.950737" lon="141.550816"><ele>145</ele></trkpt>
    <trkpt lat="42.950651" lon="141.551032"><ele>145</ele></trkpt>
    <trkpt lat="42.950561" lon="141.551245"><ele>145</ele></trkpt>
    <trkpt lat="42.950467" lon="141.551455"><ele>145</ele></trkpt>
    <trkpt lat="42.950375" lon="141.551666"><ele>146</ele></trkpt>
    <trkpt lat="42.950286" lon="141.551880"><ele>146</ele></trkpt>
    <trkpt lat="42.950201" lon="141.552096"><ele>146</ele></trkpt>
    <trkpt lat="42.950110" lon="141.552308"><ele>146</ele></trkpt>
    <trkpt lat="42.950025" lon="141.552524"><ele>146</ele></trkpt>
    <trkpt lat="42.949930" lon="141.552733"><ele>146</ele></trkpt>
    <trkpt lat="42.949836" lon="141.552943"><ele>146</ele></trkpt>
    <trkpt lat="42.949749" lon="141.553158"><ele>146</ele></trkpt>
    <trkpt lat="42.949657" lon="141.553369"><ele>146</ele></trkpt>
    <trkpt lat="42.949566" lon="141.553581"><ele>146</ele></trkpt>
    <trkpt lat="42.949480" lon="141.553796"><ele>147</ele></trkpt>
    <trkpt lat="42.949390" lon="141.554009"><ele>147</ele></trkpt>
    <trkpt lat="42.949305" lon="141.554226"><ele>147</ele></trkpt>
    <trkpt lat="42.949220" lon="141.554443"><ele>147</ele></trkpt>
    <trkpt lat="42.949134" lon="141.554659"><ele>147</ele></trkpt>
    <trkpt lat="42.949047" lon="141.554873"><ele>147</ele></trkpt>
    <trkpt lat="42.948958" lon="141.555087"><ele>147</ele></trkpt>
    <trkpt lat="42.948865" lon="141.555298"><ele>147</ele></trkpt>
    <trkpt lat="42.948777" lon="141.555512"><ele>147</ele></trkpt>
    <trkpt lat="42.948690" lon="141.555727"><ele>147</ele></trkpt>
    <trkpt lat="42.948603" lon="141.555942"><ele>147</ele></trkpt>
    <trkpt lat="42.948515" lon="141.556156"><ele>148</ele></trkpt>
    <trkpt lat="42.948425" lon="141.556369"><ele>148</ele></trkpt>
    <trkpt lat="42.948331" lon="141.556578"><ele>148</ele></trkpt>
    <trkpt lat="42.948240" lon="141.556790"><ele>148</ele></trkpt>
    <trkpt lat="42.948151" lon="141.557004"><ele>148</ele></trkpt>
    <trkpt lat="42.948059" lon="141.557215"><ele>148</ele></trkpt>
    <trkpt lat="42.947968" lon="141.557427"><ele>148</ele></trkpt>
    <trkpt lat="42.947875" lon="141.557637"><ele>148</ele></trkpt>
    <trkpt lat="42.947788" lon="141.557852"><ele>148</ele></trkpt>
    <trkpt lat="42.947702" lon="141.558068"><ele>148</ele></trkpt>
    <trkpt lat="42.947612" lon="141.558281"><ele>149</ele></trkpt>
    <trkpt lat="42.947528" lon="141.558498"><ele>149</ele></trkpt>
    <trkpt lat="42.947434" lon="141.558707"><ele>149</ele></trkpt>
    <trkpt lat="42.947346" lon="141.558922"><ele>149</ele></trkpt>
    <trkpt lat="42.947261" lon="141.559138"><ele>149</ele></trkpt>
    <trkpt lat="42.947170" lon="141.559351"><ele>149</ele></trkpt>
    <trkpt lat="42.947084" lon="141.559567"><ele>149</ele></trkpt>
    <trkpt lat="42.946995" lon="141.559780"><ele>149</ele></trkpt>
    <trkpt lat="42.946908" lon="141.559995"><ele>149</ele></trkpt>
    <trkpt lat="42.946814" lon="141.560204"><ele>149</ele></trkpt>
    <trkpt lat="42.946729" lon="141.560421"><ele>149</ele></trkpt>
    <trkpt lat="42.946641" lon="141.560635"><ele>150</ele></trkpt>
    <trkpt lat="42.946553" lon="141.560850"><ele>150</ele></trkpt>
    <trkpt lat="42.946462" lon="141.561062"><ele>150</ele></trkpt>
    <trkpt lat="42.946378" lon="141.561279"><ele>150</ele></trkpt>
    <trkpt lat="42.946285" lon="141.561489"><ele>150</ele></trkpt>
    <trkpt lat="42.946193" lon="141.561700"><ele>150</ele></trkpt>
    <trkpt lat="42.946103" lon="141.561913"><ele>150</ele></trkpt>
    <trkpt lat="42.946011" lon="141.562124"><ele>150</ele></trkpt>
    <trkpt lat="42.945926" lon="141.562340"><ele>150</ele></trkpt>
    <trkpt lat="42.945834" lon="141.562552"><ele>150</ele></trkpt>
    <trkpt lat="42.945742" lon="141.562763"><ele>151</ele></trkpt>
    <trkpt lat="42.945650" lon="141.562974"><ele>151</ele></trkpt>
    <trkpt lat="42.945559" lon="141.563186"><ele>151</ele></trkpt>
    <trkpt lat="42.945469" lon="141.563399"><ele>151</ele></trkpt>
    <trkpt lat="42.945384" lon="141.563615"><ele>151</ele></trkpt>
    <trkpt lat="42.945291" lon="141.563826"><ele>151</ele></trkpt>
    <trkpt lat="42.945201" lon="141.564039"><ele>151</ele></trkpt>
    <trkpt lat="42.945116" lon="141.564255"><ele>151</ele></trkpt>
    <trkpt lat="42.945027" lon="141.564468"><ele>151</ele></trkpt>
    <trkpt lat="42.944939" lon="141.564683"><ele>151</ele></trkpt>
    <trkpt lat="42.944846" lon="141.564893"><ele>151</ele></trkpt>
    <trkpt lat="42.944754" lon="141.565104"><ele>152</ele></trkpt>
    <trkpt lat="42.944662" lon="141.565316"><ele>152</ele></trkpt>
    <trkpt lat="42.944574" lon="141.565530"><ele>152</ele></trkpt>
    <trkpt lat="42.944485" lon="141.565743"><ele>152</ele></trkpt>
    <trkpt lat="42.944398" lon="141.565958"><ele>152</ele></trkpt>
    <trkpt lat="42.944310" lon="141.566172"><ele>152</ele></trkpt>
    <trkpt lat="42.944223" lon="141.566388"><ele>152</ele></trkpt>
    <trkpt lat="42.944135" lon="141.566602"><ele>152</ele></trkpt>
    <trkpt lat="42.944051" lon="141.566819"><ele>152</ele></trkpt>
    <trkpt lat="42.943963" lon="141.567033"><ele>152</ele></trkpt>
    <trkpt lat="42.943876" lon="141.567249"><ele>152</ele></trkpt>
    <trkpt lat="42.943783" lon="141.567459"><ele>153</ele></trkpt>
    <trkpt lat="42.943699" lon="141.567676"><ele>153</ele></trkpt>
    <trkpt lat="42.943605" lon="141.567886"><ele>153</ele></trkpt>
    <trkpt lat="42.943516" lon="141.568099"><ele>153</ele></trkpt>
    <trkpt lat="42.943425" lon="141.568311"><ele>153</ele></trkpt>
    <trkpt lat="42.943333" lon="141.568522"><ele>153</ele></trkpt>
    <trkpt lat="42.943247" lon="141.568738"><ele>153</ele></trkpt>
    <trkpt lat="42.943155" lon="141.568949"><ele>153</ele></trkpt>
    <trkpt lat="42.943069" lon="141.569165"><ele>153</ele></trkpt>
    <trkpt lat="42.942982" lon="141.569380"><ele>153</ele></trkpt>
    <trkpt lat="42.942888" lon="141.569590"><ele>153</ele></trkpt>
    <trkpt lat="42.942803" lon="141.569806"><ele>154</ele></trkpt>
    <trkpt lat="42.942710" lon="141.570016"><ele>154</ele></trkpt>
    <trkpt lat="42.942622" lon="141.570231"><ele>154</ele></trkpt>
    <trkpt lat="42.942535" lon="141.570446"><ele>154</ele></trkpt>
    <trkpt lat="42.942450" lon="141.570662"><ele>154</ele></trkpt>
    <trkpt lat="42.942364" lon="141.570878"><ele>154</ele></trkpt>
    <trkpt lat="42.942279" lon="141.571094"><ele>154</ele></trkpt>
    <trkpt lat="42.942190" lon="141.571308"><ele>154</ele></trkpt>
    <trkpt lat="42.942106" lon="141.571525"><ele>154</ele></trkpt>
    <trkpt lat="42.942017" lon="141.571739"><ele>154</ele></trkpt>
    <trkpt lat="42.941933" lon="141.571956"><ele>154</ele></trkpt>
    <trkpt lat="42.941840" lon="141.572167"><ele>155</ele></trkpt>
    <trkpt lat="42.941991" lon="141.572301"><ele>155</ele></trkpt>
    <trkpt lat="42.942142" lon="141.572435"><ele>155</ele></trkpt>
    <trkpt lat="42.942295" lon="141.572563"><ele>155</ele></trkpt>
    <trkpt lat="42.942446" lon="141.572697"><ele>155</ele></trkpt>
    <trkpt lat="42.942600" lon="141.572825"><ele>155</ele></trkpt>
    <trkpt lat="42.942747" lon="141.572965"><ele>155</ele></trkpt>
    <trkpt lat="42.942901" lon="141.573094"><ele>155</ele></trkpt>
    <trkpt lat="42.943052" lon="141.573226"><ele>155</ele></trkpt>
    <trkpt lat="42.943201" lon="141.573364"><ele>155</ele></trkpt>
    <trkpt lat="42.943351" lon="141.573499"><ele>155</ele></trkpt>
    <trkpt lat="42.943501" lon="141.573635"><ele>156</ele></trkpt>
    <trkpt lat="42.943651" lon="141.573770"><ele>156</ele></trkpt>
    <trkpt lat="42.943799" lon="141.573910"><ele>156</ele></trkpt>
    <trkpt lat="42.943953" lon="141.574038"><ele>156</ele></trkpt>
    <trkpt lat="42.944105" lon="141.574168"><ele>156</ele></trkpt>
    <trkpt lat="42.944258" lon="141.574298"><ele>156</ele></trkpt>
    <trkpt lat="42.944409" lon="141.574431"><ele>156</ele></trkpt>
    <trkpt lat="42.944557" lon="141.574570"><ele>156</ele></trkpt>
    <trkpt lat="42.944705" lon="141.574710"><ele>156</ele></trkpt>
    <trkpt lat="42.944855" lon="141.574847"><ele>156</ele></trkpt>
    <trkpt lat="42.945006" lon="141.574981"><ele>156</ele></trkpt>
    <trkpt lat="42.945155" lon="141.575116"><ele>157</ele></trkpt>
    <trkpt lat="42.945305" lon="141.575252"><ele>157</ele></trkpt>
    <trkpt lat="42.945459" lon="141.575380"><ele>157</ele></trkpt>
    <trkpt lat="42.945612" lon="141.575510"><ele>157</ele></trkpt>
    <trkpt lat="42.945766" lon="141.575637"><ele>157</ele></trkpt>
    <trkpt lat="42.945919" lon="141.575766"><ele>157</ele></trkpt>
    <trkpt lat="42.946069" lon="141.575901"><ele>157</ele></trkpt>
    <trkpt lat="42.946222" lon="141.576030"><ele>157</ele></trkpt>
    <trkpt lat="42.946376" lon="141.576158"><ele>157</ele></trkpt>
    <trkpt lat="42.946525" lon="141.576294"><ele>157</ele></trkpt>
    <trkpt lat="42.946675" lon="141.576431"><ele>157</ele></trkpt>
    <trkpt lat="42.946827" lon="141.576561"><ele>157</ele></trkpt>
    <trkpt lat="42.946980" lon="141.576690"><ele>158</ele></trkpt>
    <trkpt lat="42.947133" lon="141.576820"><ele>158</ele></trkpt>
    <trkpt lat="42.947286" lon="141.576949"><ele>158</ele></trkpt>
    <trkpt lat="42.947437" lon="141.577083"><ele>158</ele></trkpt>
    <trkpt lat="42.947589" lon="141.577214"><ele>158</ele></trkpt>
    <trkpt lat="42.947743" lon="141.577340"><ele>158</ele></trkpt>
    <trkpt lat="42.947896" lon="141.577471"><ele>158</ele></trkpt>
    <trkpt lat="42.948043" lon="141.577611"><ele>158</ele></trkpt>
    <trkpt lat="42.948197" lon="141.577739"><ele>158</ele></trkpt>
    <trkpt lat="42.948351" lon="141.577866"><ele>158</ele></trkpt>
    <trkpt lat="42.948504" lon="141.577995"><ele>158</ele></trkpt>
    <trkpt lat="42.948656" lon="141.578126"><ele>158</ele></trkpt>
    <trkpt lat="42.948806" lon="141.578263"><ele>159</ele></trkpt>
    <trkpt lat="42.948957" lon="141.578395"><ele>159</ele></trkpt>
    <trkpt lat="42.949112" lon="141.578521"><ele>159</ele></trkpt>
    <trkpt lat="42.949260" lon="141.578660"><ele>159</ele></trkpt>
    <trkpt lat="42.949413" lon="141.578790"><ele>159</ele></trkpt>
    <trkpt lat="42.949561" lon="141.578928"><ele>159</ele></trkpt>
    <trkpt lat="42.949713" lon="141.579061"><ele>159</ele></trkpt>
    <trkpt lat="42.949862" lon="141.579198"><ele>159</ele></trkpt>
    <trkpt lat="42.950010" lon="141.579337"><ele>159</ele></trkpt>
    <trkpt lat="42.950163" lon="141.579468"><ele>159</ele></trkpt>
    <trkpt lat="42.950313" lon="141.579603"><ele>159</ele></trkpt>
    <trkpt lat="42.950460" lon="141.579744"><ele>159</ele></trkpt>
    <trkpt lat="42.950608" lon="141.579884"><ele>160</ele></trkpt>
    <trkpt lat="42.950757" lon="141.580022"><ele>160</ele></trkpt>
    <trkpt lat="42.950904" lon="141.580163"><ele>160</ele></trkpt>
    <trkpt lat="42.951057" lon="141.580292"><ele>160</ele></trkpt>
    <trkpt lat="42.951207" lon="141.580429"><ele>160</ele></trkpt>
    <trkpt lat="42.951360" lon="141.580558"><ele>160</ele></trkpt>
    <trkpt lat="42.951513" lon="141.580687"><ele>160</ele></trkpt>
    <trkpt lat="42.951665" lon="141.580818"><ele>160</ele></trkpt>
    <trkpt lat="42.951815" lon="141.580953"><ele>160</ele></trkpt>
    <trkpt lat="42.951967" lon="141.581085"><ele>160</ele></trkpt>
    <trkpt lat="42.952115" lon="141.581225"><ele>160</ele></trkpt>
    <trkpt lat="42.952265" lon="141.581360"><ele>160</ele></trkpt>
    <trkpt lat="42.952414" lon="141.581497"><ele>161</ele></trkpt>
    <trkpt lat="42.952563" lon="141.581635"><ele>161</ele></trkpt>
    <trkpt lat="42.952715" lon="141.581766"><ele>161</ele></trkpt>
    <trkpt lat="42.952865" lon="141.581903"><ele>161</ele></trkpt>
    <trkpt lat="42.953019" lon="141.582030"><ele>161</ele></trkpt>
    <trkpt lat="42.953173" lon="141.582157"><ele>161</ele></trkpt>
    <trkpt lat="42.953324" lon="141.582290"><ele>161</ele></trkpt>
    <trkpt lat="42.953478" lon="141.582417"><ele>161</ele></trkpt>
    <trkpt lat="42.953626" lon="141.582557"><ele>161</ele></trkpt>
    <trkpt lat="42.953778" lon="141.582687"><ele>161</ele></trkpt>
    <trkpt lat="42.953926" lon="141.582826"><ele>161</ele></trkpt>
    <trkpt lat="42.954081" lon="141.582953"><ele>161</ele></trkpt>
    <trkpt lat="42.954230" lon="141.583089"><ele>162</ele></trkpt>
    <trkpt lat="42.954378" lon="141.583229"><ele>162</ele></trkpt>
    <trkpt lat="42.954527" lon="141.583368"><ele>162</ele></trkpt>
    <trkpt lat="42.954675" lon="141.583506"><ele>162</ele></trkpt>
    <trkpt lat="42.954830" lon="141.583633"><ele>162</ele></trkpt>
    <trkpt lat="42.954981" lon="141.583766"><ele>162</ele></trkpt>
    <trkpt lat="42.955129" lon="141.583906"><ele>162</ele></trkpt>
    <trkpt lat="42.955282" lon="141.584033"><ele>162</ele></trkpt>
    <trkpt lat="42.955436" lon="141.584160"><ele>162</ele></trkpt>
    <trkpt lat="42.955590" lon="141.584289"><ele>162</ele></trkpt>
    <trkpt lat="42.955737" lon="141.584429"><ele>162</ele></trkpt>
    <trkpt lat="42.955889" lon="141.584560"><ele>162</ele></trkpt>
    <trkpt lat="42.956039" lon="141.584696"><ele>163</ele></trkpt>
    <trkpt lat="42.956188" lon="141.584834"><ele>163</ele></trkpt>
    <trkpt lat="42.956340" lon="141.584967"><ele>163</ele></trkpt>
    <trkpt lat="42.956492" lon="141.585096"><ele>163</ele></trkpt>
    <trkpt lat="42.956644" lon="141.585229"><ele>163</ele></trkpt>
    <trkpt lat="42.956794" lon="141.585363"><ele>163</ele></trkpt>
    <trkpt lat="42.956942" lon="141.585504"><ele>163</ele></trkpt>
    <trkpt lat="42.957091" lon="141.585641"><ele>163</ele></trkpt>
    <trkpt lat="42.957239" lon="141.585780"><ele>163</ele></trkpt>
    <trkpt lat="42.957388" lon="141.585919"><ele>163</ele></trkpt>
    <trkpt lat="42.957537" lon="141.586056"><ele>163</ele></trkpt>
    <trkpt lat="42.957690" lon="141.586186"><ele>163</ele></trkpt>
    <trkpt lat="42.957843" lon="141.586315"><ele>163</ele></trkpt>
    <trkpt lat="42.957996" lon="141.586445"><ele>164</ele></trkpt>
    <trkpt lat="42.958150" lon="141.586572"><ele>164</ele></trkpt>
    <trkpt lat="42.958303" lon="141.586700"><ele>164</ele></trkpt>
    <trkpt lat="42.958453" lon="141.586835"><ele>164</ele></trkpt>
    <trkpt lat="42.958606" lon="141.586964"><ele>164</ele></trkpt>
    <trkpt lat="42.958758" lon="141.587096"><ele>164</ele></trkpt>
    <trkpt lat="42.958912" lon="141.587224"><ele>164</ele></trkpt>
    <trkpt lat="42.959062" lon="141.587359"><ele>164</ele></trkpt>
    <trkpt lat="42.959210" lon="141.587498"><ele>164</ele></trkpt>
    <trkpt lat="42.959359" lon="141.587637"><ele>164</ele></trkpt>
    <trkpt lat="42.959507" lon="141.587777"><ele>164</ele></trkpt>
    <trkpt lat="42.959656" lon="141.587913"><ele>164</ele></trkpt>
    <trkpt lat="42.959805" lon="141.588051"><ele>164</ele></trkpt>
    <trkpt lat="42.959959" lon="141.588178"><ele>165</ele></trkpt>
    <trkpt lat="42.960111" lon="141.588310"><ele>165</ele></trkpt>
    <trkpt lat="42.960260" lon="141.588447"><ele>165</ele></trkpt>
    <trkpt lat="42.960409" lon="141.588585"><ele>165</ele></trkpt>
    <trkpt lat="42.960559" lon="141.588720"><ele>165</ele></trkpt>
    <trkpt lat="42.960709" lon="141.588856"><ele>165</ele></trkpt>
    <trkpt lat="42.960859" lon="141.588991"><ele>165</ele></trkpt>
    <trkpt lat="42.961013" lon="141.589119"><ele>165</ele></trkpt>
    <trkpt lat="42.961163" lon="141.589255"><ele>165</ele></trkpt>
    <trkpt lat="42.961314" lon="141.589389"><ele>165</ele></trkpt>
    <trkpt lat="42.961464" lon="141.589524"><ele>165</ele></trkpt>
    <trkpt lat="42.961613" lon="141.589661"><ele>165</ele></trkpt>
    <trkpt lat="42.961765" lon="141.589792"><ele>165</ele></trkpt>
    <trkpt lat="42.961914" lon="141.589930"><ele>166</ele></trkpt>
    <trkpt lat="42.962064" lon="141.590066"><ele>166</ele></trkpt>
    <trkpt lat="42.962214" lon="141.590201"><ele>166</ele></trkpt>
    <trkpt lat="42.962363" lon="141.590339"><ele>166</ele></trkpt>
    <trkpt lat="42.962515" lon="141.590470"><ele>166</ele></trkpt>
    <trkpt lat="42.962665" lon="141.590606"><ele>166</ele></trkpt>
    <trkpt lat="42.962818" lon="141.590735"><ele>166</ele></trkpt>
    <trkpt lat="42.962970" lon="141.590867"><ele>166</ele></trkpt>
    <trkpt lat="42.963120" lon="141.591003"><ele>166</ele></trkpt>
    <trkpt lat="42.963274" lon="141.591131"><ele>166</ele></trkpt>
    <trkpt lat="42.963426" lon="141.591261"><ele>166</ele></trkpt>
    <trkpt lat="42.963577" lon="141.591394"><ele>166</ele></trkpt>
    <trkpt lat="42.963727" lon="141.591531"><ele>166</ele></trkpt>
    <trkpt lat="42.963876" lon="141.591668"><ele>167</ele></trkpt>
    <trkpt lat="42.964026" lon="141.591805"><ele>167</ele></trkpt>
    <trkpt lat="42.964174" lon="141.591944"><ele>167</ele></trkpt>
    <trkpt lat="42.964322" lon="141.592082"><ele>167</ele></trkpt>
    <trkpt lat="42.964470" lon="141.592222"><ele>167</ele></trkpt>
    <trkpt lat="42.964624" lon="141.592350"><ele>167</ele></trkpt>
    <trkpt lat="42.964778" lon="141.592476"><ele>167</ele></trkpt>
    <trkpt lat="42.964928" lon="141.592612"><ele>167</ele></trkpt>
    <trkpt lat="42.965081" lon="141.592742"><ele>167</ele></trkpt>
    <trkpt lat="42.965233" lon="141.592873"><ele>167</ele></trkpt>
    <trkpt lat="42.965385" lon="141.593004"><ele>167</ele></trkpt>
    <trkpt lat="42.965535" lon="141.593141"><ele>167</ele></trkpt>
    <trkpt lat="42.965687" lon="141.593272"><ele>167</ele></trkpt>
    <trkpt lat="42.965836" lon="141.593409"><ele>167</ele></trkpt>
    <trkpt lat="42.965985" lon="141.593547"><ele>168</ele></trkpt>
    <trkpt lat="42.966133" lon="141.593687"><ele>168</ele></trkpt>
    <trkpt lat="42.966283" lon="141.593822"><ele>168</ele></trkpt>
    <trkpt lat="42.966431" lon="141.593962"><ele>168</ele></trkpt>
    <trkpt lat="42.966578" lon="141.594103"><ele>168</ele></trkpt>
    <trkpt lat="42.966729" lon="141.594236"><ele>168</ele></trkpt>
    <trkpt lat="42.966878" lon="141.594375"><ele>168</ele></trkpt>
    <trkpt lat="42.967029" lon="141.594507"><ele>168</ele></trkpt>
    <trkpt lat="42.967180" lon="141.594642"><ele>168</ele></trkpt>
    <trkpt lat="42.967330" lon="141.594777"><ele>168</ele></trkpt>
    <trkpt lat="42.967480" lon="141.594912"><ele>168</ele></trkpt>
    <trkpt lat="42.967632" lon="141.595044"><ele>168</ele></trkpt>
    <trkpt lat="42.967787" lon="141.595170"><ele>168</ele></trkpt>
    <trkpt lat="42.967937" lon="141.595305"><ele>168</ele></trkpt>
    <trkpt lat="42.968090" lon="141.595434"><ele>169</ele></trkpt>
    <trkpt lat="42.968240" lon="141.595570"><ele>169</ele></trkpt>
    <trkpt lat="42.968393" lon="141.595700"><ele>169</ele></trkpt>
    <trkpt lat="42.968544" lon="141.595832"><ele>169</ele></trkpt>
    <trkpt lat="42.968698" lon="141.595959"><ele>169</ele></trkpt>
    <trkpt lat="42.968848" lon="141.596095"><ele>169</ele></trkpt>
    <trkpt lat="42.969002" lon="141.596222"><ele>169</ele></trkpt>
    <trkpt lat="42.969151" lon="141.596360"><ele>169</ele></trkpt>
    <trkpt lat="42.969303" lon="141.596492"><ele>169</ele></trkpt>
    <trkpt lat="42.969454" lon="141.596625"><ele>169</ele></trkpt>
    <trkpt lat="42.969602" lon="141.596765"><ele>169</ele></trkpt>
    <trkpt lat="42.969754" lon="141.596896"><ele>169</ele></trkpt>
    <trkpt lat="42.969907" lon="141.597025"><ele>169</ele></trkpt>
    <trkpt lat="42.970057" lon="141.597162"><ele>169</ele></trkpt>
    <trkpt lat="42.970210" lon="141.597290"><ele>170</ele></trkpt>
    <trkpt lat="42.970364" lon="141.597418"><ele>170</ele></trkpt>
    <trkpt lat="42.970517" lon="141.597547"><ele>170</ele></trkpt>
    <trkpt lat="42.970666" lon="141.597685"><ele>170</ele></trkpt>
    <trkpt lat="42.970818" lon="141.597815"><ele>170</ele></trkpt>
    <trkpt lat="42.970972" lon="141.597943"><ele>170</ele></trkpt>
    <trkpt lat="42.971121" lon="141.598079"><ele>170</ele></trkpt>
    <trkpt lat="42.971270" lon="141.598218"><ele>170</ele></trkpt>
    <trkpt lat="42.971418" lon="141.598358"><ele>170</ele></trkpt>
    <trkpt lat="42.971570" lon="141.598489"><ele>170</ele></trkpt>
    <trkpt lat="42.971723" lon="141.598619"><ele>170</ele></trkpt>
    <trkpt lat="42.971875" lon="141.598749"><ele>170</ele></trkpt>
    <trkpt lat="42.972027" lon="141.598882"><ele>170</ele></trkpt>
    <trkpt lat="42.972178" lon="141.599015"><ele>170</ele></trkpt>
    <trkpt lat="42.972330" lon="141.599145"><ele>170</ele></trkpt>
    <trkpt lat="42.972481" lon="141.599279"><ele>171</ele></trkpt>
    <trkpt lat="42.972635" lon="141.599406"><ele>171</ele></trkpt>
    <trkpt lat="42.972783" lon="141.599547"><ele>171</ele></trkpt>
    <trkpt lat="42.972936" lon="141.599676"><ele>171</ele></trkpt>
    <trkpt lat="42.973084" lon="141.599814"><ele>171</ele></trkpt>
    <trkpt lat="42.973233" lon="141.599953"><ele>171</ele></trkpt>
    <trkpt lat="42.973381" lon="141.600092"><ele>171</ele></trkpt>
    <trkpt lat="42.973531" lon="141.600228"><ele>171</ele></trkpt>
    <trkpt lat="42.973681" lon="141.600364"><ele>171</ele></trkpt>
    <trkpt lat="42.973830" lon="141.600501"><ele>171</ele></trkpt>
    <trkpt lat="42.973980" lon="141.600637"><ele>171</ele></trkpt>
    <trkpt lat="42.974128" lon="141.600776"><ele>171</ele></trkpt>
    <trkpt lat="42.974276" lon="141.600916"><ele>171</ele></trkpt>
    <trkpt lat="42.974430" lon="141.601043"><ele>171</ele></trkpt>
    <trkpt lat="42.974583" lon="141.601172"><ele>171</ele></trkpt>
    <trkpt lat="42.974735" lon="141.601304"><ele>172</ele></trkpt>
    <trkpt lat="42.974884" lon="141.601441"><ele>172</ele></trkpt>
    <trkpt lat="42.975034" lon="141.601577"><ele>172</ele></trkpt>
    <trkpt lat="42.975188" lon="141.601704"><ele>172</ele></trkpt>
    <trkpt lat="42.975338" lon="141.601840"><ele>172</ele></trkpt>
    <trkpt lat="42.975488" lon="141.601975"><ele>172</ele></trkpt>
    <trkpt lat="42.975639" lon="141.602110"><ele>172</ele></trkpt>
    <trkpt lat="42.975787" lon="141.602249"><ele>172</ele></trkpt>
    <trkpt lat="42.975940" lon="141.602378"><ele>172</ele></trkpt>
    <trkpt lat="42.976088" lon="141.602518"><ele>172</ele></trkpt>
    <trkpt lat="42.976236" lon="141.602658"><ele>172</ele></trkpt>
    <trkpt lat="42.976390" lon="141.602786"><ele>172</ele></trkpt>
    <trkpt lat="42.976538" lon="141.602924"><ele>172</ele></trkpt>
    <trkpt lat="42.976687" lon="141.603062"><ele>172</ele></trkpt>
    <trkpt lat="42.976840" lon="141.603192"><ele>172</ele></trkpt>
    <trkpt lat="42.976988" lon="141.603332"><ele>173</ele></trkpt>
    <trkpt lat="42.977142" lon="141.603459"><ele>173</ele></trkpt>
    <trkpt lat="42.977295" lon="141.603588"><ele>173</ele></trkpt>
    <trkpt lat="42.977442" lon="141.603729"><ele>173</ele></trkpt>
    <trkpt lat="42.977593" lon="141.603864"><ele>173</ele></trkpt>
    <trkpt lat="42.977741" lon="141.604002"><ele>173</ele></trkpt>
    <trkpt lat="42.977894" lon="141.604132"><ele>173</ele></trkpt>
    <trkpt lat="42.978045" lon="141.604266"><ele>173</ele></trkpt>
    <trkpt lat="42.977918" lon="141.604441"><ele>173</ele></trkpt>
    <trkpt lat="42.977792" lon="141.604615"><ele>173</ele></trkpt>
    <trkpt lat="42.977662" lon="141.604786"><ele>173</ele></trkpt>
    <trkpt lat="42.977537" lon="141.604963"><ele>173</ele></trkpt>
    <trkpt lat="42.977413" lon="141.605141"><ele>173</ele></trkpt>
    <trkpt lat="42.977291" lon="141.605321"><ele>173</ele></trkpt>
    <trkpt lat="42.977167" lon="141.605499"><ele>173</ele></trkpt>
    <trkpt lat="42.977044" lon="141.605679"><ele>173</ele></trkpt>
    <trkpt lat="42.976914" lon="141.605849"><ele>174</ele></trkpt>
    <trkpt lat="42.976790" lon="141.606027"><ele>174</ele></trkpt>
    <trkpt lat="42.976664" lon="141.606203"><ele>174</ele></trkpt>
    <trkpt lat="42.976541" lon="141.606382"><ele>174</ele></trkpt>
    <trkpt lat="42.976411" lon="141.606552"><ele>174</ele></trkpt>
    <trkpt lat="42.976289" lon="141.606732"><ele>174</ele></trkpt>
    <trkpt lat="42.976164" lon="141.606909"><ele>174</ele></trkpt>
    <trkpt lat="42.976036" lon="141.607081"><ele>174</ele></trkpt>
    <trkpt lat="42.975913" lon="141.607261"><ele>174</ele></trkpt>
    <trkpt lat="42.975787" lon="141.607437"><ele>174</ele></trkpt>
    <trkpt lat="42.975659" lon="141.607609"><ele>174</ele></trkpt>
    <trkpt lat="42.975532" lon="141.607783"><ele>174</ele></trkpt>
    <trkpt lat="42.975401" lon="141.607952"><ele>174</ele></trkpt>
    <trkpt lat="42.975276" lon="141.608129"><ele>174</ele></trkpt>
    <trkpt lat="42.975148" lon="141.608300"><ele>174</ele></trkpt>
    <trkpt lat="42.975017" lon="141.608469"><ele>174</ele></trkpt>
    <trkpt lat="42.974894" lon="141.608649"><ele>175</ele></trkpt>
    <trkpt lat="42.974770" lon="141.608827"><ele>175</ele></trkpt>
    <trkpt lat="42.974647" lon="141.609006"><ele>175</ele></trkpt>
    <trkpt lat="42.974524" lon="141.609185"><ele>175</ele></trkpt>
    <trkpt lat="42.974399" lon="141.609362"><ele>175</ele></trkpt>
    <trkpt lat="42.974272" lon="141.609537"><ele>175</ele></trkpt>
    <trkpt lat="42.974147" lon="141.609714"><ele>175</ele></trkpt>
    <trkpt lat="42.974019" lon="141.609887"><ele>175</ele></trkpt>
    <trkpt lat="42.973891" lon="141.610059"><ele>175</ele></trkpt>
    <trkpt lat="42.973766" lon="141.610236"><ele>175</ele></trkpt>
    <trkpt lat="42.973642" lon="141.610413"><ele>175</ele></trkpt>
    <trkpt lat="42.973516" lon="141.610589"><ele>175</ele></trkpt>
    <trkpt lat="42.973387" lon="141.610760"><ele>175</ele></trkpt>
    <trkpt lat="42.973258" lon="141.610932"><ele>175</ele></trkpt>
    <trkpt lat="42.973134" lon="141.611110"><ele>175</ele></trkpt>
    <trkpt lat="42.973008" lon="141.611285"><ele>175</ele></trkpt>
    <trkpt lat="42.972885" lon="141.611465"><ele>176</ele></trkpt>
    <trkpt lat="42.972762" lon="141.611644"><ele>176</ele></trkpt>
    <trkpt lat="42.972638" lon="141.611822"><ele>176</ele></trkpt>
    <trkpt lat="42.972514" lon="141.612000"><ele>176</ele></trkpt>
    <trkpt lat="42.972384" lon="141.612169"><ele>176</ele></trkpt>
    <trkpt lat="42.972261" lon="141.612349"><ele>176</ele></trkpt>
    <trkpt lat="42.972135" lon="141.612524"><ele>176</ele></trkpt>
    <trkpt lat="42.972011" lon="141.612702"><ele>176</ele></trkpt>
    <trkpt lat="42.971882" lon="141.612873"><ele>176</ele></trkpt>
    <trkpt lat="42.971755" lon="141.613048"><ele>176</ele></trkpt>
    <trkpt lat="42.971629" lon="141.613223"><ele>176</ele></trkpt>
    <trkpt lat="42.971498" lon="141.613392"><ele>176</ele></trkpt>
    <trkpt lat="42.971373" lon="141.613568"><ele>176</ele></trkpt>
    <trkpt lat="42.971242" lon="141.613737"><ele>176</ele></trkpt>
    <trkpt lat="42.971113" lon="141.613908"><ele>176</ele></trkpt>
    <trkpt lat="42.970984" lon="141.614080"><ele>176</ele></trkpt>
    <trkpt lat="42.970861" lon="141.614259"><ele>176</ele></trkpt>
    <trkpt lat="42.970738" lon="141.614438"><ele>176</ele></trkpt>
    <trkpt lat="42.970611" lon="141.614612"><ele>177</ele></trkpt>
    <trkpt lat="42.970483" lon="141.614785"><ele>177</ele></trkpt>
    <trkpt lat="42.970356" lon="141.614959"><ele>177</ele></trkpt>
    <trkpt lat="42.970232" lon="141.615137"><ele>177</ele></trkpt>
    <trkpt lat="42.970104" lon="141.615310"><ele>177</ele></trkpt>
    <trkpt lat="42.969979" lon="141.615486"><ele>177</ele></trkpt>
    <trkpt lat="42.969849" lon="141.615656"><ele>177</ele></trkpt>
    <trkpt lat="42.969720" lon="141.615828"><ele>177</ele></trkpt>
    <trkpt lat="42.969598" lon="141.616009"><ele>177</ele></trkpt>
    <trkpt lat="42.969474" lon="141.616187"><ele>177</ele></trkpt>
    <trkpt lat="42.969350" lon="141.616365"><ele>177</ele></trkpt>
    <trkpt lat="42.969222" lon="141.616537"><ele>177</ele></trkpt>
    <trkpt lat="42.969099" lon="141.616717"><ele>177</ele></trkpt>
    <trkpt lat="42.968973" lon="141.616892"><ele>177</ele></trkpt>
    <trkpt lat="42.968844" lon="141.617063"><ele>177</ele></trkpt>
    <trkpt lat="42.968718" lon="141.617239"><ele>177</ele></trkpt>
    <trkpt lat="42.968588" lon="141.617408"><ele>177</ele></trkpt>
    <trkpt lat="42.968461" lon="141.617583"><ele>177</ele></trkpt>
    <trkpt lat="42.968333" lon="141.617755"><ele>178</ele></trkpt>
    <trkpt lat="42.968209" lon="141.617934"><ele>178</ele></trkpt>
    <trkpt lat="42.968081" lon="141.618106"><ele>178</ele></trkpt>
    <trkpt lat="42.967954" lon="141.618280"><ele>178</ele></trkpt>
    <trkpt lat="42.967825" lon="141.618452"><ele>178</ele></trkpt>
    <trkpt lat="42.967701" lon="141.618629"><ele>178</ele></trkpt>
    <trkpt lat="42.967574" lon="141.618803"><ele>178</ele></trkpt>
    <trkpt lat="42.967448" lon="141.618979"><ele>178</ele></trkpt>
    <trkpt lat="42.967324" lon="141.619157"><ele>178</ele></trkpt>
    <trkpt lat="42.967201" lon="141.619337"><ele>178</ele></trkpt>
    <trkpt lat="42.967071" lon="141.619507"><ele>178</ele></trkpt>
    <trkpt lat="42.966944" lon="141.619681"><ele>178</ele></trkpt>
    <trkpt lat="42.966816" lon="141.619853"><ele>178</ele></trkpt>
    <trkpt lat="42.966686" lon="141.620023"><ele>178</ele></trkpt>
    <trkpt lat="42.966555" lon="141.620192"><ele>178</ele></trkpt>
    <trkpt lat="42.966425" lon="141.620361"><ele>178</ele></trkpt>
    <trkpt lat="42.966296" lon="141.620532"><ele>178</ele></trkpt>
    <trkpt lat="42.966172" lon="141.620711"><ele>178</ele></trkpt>
    <trkpt lat="42.966045" lon="141.620884"><ele>179</ele></trkpt>
    <trkpt lat="42.965919" lon="141.621060"><ele>179</ele></trkpt>
    <trkpt lat="42.965795" lon="141.621238"><ele>179</ele></trkpt>
    <trkpt lat="42.965670" lon="141.621414"><ele>179</ele></trkpt>
    <trkpt lat="42.965545" lon="141.621592"><ele>179</ele></trkpt>
    <trkpt lat="42.965418" lon="141.621765"><ele>179</ele></trkpt>
    <trkpt lat="42.965294" lon="141.621943"><ele>179</ele></trkpt>
    <trkpt lat="42.965164" lon="141.622113"><ele>179</ele></trkpt>
    <trkpt lat="42.965042" lon="141.622294"><ele>179</ele></trkpt>
    <trkpt lat="42.964914" lon="141.622467"><ele>179</ele></trkpt>
    <trkpt lat="42.964789" lon="141.622643"><ele>179</ele></trkpt>
    <trkpt lat="42.964660" lon="141.622815"><ele>179</ele></trkpt>
    <trkpt lat="42.964530" lon="141.622985"><ele>179</ele></trkpt>
    <trkpt lat="42.964401" lon="141.623156"><ele>179</ele></trkpt>
    <trkpt lat="42.964271" lon="141.623326"><ele>179</ele></trkpt>
    <trkpt lat="42.964143" lon="141.623498"><ele>179</ele></trkpt>
    <trkpt lat="42.964014" lon="141.623669"><ele>179</ele></trkpt>
    <trkpt lat="42.963891" lon="141.623848"><ele>179</ele></trkpt>
    <trkpt lat="42.963761" lon="141.624019"><ele>179</ele></trkpt>
    <trkpt lat="42.963638" lon="141.624198"><ele>179</ele></trkpt>
    <trkpt lat="42.963508" lon="141.624369"><ele>180</ele></trkpt>
    <trkpt lat="42.963381" lon="141.624542"><ele>180</ele></trkpt>
    <trkpt lat="42.963257" lon="141.624721"><ele>180</ele></trkpt>
    <trkpt lat="42.963134" lon="141.624900"><ele>180</ele></trkpt>
    <trkpt lat="42.963004" lon="141.625070"><ele>180</ele></trkpt>
    <trkpt lat="42.962878" lon="141.625244"><ele>180</ele></trkpt>
    <trkpt lat="42.962753" lon="141.625422"><ele>180</ele></trkpt>
    <trkpt lat="42.962627" lon="141.625597"><ele>180</ele></trkpt>
    <trkpt lat="42.962497" lon="141.625766"><ele>180</ele></trkpt>
    <trkpt lat="42.962374" lon="141.625946"><ele>180</ele></trkpt>
    <trkpt lat="42.962245" lon="141.626117"><ele>180</ele></trkpt>
    <trkpt lat="42.962122" lon="141.626296"><ele>180</ele></trkpt>
    <trkpt lat="42.961992" lon="141.626466"><ele>180</ele></trkpt>
    <trkpt lat="42.961863" lon="141.626638"><ele>180</ele></trkpt>
    <trkpt lat="42.961741" lon="141.626819"><ele>180</ele></trkpt>
    <trkpt lat="42.961613" lon="141.626991"><ele>180</ele></trkpt>
    <trkpt lat="42.961488" lon="141.627167"><ele>180</ele></trkpt>
    <trkpt lat="42.961362" lon="141.627342"><ele>180</ele></trkpt>
    <trkpt lat="42.961240" lon="141.627523"><ele>180</ele></trkpt>
    <trkpt lat="42.961113" lon="141.627698"><ele>180</ele></trkpt>
    <trkpt lat="42.960985" lon="141.627870"><ele>181</ele></trkpt>
    <trkpt lat="42.960860" lon="141.628047"><ele>181</ele></trkpt>
    <trkpt lat="42.960730" lon="141.628217"><ele>181</ele></trkpt>
    <trkpt lat="42.960603" lon="141.628391"><ele>181</ele></trkpt>
    <trkpt lat="42.960473" lon="141.628561"><ele>181</ele></trkpt>
    <trkpt lat="42.960351" lon="141.628741"><ele>181</ele></trkpt>
    <trkpt lat="42.960225" lon="141.628917"><ele>181</ele></trkpt>
    <trkpt lat="42.960103" lon="141.629097"><ele>181</ele></trkpt>
    <trkpt lat="42.959972" lon="141.629266"><ele>181</ele></trkpt>
    <trkpt lat="42.959848" lon="141.629444"><ele>181</ele></trkpt>
    <trkpt lat="42.959720" lon="141.629617"><ele>181</ele></trkpt>
    <trkpt lat="42.959593" lon="141.629790"><ele>181</ele></trkpt>
    <trkpt lat="42.959467" lon="141.629965"><ele>181</ele></trkpt>
    <trkpt lat="42.959344" lon="141.630145"><ele>181</ele></trkpt>
    <trkpt lat="42.959220" lon="141.630323"><ele>181</ele></trkpt>
    <trkpt lat="42.959094" lon="141.630499"><ele>181</ele></trkpt>
    <trkpt lat="42.958966" lon="141.630672"><ele>181</ele></trkpt>
    <trkpt lat="42.958838" lon="141.630843"><ele>181</ele></trkpt>
    <trkpt lat="42.958712" lon="141.631019"><ele>181</ele></trkpt>
    <trkpt lat="42.958581" lon="141.631188"><ele>181</ele></trkpt>
    <trkpt lat="42.958453" lon="141.631360"><ele>181</ele></trkpt>
    <trkpt lat="42.958326" lon="141.631534"><ele>182</ele></trkpt>
    <trkpt lat="42.958202" lon="141.631713"><ele>182</ele></trkpt>
    <trkpt lat="42.958079" lon="141.631892"><ele>182</ele></trkpt>
    <trkpt lat="42.957954" lon="141.632069"><ele>182</ele></trkpt>
    <trkpt lat="42.957827" lon="141.632243"><ele>182</ele></trkpt>
    <trkpt lat="42.957705" lon="141.632423"><ele>182</ele></trkpt>
    <trkpt lat="42.957575" lon="141.632593"><ele>182</ele></trkpt>
    <trkpt lat="42.957444" lon="141.632762"><ele>182</ele></trkpt>
    <trkpt lat="42.957314" lon="141.632931"><ele>182</ele></trkpt>
    <trkpt lat="42.957189" lon="141.633107"><ele>182</ele></trkpt>
    <trkpt lat="42.957064" lon="141.633284"><ele>182</ele></trkpt>
    <trkpt lat="42.956933" lon="141.633453"><ele>182</ele></trkpt>
    <trkpt lat="42.956806" lon="141.633627"><ele>182</ele></trkpt>
    <trkpt lat="42.956678" lon="141.633800"><ele>182</ele></trkpt>
    <trkpt lat="42.956554" lon="141.633977"><ele>182</ele></trkpt>
    <trkpt lat="42.956430" lon="141.634156"><ele>182</ele></trkpt>
    <trkpt lat="42.956304" lon="141.634332"><ele>182</ele></trkpt>
    <trkpt lat="42.956179" lon="141.634508"><ele>182</ele></trkpt>
    <trkpt lat="42.956057" lon="141.634688"><ele>182</ele></trkpt>
    <trkpt lat="42.955931" lon="141.634864"><ele>182</ele></trkpt>
    <trkpt lat="42.955806" lon="141.635040"><ele>182</ele></trkpt>
    <trkpt lat="42.955682" lon="141.635219"><ele>182</ele></trkpt>
    <trkpt lat="42.955553" lon="141.635389"><ele>182</ele></trkpt>
    <trkpt lat="42.955425" lon="141.635562"><ele>183</ele></trkpt>
    <trkpt lat="42.955303" lon="141.635742"><ele>183</ele></trkpt>
    <trkpt lat="42.955174" lon="141.635914"><ele>183</ele></trkpt>
    <trkpt lat="42.955045" lon="141.636085"><ele>183</ele></trkpt>
    <trkpt lat="42.954914" lon="141.636254"><ele>183</ele></trkpt>
    <trkpt lat="42.954787" lon="141.636428"><ele>183</ele></trkpt>
    <trkpt lat="42.954663" lon="141.636606"><ele>183</ele></trkpt>
    <trkpt lat="42.954539" lon="141.636784"><ele>183</ele></trkpt>
    <trkpt lat="42.954416" lon="141.636964"><ele>183</ele></trkpt>
    <trkpt lat="42.954289" lon="141.637137"><ele>183</ele></trkpt>
    <trkpt lat="42.954159" lon="141.637308"><ele>183</ele></trkpt>
    <trkpt lat="42.954037" lon="141.637488"><ele>183</ele></trkpt>
    <trkpt lat="42.953915" lon="141.637668"><ele>183</ele></trkpt>
    <trkpt lat="42.953788" lon="141.637843"><ele>183</ele></trkpt>
    <trkpt lat="42.953664" lon="141.638021"><ele>183</ele></trkpt>
    <trkpt lat="42.953538" lon="141.638195"><ele>183</ele></trkpt>
    <trkpt lat="42.953411" lon="141.638370"><ele>183</ele></trkpt>
    <trkpt lat="42.953287" lon="141.638547"><ele>183</ele></trkpt>
    <trkpt lat="42.953160" lon="141.638722"><ele>183</ele></trkpt>
    <trkpt lat="42.953035" lon="141.638898"><ele>183</ele></trkpt>
    <trkpt lat="42.952910" lon="141.639075"><ele>183</ele></trkpt>
    <trkpt lat="42.952784" lon="141.639250"><ele>183</ele></trkpt>
    <trkpt lat="42.952657" lon="141.639425"><ele>183</ele></trkpt>
    <trkpt lat="42.952530" lon="141.639598"><ele>183</ele></trkpt>
    <trkpt lat="42.952399" lon="141.639767"><ele>184</ele></trkpt>
    <trkpt lat="42.952274" lon="141.639944"><ele>184</ele></trkpt>
    <trkpt lat="42.952149" lon="141.640120"><ele>184</ele></trkpt>
    <trkpt lat="42.952020" lon="141.640292"><ele>184</ele></trkpt>
    <trkpt lat="42.951897" lon="141.640471"><ele>184</ele></trkpt>
    <trkpt lat="42.951769" lon="141.640644"><ele>184</ele></trkpt>
    <trkpt lat="42.951639" lon="141.640814"><ele>184</ele></trkpt>
    <trkpt lat="42.951516" lon="141.640993"><ele>184</ele></trkpt>
    <trkpt lat="42.951389" lon="141.641167"><ele>184</ele></trkpt>
    <trkpt lat="42.951262" lon="141.641341"><ele>184</ele></trkpt>
    <trkpt lat="42.951136" lon="141.641517"><ele>184</ele></trkpt>
    <trkpt lat="42.951013" lon="141.641696"><ele>184</ele></trkpt>
    <trkpt lat="42.950890" lon="141.641875"><ele>184</ele></trkpt>
    <trkpt lat="42.950766" lon="141.642052"><ele>184</ele></trkpt>
    <trkpt lat="42.950639" lon="141.642227"><ele>184</ele></trkpt>
    <trkpt lat="42.950514" lon="141.642403"><ele>184</ele></trkpt>
    <trkpt lat="42.950390" lon="141.642582"><ele>184</ele></trkpt>
    <trkpt lat="42.950268" lon="141.642762"><ele>184</ele></trkpt>
    <trkpt lat="42.950143" lon="141.642939"><ele>184</ele></trkpt>
    <trkpt lat="42.950018" lon="141.643116"><ele>184</ele></trkpt>
    <trkpt lat="42.949896" lon="141.643297"><ele>184</ele></trkpt>
    <trkpt lat="42.949770" lon="141.643471"><ele>184</ele></trkpt>
    <trkpt lat="42.949640" lon="141.643642"><ele>184</ele></trkpt>
    <trkpt lat="42.949511" lon="141.643813"><ele>184</ele></trkpt>
    <trkpt lat="42.949382" lon="141.643983"><ele>184</ele></trkpt>
    <trkpt lat="42.949256" lon="141.644159"><ele>184</ele></trkpt>
    <trkpt lat="42.949131" lon="141.644336"><ele>185</ele></trkpt>
    <trkpt lat="42.949009" lon="141.644516"><ele>185</ele></trkpt>
    <trkpt lat="42.948886" lon="141.644695"><ele>185</ele></trkpt>
    <trkpt lat="42.948757" lon="141.644867"><ele>185</ele></trkpt>
    <trkpt lat="42.948631" lon="141.645042"><ele>185</ele></trkpt>
    <trkpt lat="42.948508" lon="141.645222"><ele>185</ele></trkpt>
    <trkpt lat="42.948382" lon="141.645397"><ele>185</ele></trkpt>
    <trkpt lat="42.948253" lon="141.645568"><ele>185</ele></trkpt>
    <trkpt lat="42.948130" lon="141.645747"><ele>185</ele></trkpt>
    <trkpt lat="42.948003" lon="141.645922"><ele>185</ele></trkpt>
    <trkpt lat="42.947880" lon="141.646101"><ele>185</ele></trkpt>
    <trkpt lat="42.947753" lon="141.646275"><ele>185</ele></trkpt>
    <trkpt lat="42.947628" lon="141.646451"><ele>185</ele></trkpt>
    <trkpt lat="42.947497" lon="141.646620"><ele>185</ele></trkpt>
    <trkpt lat="42.947368" lon="141.646792"><ele>185</ele></trkpt>
    <trkpt lat="42.947244" lon="141.646969"><ele>185</ele></trkpt>
    <trkpt lat="42.947119" lon="141.647145"><ele>185</ele></trkpt>
    <trkpt lat="42.946989" lon="141.647316"><ele>185</ele></trkpt>
    <trkpt lat="42.946862" lon="141.647490"><ele>185</ele></trkpt>
    <trkpt lat="42.946737" lon="141.647667"><ele>185</ele></trkpt>
    <trkpt lat="42.946613" lon="141.647844"><ele>185</ele></trkpt>
    <trkpt lat="42.946484" lon="141.648016"><ele>185</ele></trkpt>
    <trkpt lat="42.946356" lon="141.648188"><ele>185</ele></trkpt>
    <trkpt lat="42.946230" lon="141.648363"><ele>185</ele></trkpt>
    <trkpt lat="42.946101" lon="141.648535"><ele>185</ele></trkpt>
    <trkpt lat="42.945975" lon="141.648711"><ele>185</ele></trkpt>
    <trkpt lat="42.945847" lon="141.648883"><ele>185</ele></trkpt>
    <trkpt lat="42.945717" lon="141.649053"><ele>185</ele></trkpt>
    <trkpt lat="42.945588" lon="141.649224"><ele>185</ele></trkpt>
    <trkpt lat="42.945464" lon="141.649402"><ele>186</ele></trkpt>
    <trkpt lat="42.945342" lon="141.649582"><ele>186</ele></trkpt>
    <trkpt lat="42.945220" lon="141.649763"><ele>186</ele></trkpt>
    <trkpt lat="42.945093" lon="141.649938"><ele>186</ele></trkpt>
    <trkpt lat="42.944968" lon="141.650113"><ele>186</ele></trkpt>
    <trkpt lat="42.944845" lon="141.650292"><ele>186</ele></trkpt>
    <trkpt lat="42.944714" lon="141.650462"><ele>186</ele></trkpt>
    <trkpt lat="42.944590" lon="141.650639"><ele>186</ele></trkpt>
    <trkpt lat="42.944465" lon="141.650816"><ele>186</ele></trkpt>
    <trkpt lat="42.944334" lon="141.650985"><ele>186</ele></trkpt>
    <trkpt lat="42.944211" lon="141.651164"><ele>186</ele></trkpt>
    <trkpt lat="42.944081" lon="141.651333"><ele>186</ele></trkpt>
    <trkpt lat="42.943956" lon="141.651510"><ele>186</ele></trkpt>
    <trkpt lat="42.943826" lon="141.651681"><ele>186</ele></trkpt>
    <trkpt lat="42.943698" lon="141.651852"><ele>186</ele></trkpt>
    <trkpt lat="42.943570" lon="141.652025"><ele>186</ele></trkpt>
    <trkpt lat="42.943448" lon="141.652206"><ele>186</ele></trkpt>
    <trkpt lat="42.943319" lon="141.652377"><ele>186</ele></trkpt>
    <trkpt lat="42.943190" lon="141.652549"><ele>186</ele></trkpt>
    <trkpt lat="42.943061" lon="141.652720"><ele>186</ele></trkpt>
    <trkpt lat="42.942938" lon="141.652898"><ele>186</ele></trkpt>
    <trkpt lat="42.942813" lon="141.653076"><ele>186</ele></trkpt>
    <trkpt lat="42.942683" lon="141.653246"><ele>186</ele></trkpt>
    <trkpt lat="42.942560" lon="141.653424"><ele>186</ele></trkpt>
    <trkpt lat="42.942430" lon="141.653594"><ele>186</ele></trkpt>
    <trkpt lat="42.942306" lon="141.653773"><ele>186</ele></trkpt>
    <trkpt lat="42.942180" lon="141.653948"><ele>186</ele></trkpt>
    <trkpt lat="42.942053" lon="141.654121"><ele>186</ele></trkpt>
    <trkpt lat="42.941930" lon="141.654302"><ele>186</ele></trkpt>
    <trkpt lat="42.941807" lon="141.654480"><ele>186</ele></trkpt>
    <trkpt lat="42.941685" lon="141.654660"><ele>186</ele></trkpt>
    <trkpt lat="42.941557" lon="141.654834"><ele>187</ele></trkpt>
    <trkpt lat="42.941429" lon="141.655006"><ele>187</ele></trkpt>
    <trkpt lat="42.941304" lon="141.655183"><ele>187</ele></trkpt>
    <trkpt lat="42.941181" lon="141.655362"><ele>187</ele></trkpt>
    <trkpt lat="42.941052" lon="141.655533"><ele>187</ele></trkpt>
    <trkpt lat="42.940924" lon="141.655706"><ele>187</ele></trkpt>
    <trkpt lat="42.940794" lon="141.655875"><ele>187</ele></trkpt>
    <trkpt lat="42.940667" lon="141.656049"><ele>187</ele></trkpt>
    <trkpt lat="42.940544" lon="141.656229"><ele>187</ele></trkpt>
    <trkpt lat="42.940418" lon="141.656404"><ele>187</ele></trkpt>
    <trkpt lat="42.940295" lon="141.656584"><ele>187</ele></trkpt>
    <trkpt lat="42.940168" lon="141.656757"><ele>187</ele></trkpt>
    <trkpt lat="42.940044" lon="141.656935"><ele>187</ele></trkpt>
    <trkpt lat="42.939918" lon="141.657110"><ele>187</ele></trkpt>
    <trkpt lat="42.939792" lon="141.657285"><ele>187</ele></trkpt>
    <trkpt lat="42.939665" lon="141.657460"><ele>187</ele></trkpt>
    <trkpt lat="42.939543" lon="141.657640"><ele>187</ele></trkpt>
    <trkpt lat="42.939415" lon="141.657813"><ele>187</ele></trkpt>
    <trkpt lat="42.939291" lon="141.657992"><ele>187</ele></trkpt>
    <trkpt lat="42.939162" lon="141.658162"><ele>187</ele></trkpt>
    <trkpt lat="42.939036" lon="141.658337"><ele>187</ele></trkpt>
    <trkpt lat="42.938906" lon="141.658507"><ele>187</ele></trkpt>
    <trkpt lat="42.938780" lon="141.658683"><ele>187</ele></trkpt>
    <trkpt lat="42.938656" lon="141.658861"><ele>187</ele></trkpt>
    <trkpt lat="42.938533" lon="141.659040"><ele>187</ele></trkpt>
    <trkpt lat="42.938408" lon="141.659217"><ele>187</ele></trkpt>
    <trkpt lat="42.938280" lon="141.659390"><ele>187</ele></trkpt>
    <trkpt lat="42.938154" lon="141.659565"><ele>187</ele></trkpt>
    <trkpt lat="42.938032" lon="141.659745"><ele>187</ele></trkpt>
    <trkpt lat="42.937905" lon="141.659920"><ele>187</ele></trkpt>
    <trkpt lat="42.937777" lon="141.660092"><ele>187</ele></trkpt>
    <trkpt lat="42.937652" lon="141.660269"><ele>187</ele></trkpt>
    <trkpt lat="42.937525" lon="141.660443"><ele>187</ele></trkpt>
    <trkpt lat="42.937396" lon="141.660613"><ele>187</ele></trkpt>
    <trkpt lat="42.937269" lon="141.660787"><ele>187</ele></trkpt>
    <trkpt lat="42.937145" lon="141.660965"><ele>187</ele></trkpt>
    <trkpt lat="42.937018" lon="141.661139"><ele>187</ele></trkpt>
    <trkpt lat="42.936887" lon="141.661308"><ele>188</ele></trkpt>
    <trkpt lat="42.936763" lon="141.661487"><ele>188</ele></trkpt>
    <trkpt lat="42.936639" lon="141.661664"><ele>188</ele></trkpt>
    <trkpt lat="42.936514" lon="141.661840"><ele>188</ele></trkpt>
    <trkpt lat="42.936388" lon="141.662016"><ele>188</ele></trkpt>
    <trkpt lat="42.936258" lon="141.662186"><ele>188</ele></trkpt>
    <trkpt lat="42.936131" lon="141.662359"><ele>188</ele></trkpt>
    <trkpt lat="42.936009" lon="141.662540"><ele>188</ele></trkpt>
    <trkpt lat="42.935878" lon="141.662709"><ele>188</ele></trkpt>
    <trkpt lat="42.935750" lon="141.662881"><ele>188</ele></trkpt>
    <trkpt lat="42.935622" lon="141.663053"><ele>188</ele></trkpt>
    <trkpt lat="42.935499" lon="141.663233"><ele>188</ele></trkpt>
    <trkpt lat="42.935370" lon="141.663404"><ele>188</ele></trkpt>
    <trkpt lat="42.935248" lon="141.663584"><ele>188</ele></trkpt>
    <trkpt lat="42.935123" lon="141.663762"><ele>188</ele></trkpt>
    <trkpt lat="42.934997" lon="141.663937"><ele>188</ele></trkpt>
    <trkpt lat="42.934870" lon="141.664111"><ele>188</ele></trkpt>
    <trkpt lat="42.934746" lon="141.664289"><ele>188</ele></trkpt>
    <trkpt lat="42.934615" lon="141.664457"><ele>188</ele></trkpt>
    <trkpt lat="42.934485" lon="141.664627"><ele>188</ele></trkpt>
    <trkpt lat="42.934363" lon="141.664807"><ele>188</ele></trkpt>
    <trkpt lat="42.934238" lon="141.664984"><ele>188</ele></trkpt>
    <trkpt lat="42.934115" lon="141.665163"><ele>188</ele></trkpt>
    <trkpt lat="42.933986" lon="141.665334"><ele>188</ele></trkpt>
    <trkpt lat="42.933857" lon="141.665506"><ele>188</ele></trkpt>
    <trkpt lat="42.933727" lon="141.665676"><ele>188</ele></trkpt>
    <trkpt lat="42.933597" lon="141.665845"><ele>188</ele></trkpt>
    <trkpt lat="42.933472" lon="141.666022"><ele>188</ele></trkpt>
    <trkpt lat="42.933346" lon="141.666197"><ele>188</ele></trkpt>
    <trkpt lat="42.933221" lon="141.666373"><ele>188</ele></trkpt>
    <trkpt lat="42.933098" lon="141.666553"><ele>188</ele></trkpt>
    <trkpt lat="42.932971" lon="141.666727"><ele>188</ele></trkpt>
    <trkpt lat="42.932848" lon="141.666907"><ele>188</ele></trkpt>
    <trkpt lat="42.932723" lon="141.667083"><ele>188</ele></trkpt>
    <trkpt lat="42.932593" lon="141.667253"><ele>188</ele></trkpt>
    <trkpt lat="42.932469" lon="141.667430"><ele>188</ele></trkpt>
    <trkpt lat="42.932338" lon="141.667599"><ele>188</ele></trkpt>
    <trkpt lat="42.932212" lon="141.667775"><ele>188</ele></trkpt>
    <trkpt lat="42.932085" lon="141.667948"><ele>188</ele></trkpt>
    <trkpt lat="42.931961" lon="141.668126"><ele>188</ele></trkpt>
    <trkpt lat="42.931837" lon="141.668304"><ele>188</ele></trkpt>
    <trkpt lat="42.931711" lon="141.668480"><ele>188</ele></trkpt>
    <trkpt lat="42.931588" lon="141.668659"><ele>188</ele></trkpt>
    <trkpt lat="42.931460" lon="141.668831"><ele>188</ele></trkpt>
    <trkpt lat="42.931336" lon="141.669010"><ele>188</ele></trkpt>
    <trkpt lat="42.931206" lon="141.669179"><ele>189</ele></trkpt>
    <trkpt lat="42.931078" lon="141.669351"><ele>189</ele></trkpt>
    <trkpt lat="42.930987" lon="141.669139"><ele>189</ele></trkpt>
    <trkpt lat="42.930890" lon="141.668932"><ele>189</ele></trkpt>
    <trkpt lat="42.930797" lon="141.668722"><ele>189</ele></trkpt>
    <trkpt lat="42.930708" lon="141.668508"><ele>189</ele></trkpt>
    <trkpt lat="42.930615" lon="141.668298"><ele>189</ele></trkpt>
    <trkpt lat="42.930522" lon="141.668088"><ele>189</ele></trkpt>
    <trkpt lat="42.930428" lon="141.667878"><ele>189</ele></trkpt>
    <trkpt lat="42.930333" lon="141.667670"><ele>189</ele></trkpt>
    <trkpt lat="42.930244" lon="141.667456"><ele>189</ele></trkpt>
    <trkpt lat="42.930148" lon="141.667249"><ele>189</ele></trkpt>
    <trkpt lat="42.930054" lon="141.667039"><ele>189</ele></trkpt>
    <trkpt lat="42.929967" lon="141.666824"><ele>189</ele></trkpt>
    <trkpt lat="42.929876" lon="141.666613"><ele>189</ele></trkpt>
    <trkpt lat="42.929781" lon="141.666404"><ele>189</ele></trkpt>
    <trkpt lat="42.929684" lon="141.666197"><ele>189</ele></trkpt>
    <trkpt lat="42.929596" lon="141.665983"><ele>189</ele></trkpt>
    <trkpt lat="42.929505" lon="141.665771"><ele>189</ele></trkpt>
    <trkpt lat="42.929416" lon="141.665557"><ele>189</ele></trkpt>
    <trkpt lat="42.929319" lon="141.665350"><ele>189</ele></trkpt>
    <trkpt lat="42.929230" lon="141.665137"><ele>189</ele></trkpt>
    <trkpt lat="42.929134" lon="141.664929"><ele>189</ele></trkpt>
    <trkpt lat="42.929041" lon="141.664719"><ele>189</ele></trkpt>
    <trkpt lat="42.928947" lon="141.664509"><ele>189</ele></trkpt>
    <trkpt lat="42.928854" lon="141.664299"><ele>189</ele></trkpt>
    <trkpt lat="42.928763" lon="141.664087"><ele>189</ele></trkpt>
    <trkpt lat="42.928675" lon="141.663873"><ele>189</ele></trkpt>
    <trkpt lat="42.928584" lon="141.663661"><ele>189</ele></trkpt>
    <trkpt lat="42.928490" lon="141.663452"><ele>189</ele></trkpt>
    <trkpt lat="42.928401" lon="141.663239"><ele>189</ele></trkpt>
    <trkpt lat="42.928308" lon="141.663028"><ele>189</ele></trkpt>
    <trkpt lat="42.928219" lon="141.662814"><ele>189</ele></trkpt>
    <trkpt lat="42.928129" lon="141.662602"><ele>189</ele></trkpt>
    <trkpt lat="42.928041" lon="141.662387"><ele>189</ele></trkpt>
    <trkpt lat="42.927946" lon="141.662179"><ele>189</ele></trkpt>
    <trkpt lat="42.927855" lon="141.661967"><ele>189</ele></trkpt>
    <trkpt lat="42.927765" lon="141.661755"><ele>189</ele></trkpt>
    <trkpt lat="42.927672" lon="141.661544"><ele>189</ele></trkpt>
    <trkpt lat="42.927586" lon="141.661329"><ele>189</ele></trkpt>
    <trkpt lat="42.927494" lon="141.661117"><ele>189</ele></trkpt>
    <trkpt lat="42.927397" lon="141.660910"><ele>189</ele></trkpt>
    <trkpt lat="42.927304" lon="141.660700"><ele>189</ele></trkpt>
    <trkpt lat="42.927210" lon="141.660490"><ele>189</ele></trkpt>
    <trkpt lat="42.927123" lon="141.660276"><ele>189</ele></trkpt>
    <trkpt lat="42.927028" lon="141.660067"><ele>189</ele></trkpt>
    <trkpt lat="42.926937" lon="141.659855"><ele>189</ele></trkpt>
    <trkpt lat="42.926848" lon="141.659642"><ele>189</ele></trkpt>
    <trkpt lat="42.926759" lon="141.659428"><ele>189</ele></trkpt>
    <trkpt lat="42.926667" lon="141.659218"><ele>189</ele></trkpt>
    <trkpt lat="42.926577" lon="141.659004"><ele>189</ele></trkpt>
    <trkpt lat="42.926490" lon="141.658789"><ele>189</ele></trkpt>
    <trkpt lat="42.926400" lon="141.658577"><ele>189</ele></trkpt>
    <trkpt lat="42.926312" lon="141.658362"><ele>189</ele></trkpt>
    <trkpt lat="42.926219" lon="141.658153"><ele>189</ele></trkpt>
    <trkpt lat="42.926121" lon="141.657946"><ele>189</ele></trkpt>
    <trkpt lat="42.926025" lon="141.657739"><ele>189</ele></trkpt>
    <trkpt lat="42.925929" lon="141.657531"><ele>189</ele></trkpt>
    <trkpt lat="42.925838" lon="141.657319"><ele>189</ele></trkpt>
    <trkpt lat="42.925741" lon="141.657112"><ele>189</ele></trkpt>
    <trkpt lat="42.925648" lon="141.656902"><ele>189</ele></trkpt>
    <trkpt lat="42.925556" lon="141.656691"><ele>189</ele></trkpt>
    <trkpt lat="42.925463" lon="141.656480"><ele>189</ele></trkpt>
    <trkpt lat="42.925373" lon="141.656268"><ele>189</ele></trkpt>
    <trkpt lat="42.925285" lon="141.656053"><ele>189</ele></trkpt>
    <trkpt lat="42.925194" lon="141.655842"><ele>189</ele></trkpt>
    <trkpt lat="42.925099" lon="141.655633"><ele>190</ele></trkpt>
    <trkpt lat="42.925004" lon="141.655425"><ele>190</ele></trkpt>
    <trkpt lat="42.924915" lon="141.655211"><ele>190</ele></trkpt>
    <trkpt lat="42.924822" lon="141.655001"><ele>190</ele></trkpt>
    <trkpt lat="42.924734" lon="141.654787"><ele>190</ele></trkpt>
    <trkpt lat="42.924643" lon="141.654575"><ele>190</ele></trkpt>
    <trkpt lat="42.924553" lon="141.654363"><ele>190</ele></trkpt>
    <trkpt lat="42.924460" lon="141.654152"><ele>190</ele></trkpt>
    <trkpt lat="42.924364" lon="141.653944"><ele>190</ele></trkpt>
    <trkpt lat="42.924275" lon="141.653731"><ele>190</ele></trkpt>
    <trkpt lat="42.924187" lon="141.653517"><ele>190</ele></trkpt>
    <trkpt lat="42.924097" lon="141.653304"><ele>190</ele></trkpt>
    <trkpt lat="42.924006" lon="141.653092"><ele>190</ele></trkpt>
    <trkpt lat="42.923912" lon="141.652883"><ele>190</ele></trkpt>
    <trkpt lat="42.923821" lon="141.652671"><ele>190</ele></trkpt>
    <trkpt lat="42.923725" lon="141.652463"><ele>190</ele></trkpt>
    <trkpt lat="42.923630" lon="141.652255"><ele>190</ele></trkpt>
    <trkpt lat="42.923539" lon="141.652043"><ele>190</ele></trkpt>
    <trkpt lat="42.923448" lon="141.651831"><ele>190</ele></trkpt>
    <trkpt lat="42.923351" lon="141.651624"><ele>190</ele></trkpt>
    <trkpt lat="42.923254" lon="141.651417"><ele>190</ele></trkpt>
    <trkpt lat="42.923168" lon="141.651202"><ele>190</ele></trkpt>
    <trkpt lat="42.923075" lon="141.650991"><ele>190</ele></trkpt>
    <trkpt lat="42.922982" lon="141.650781"><ele>190</ele></trkpt>
    <trkpt lat="42.922891" lon="141.650569"><ele>190</ele></trkpt>
    <trkpt lat="42.922804" lon="141.650354"><ele>190</ele></trkpt>
    <trkpt lat="42.922707" lon="141.650147"><ele>190</ele></trkpt>
    <trkpt lat="42.922618" lon="141.649934"><ele>190</ele></trkpt>
    <trkpt lat="42.922525" lon="141.649723"><ele>190</ele></trkpt>
    <trkpt lat="42.922434" lon="141.649512"><ele>190</ele></trkpt>
    <trkpt lat="42.922339" lon="141.649303"><ele>190</ele></trkpt>
    <trkpt lat="42.922247" lon="141.649092"><ele>190</ele></trkpt>
    <trkpt lat="42.922159" lon="141.648878"><ele>190</ele></trkpt>
    <trkpt lat="42.922067" lon="141.648667"><ele>190</ele></trkpt>
    <trkpt lat="42.921980" lon="141.648452"><ele>190</ele></trkpt>
    <trkpt lat="42.921886" lon="141.648242"><ele>190</ele></trkpt>
    <trkpt lat="42.921799" lon="141.648027"><ele>190</ele></trkpt>
    <trkpt lat="42.921712" lon="141.647813"><ele>190</ele></trkpt>
    <trkpt lat="42.921618" lon="141.647603"><ele>190</ele></trkpt>
    <trkpt lat="42.921529" lon="141.647390"><ele>190</ele></trkpt>
    <trkpt lat="42.921440" lon="141.647176"><ele>190</ele></trkpt>
    <trkpt lat="42.921349" lon="141.646964"><ele>190</ele></trkpt>
    <trkpt lat="42.921252" lon="141.646757"><ele>190</ele></trkpt>
    <trkpt lat="42.921157" lon="141.646549"><ele>190</ele></trkpt>
    <trkpt lat="42.921067" lon="141.646336"><ele>190</ele></trkpt>
    <trkpt lat="42.920979" lon="141.646122"><ele>190</ele></trkpt>
    <trkpt lat="42.920892" lon="141.645906"><ele>190</ele></trkpt>
    <trkpt lat="42.920800" lon="141.645696"><ele>190</ele></trkpt>
    <trkpt lat="42.920708" lon="141.645484"><ele>190</ele></trkpt>
    <trkpt lat="42.920612" lon="141.645277"><ele>190</ele></trkpt>
    <trkpt lat="42.920520" lon="141.645066"><ele>190</ele></trkpt>
    <trkpt lat="42.920428" lon="141.644855"><ele>190</ele></trkpt>
    <trkpt lat="42.920333" lon="141.644646"><ele>190</ele></trkpt>
    <trkpt lat="42.920242" lon="141.644435"><ele>190</ele></trkpt>
    <trkpt lat="42.920145" lon="141.644227"><ele>190</ele></trkpt>
    <trkpt lat="42.920056" lon="141.644014"><ele>190</ele></trkpt>
    <trkpt lat="42.919960" lon="141.643807"><ele>190</ele></trkpt>
    <trkpt lat="42.919865" lon="141.643598"><ele>190</ele></trkpt>
    <trkpt lat="42.919774" lon="141.643386"><ele>190</ele></trkpt>
    <trkpt lat="42.919686" lon="141.643172"><ele>190</ele></trkpt>
    <trkpt lat="42.919594" lon="141.642961"><ele>190</ele></trkpt>
    <trkpt lat="42.919500" lon="141.642752"><ele>190</ele></trkpt>
    <trkpt lat="42.919404" lon="141.642544"><ele>190</ele></trkpt>
    <trkpt lat="42.919307" lon="141.642337"><ele>190</ele></trkpt>
    <trkpt lat="42.919214" lon="141.642127"><ele>190</ele></trkpt>
    <trkpt lat="42.919126" lon="141.641912"><ele>190</ele></trkpt>
    <trkpt lat="42.919036" lon="141.641700"><ele>190</ele></trkpt>
    <trkpt lat="42.918949" lon="141.641485"><ele>190</ele></trkpt>
    <trkpt lat="42.918853" lon="141.641277"><ele>190</ele></trkpt>
    <trkpt lat="42.918763" lon="141.641065"><ele>190</ele></trkpt>
    <trkpt lat="42.918675" lon="141.640850"><ele>190</ele></trkpt>
    <trkpt lat="42.918579" lon="141.640642"><ele>190</ele></trkpt>
    <trkpt lat="42.918489" lon="141.640430"><ele>190</ele></trkpt>
    <trkpt lat="42.918400" lon="141.640216"><ele>190</ele></trkpt>
    <trkpt lat="42.918304" lon="141.640008"><ele>190</ele></trkpt>
    <trkpt lat="42.918215" lon="141.639795"><ele>190</ele></trkpt>
    <trkpt lat="42.918124" lon="141.639584"><ele>190</ele></trkpt>
    <trkpt lat="42.918036" lon="141.639369"><ele>190</ele></trkpt>
    <trkpt lat="42.917943" lon="141.639159"><ele>190</ele></trkpt>
    <trkpt lat="42.917853" lon="141.638947"><ele>190</ele></trkpt>
    <trkpt lat="42.917760" lon="141.638737"><ele>190</ele></trkpt>
    <trkpt lat="42.917667" lon="141.638526"><ele>190</ele></trkpt>
    <trkpt lat="42.917578" lon="141.638313"><ele>190</ele></trkpt>
    <trkpt lat="42.917483" lon="141.638104"><ele>190</ele></trkpt>
    <trkpt lat="42.917393" lon="141.637892"><ele>190</ele></trkpt>
    <trkpt lat="42.917299" lon="141.637682"><ele>190</ele></trkpt>
    <trkpt lat="42.917202" lon="141.637475"><ele>190</ele></trkpt>
    <trkpt lat="42.917112" lon="141.637262"><ele>190</ele></trkpt>
    <trkpt lat="42.917022" lon="141.637050"><ele>190</ele></trkpt>
    <trkpt lat="42.916932" lon="141.636837"><ele>190</ele></trkpt>
    <trkpt lat="42.916838" lon="141.636627"><ele>190</ele></trkpt>
    <trkpt lat="42.916750" lon="141.636414"><ele>190</ele></trkpt>
    <trkpt lat="42.916659" lon="141.636202"><ele>190</ele></trkpt>
    <trkpt lat="42.916571" lon="141.635987"><ele>190</ele></trkpt>
    <trkpt lat="42.916479" lon="141.635776"><ele>190</ele></trkpt>
    <trkpt lat="42.916382" lon="141.635570"><ele>190</ele></trkpt>
    <trkpt lat="42.916288" lon="141.635361"><ele>190</ele></trkpt>
    <trkpt lat="42.916198" lon="141.635148"><ele>190</ele></trkpt>
    <trkpt lat="42.916102" lon="141.634940"><ele>190</ele></trkpt>
    <trkpt lat="42.916005" lon="141.634733"><ele>190</ele></trkpt>
    <trkpt lat="42.915917" lon="141.634519"><ele>190</ele></trkpt>
    <trkpt lat="42.915823" lon="141.634309"><ele>190</ele></trkpt>
    <trkpt lat="42.915727" lon="141.634102"><ele>190</ele></trkpt>
    <trkpt lat="42.915637" lon="141.633889"><ele>190</ele></trkpt>
    <trkpt lat="42.915541" lon="141.633682"><ele>190</ele></trkpt>
    <trkpt lat="42.915453" lon="141.633467"><ele>190</ele></trkpt>
    <trkpt lat="42.915356" lon="141.633260"><ele>190</ele></trkpt>
    <trkpt lat="42.915262" lon="141.633051"><ele>190</ele></trkpt>
    <trkpt lat="42.915169" lon="141.632841"><ele>190</ele></trkpt>
    <trkpt lat="42.915078" lon="141.632629"><ele>190</ele></trkpt>
    <trkpt lat="42.914991" lon="141.632414"><ele>190</ele></trkpt>
    <trkpt lat="42.914895" lon="141.632206"><ele>190</ele></trkpt>
    <trkpt lat="42.914798" lon="141.632000"><ele>190</ele></trkpt>
    <trkpt lat="42.914709" lon="141.631786"><ele>190</ele></trkpt>
    <trkpt lat="42.914614" lon="141.631578"><ele>190</ele></trkpt>
    <trkpt lat="42.914526" lon="141.631363"><ele>190</ele></trkpt>
    <trkpt lat="42.914435" lon="141.631151"><ele>190</ele></trkpt>
    <trkpt lat="42.914347" lon="141.630937"><ele>190</ele></trkpt>
    <trkpt lat="42.914254" lon="141.630727"><ele>190</ele></trkpt>
    <trkpt lat="42.914160" lon="141.630518"><ele>190</ele></trkpt>
    <trkpt lat="42.914070" lon="141.630305"><ele>190</ele></trkpt>
    <trkpt lat="42.913982" lon="141.630091"><ele>190</ele></trkpt>
    <trkpt lat="42.913889" lon="141.629881"><ele>190</ele></trkpt>
    <trkpt lat="42.913792" lon="141.629674"><ele>190</ele></trkpt>
    <trkpt lat="42.913695" lon="141.629468"><ele>190</ele></trkpt>
    <trkpt lat="42.913607" lon="141.629253"><ele>190</ele></trkpt>
    <trkpt lat="42.913515" lon="141.629042"><ele>190</ele></trkpt>
    <trkpt lat="42.913427" lon="141.628828"><ele>190</ele></trkpt>
    <trkpt lat="42.913330" lon="141.628621"><ele>190</ele></trkpt>
    <trkpt lat="42.913241" lon="141.628408"><ele>190</ele></trkpt>
    <trkpt lat="42.913147" lon="141.628198"><ele>190</ele></trkpt>
    <trkpt lat="42.913053" lon="141.627989"><ele>190</ele></trkpt>
    <trkpt lat="42.912963" lon="141.627776"><ele>190</ele></trkpt>
    <trkpt lat="42.912866" lon="141.627569"><ele>190</ele></trkpt>
    <trkpt lat="42.912773" lon="141.627359"><ele>190</ele></trkpt>
    <trkpt lat="42.912686" lon="141.627144"><ele>190</ele></trkpt>
    <trkpt lat="42.912599" lon="141.626930"><ele>190</ele></trkpt>
    <trkpt lat="42.912502" lon="141.626723"><ele>190</ele></trkpt>
    <trkpt lat="42.912413" lon="141.626509"><ele>190</ele></trkpt>
    <trkpt lat="42.912319" lon="141.626299"><ele>190</ele></trkpt>
    <trkpt lat="42.912223" lon="141.626092"><ele>190</ele></trkpt>
    <trkpt lat="42.912135" lon="141.625878"><ele>190</ele></trkpt>
    <trkpt lat="42.912047" lon="141.625663"><ele>190</ele></trkpt>
    <trkpt lat="42.911958" lon="141.625451"><ele>190</ele></trkpt>
    <trkpt lat="42.911868" lon="141.625238"><ele>190</ele></trkpt>
    <trkpt lat="42.911771" lon="141.625031"><ele>190</ele></trkpt>
    <trkpt lat="42.911678" lon="141.624820"><ele>190</ele></trkpt>
    <trkpt lat="42.911586" lon="141.624610"><ele>190</ele></trkpt>
    <trkpt lat="42.911493" lon="141.624400"><ele>190</ele></trkpt>
    <trkpt lat="42.911398" lon="141.624191"><ele>190</ele></trkpt>
    <trkpt lat="42.911303" lon="141.623982"><ele>190</ele></trkpt>
    <trkpt lat="42.911208" lon="141.623774"><ele>190</ele></trkpt>
    <trkpt lat="42.911111" lon="141.623567"><ele>190</ele></trkpt>
    <trkpt lat="42.911015" lon="141.623359"><ele>190</ele></trkpt>
    <trkpt lat="42.910927" lon="141.623145"><ele>190</ele></trkpt>
    <trkpt lat="42.910830" lon="141.622939"><ele>190</ele></trkpt>
    <trkpt lat="42.910742" lon="141.622724"><ele>190</ele></trkpt>
    <trkpt lat="42.910654" lon="141.622510"><ele>190</ele></trkpt>
    <trkpt lat="42.910561" lon="141.622300"><ele>190</ele></trkpt>
    <trkpt lat="42.910466" lon="141.622092"><ele>190</ele></trkpt>
    <trkpt lat="42.910629" lon="141.621990"><ele>190</ele></trkpt>
    <trkpt lat="42.910794" lon="141.621890"><ele>190</ele></trkpt>
    <trkpt lat="42.910957" lon="141.621786"><ele>190</ele></trkpt>
    <trkpt lat="42.911121" lon="141.621685"><ele>190</ele></trkpt>
    <trkpt lat="42.911284" lon="141.621581"><ele>190</ele></trkpt>
    <trkpt lat="42.911448" lon="141.621481"><ele>190</ele></trkpt>
    <trkpt lat="42.911611" lon="141.621379"><ele>190</ele></trkpt>
    <trkpt lat="42.911776" lon="141.621280"><ele>190</ele></trkpt>
    <trkpt lat="42.911937" lon="141.621170"><ele>190</ele></trkpt>
    <trkpt lat="42.912101" lon="141.621071"><ele>190</ele></trkpt>
    <trkpt lat="42.912265" lon="141.620968"><ele>190</ele></trkpt>
    <trkpt lat="42.912429" lon="141.620867"><ele>190</ele></trkpt>
    <trkpt lat="42.912594" lon="141.620769"><ele>190</ele></trkpt>
    <trkpt lat="42.912758" lon="141.620670"><ele>190</ele></trkpt>
    <trkpt lat="42.912920" lon="141.620563"><ele>190</ele></trkpt>
    <trkpt lat="42.913083" lon="141.620460"><ele>190</ele></trkpt>
    <trkpt lat="42.913248" lon="141.620361"><ele>190</ele></trkpt>
    <trkpt lat="42.913408" lon="141.620250"><ele>190</ele></trkpt>
    <trkpt lat="42.913571" lon="141.620146"><ele>190</ele></trkpt>
    <trkpt lat="42.913737" lon="141.620049"><ele>189</ele></trkpt>
    <trkpt lat="42.913899" lon="141.619944"><ele>189</ele></trkpt>
    <trkpt lat="42.914063" lon="141.619842"><ele>189</ele></trkpt>
    <trkpt lat="42.914225" lon="141.619736"><ele>189</ele></trkpt>
    <trkpt lat="42.914388" lon="141.619631"><ele>189</ele></trkpt>
    <trkpt lat="42.914552" lon="141.619530"><ele>189</ele></trkpt>
    <trkpt lat="42.914716" lon="141.619430"><ele>189</ele></trkpt>
    <trkpt lat="42.914877" lon="141.619321"><ele>189</ele></trkpt>
    <trkpt lat="42.915041" lon="141.619221"><ele>189</ele></trkpt>
    <trkpt lat="42.915204" lon="141.619116"><ele>189</ele></trkpt>
    <trkpt lat="42.915369" lon="141.619019"><ele>189</ele></trkpt>
    <trkpt lat="42.915531" lon="141.618913"><ele>189</ele></trkpt>
    <trkpt lat="42.915692" lon="141.618804"><ele>189</ele></trkpt>
    <trkpt lat="42.915856" lon="141.618702"><ele>189</ele></trkpt>
    <trkpt lat="42.916021" lon="141.618603"><ele>189</ele></trkpt>
    <trkpt lat="42.916184" lon="141.618500"><ele>189</ele></trkpt>
    <trkpt lat="42.916350" lon="141.618404"><ele>189</ele></trkpt>
    <trkpt lat="42.916511" lon="141.618295"><ele>189</ele></trkpt>
    <trkpt lat="42.916676" lon="141.618199"><ele>189</ele></trkpt>
    <trkpt lat="42.916837" lon="141.618089"><ele>189</ele></trkpt>
    <trkpt lat="42.916999" lon="141.617983"><ele>189</ele></trkpt>
    <trkpt lat="42.917160" lon="141.617873"><ele>189</ele></trkpt>
    <trkpt lat="42.917323" lon="141.617769"><ele>189</ele></trkpt>
    <trkpt lat="42.917485" lon="141.617661"><ele>189</ele></trkpt>
    <trkpt lat="42.917648" lon="141.617559"><ele>189</ele></trkpt>
    <trkpt lat="42.917813" lon="141.617462"><ele>189</ele></trkpt>
    <trkpt lat="42.917977" lon="141.617360"><ele>189</ele></trkpt>
    <trkpt lat="42.918138" lon="141.617249"><ele>189</ele></trkpt>
    <trkpt lat="42.918299" lon="141.617142"><ele>189</ele></trkpt>
    <trkpt lat="42.918460" lon="141.617032"><ele>189</ele></trkpt>
    <trkpt lat="42.918626" lon="141.616935"><ele>189</ele></trkpt>
    <trkpt lat="42.918787" lon="141.616826"><ele>189</ele></trkpt>
    <trkpt lat="42.918951" lon="141.616727"><ele>189</ele></trkpt>
    <trkpt lat="42.919116" lon="141.616629"><ele>189</ele></trkpt>
    <trkpt lat="42.919279" lon="141.616523"><ele>189</ele></trkpt>
    <trkpt lat="42.919440" lon="141.616415"><ele>189</ele></trkpt>
    <trkpt lat="42.919602" lon="141.616308"><ele>189</ele></trkpt>
    <trkpt lat="42.919763" lon="141.616199"><ele>189</ele></trkpt>
    <trkpt lat="42.919927" lon="141.616099"><ele>189</ele></trkpt>
    <trkpt lat="42.920092" lon="141.615998"><ele>189</ele></trkpt>
    <trkpt lat="42.920255" lon="141.615896"><ele>189</ele></trkpt>
    <trkpt lat="42.920419" lon="141.615795"><ele>189</ele></trkpt>
    <trkpt lat="42.920584" lon="141.615698"><ele>189</ele></trkpt>
    <trkpt lat="42.920745" lon="141.615588"><ele>189</ele></trkpt>
    <trkpt lat="42.920910" lon="141.615489"><ele>189</ele></trkpt>
    <trkpt lat="42.921072" lon="141.615383"><ele>189</ele></trkpt>
    <trkpt lat="42.921232" lon="141.615272"><ele>189</ele></trkpt>
    <trkpt lat="42.921395" lon="141.615167"><ele>189</ele></trkpt>
    <trkpt lat="42.921556" lon="141.615057"><ele>189</ele></trkpt>
    <trkpt lat="42.921719" lon="141.614953"><ele>189</ele></trkpt>
    <trkpt lat="42.921884" lon="141.614856"><ele>189</ele></trkpt>
    <trkpt lat="42.922049" lon="141.614758"><ele>189</ele></trkpt>
    <trkpt lat="42.922213" lon="141.614657"><ele>189</ele></trkpt>
    <trkpt lat="42.922376" lon="141.614555"><ele>189</ele></trkpt>
    <trkpt lat="42.922539" lon="141.614451"><ele>189</ele></trkpt>
    <trkpt lat="42.922705" lon="141.614355"><ele>189</ele></trkpt>
    <trkpt lat="42.922870" lon="141.614257"><ele>189</ele></trkpt>
    <trkpt lat="42.923035" lon="141.614159"><ele>189</ele></trkpt>
    <trkpt lat="42.923197" lon="141.614053"><ele>189</ele></trkpt>
    <trkpt lat="42.923362" lon="141.613954"><ele>189</ele></trkpt>
    <trkpt lat="42.923527" lon="141.613858"><ele>189</ele></trkpt>
    <trkpt lat="42.923688" lon="141.613747"><ele>189</ele></trkpt>
    <trkpt lat="42.923850" lon="141.613640"><ele>189</ele></trkpt>
    <trkpt lat="42.924014" lon="141.613542"><ele>189</ele></trkpt>
    <trkpt lat="42.924176" lon="141.613433"><ele>189</ele></trkpt>
    <trkpt lat="42.924337" lon="141.613325"><ele>188</ele></trkpt>
    <trkpt lat="42.924500" lon="141.613219"><ele>188</ele></trkpt>
    <trkpt lat="42.924660" lon="141.613109"><ele>188</ele></trkpt>
    <trkpt lat="42.924826" lon="141.613013"><ele>188</ele></trkpt>
    <trkpt lat="42.924989" lon="141.612910"><ele>188</ele></trkpt>
    <trkpt lat="42.925154" lon="141.612811"><ele>188</ele></trkpt>
    <trkpt lat="42.925316" lon="141.612704"><ele>188</ele></trkpt>
    <trkpt lat="42.925477" lon="141.612594"><ele>188</ele></trkpt>
    <trkpt lat="42.925638" lon="141.612486"><ele>188</ele></trkpt>
    <trkpt lat="42.925563" lon="141.612262"><ele>188</ele></trkpt>
    <trkpt lat="42.925485" lon="141.612041"><ele>188</ele></trkpt>
    <trkpt lat="42.925408" lon="141.611819"><ele>188</ele></trkpt>
    <trkpt lat="42.925327" lon="141.611600"><ele>188</ele></trkpt>
    <trkpt lat="42.925248" lon="141.611379"><ele>188</ele></trkpt>
    <trkpt lat="42.925171" lon="141.611157"><ele>188</ele></trkpt>
    <trkpt lat="42.925097" lon="141.610934"><ele>188</ele></trkpt>
    <trkpt lat="42.925019" lon="141.610712"><ele>188</ele></trkpt>
    <trkpt lat="42.924940" lon="141.610492"><ele>188</ele></trkpt>
    <trkpt lat="42.924863" lon="141.610269"><ele>188</ele></trkpt>
    <trkpt lat="42.924783" lon="141.610050"><ele>188</ele></trkpt>
    <trkpt lat="42.924703" lon="141.609829"><ele>188</ele></trkpt>
    <trkpt lat="42.924624" lon="141.609609"><ele>188</ele></trkpt>
    <trkpt lat="42.924542" lon="141.609390"><ele>188</ele></trkpt>
    <trkpt lat="42.924462" lon="141.609170"><ele>188</ele></trkpt>
    <trkpt lat="42.924384" lon="141.608949"><ele>188</ele></trkpt>
    <trkpt lat="42.924312" lon="141.608724"><ele>188</ele></trkpt>
    <trkpt lat="42.924233" lon="141.608503"><ele>188</ele></trkpt>
    <trkpt lat="42.924156" lon="141.608281"><ele>188</ele></trkpt>
    <trkpt lat="42.924074" lon="141.608062"><ele>188</ele></trkpt>
    <trkpt lat="42.924003" lon="141.607837"><ele>188</ele></trkpt>
    <trkpt lat="42.923925" lon="141.607615"><ele>188</ele></trkpt>
    <trkpt lat="42.923851" lon="141.607392"><ele>188</ele></trkpt>
    <trkpt lat="42.923769" lon="141.607173"><ele>188</ele></trkpt>
    <trkpt lat="42.923693" lon="141.606950"><ele>188</ele></trkpt>
    <trkpt lat="42.923617" lon="141.606727"><ele>188</ele></trkpt>
    <trkpt lat="42.923538" lon="141.606507"><ele>188</ele></trkpt>
    <trkpt lat="42.923462" lon="141.606284"><ele>188</ele></trkpt>
    <trkpt lat="42.923380" lon="141.606066"><ele>188</ele></trkpt>
    <trkpt lat="42.923298" lon="141.605847"><ele>188</ele></trkpt>
    <trkpt lat="42.923223" lon="141.605624"><ele>188</ele></trkpt>
    <trkpt lat="42.923147" lon="141.605401"><ele>188</ele></trkpt>
    <trkpt lat="42.923069" lon="141.605180"><ele>188</ele></trkpt>
    <trkpt lat="42.922993" lon="141.604957"><ele>188</ele></trkpt>
    <trkpt lat="42.922920" lon="141.604733"><ele>188</ele></trkpt>
    <trkpt lat="42.922848" lon="141.604508"><ele>188</ele></trkpt>
    <trkpt lat="42.922768" lon="141.604288"><ele>188</ele></trkpt>
    <trkpt lat="42.922688" lon="141.604067"><ele>187</ele></trkpt>
    <trkpt lat="42.922610" lon="141.603847"><ele>187</ele></trkpt>
    <trkpt lat="42.922538" lon="141.603621"><ele>187</ele></trkpt>
    <trkpt lat="42.922465" lon="141.603397"><ele>187</ele></trkpt>
    <trkpt lat="42.922384" lon="141.603178"><ele>187</ele></trkpt>
    <trkpt lat="42.922305" lon="141.602957"><ele>187</ele></trkpt>
    <trkpt lat="42.922225" lon="141.602737"><ele>187</ele></trkpt>
    <trkpt lat="42.922152" lon="141.602512"><ele>187</ele></trkpt>
    <trkpt lat="42.922071" lon="141.602293"><ele>187</ele></trkpt>
    <trkpt lat="42.921991" lon="141.602073"><ele>187</ele></trkpt>
    <trkpt lat="42.921917" lon="141.601849"><ele>187</ele></trkpt>
    <trkpt lat="42.921840" lon="141.601627"><ele>187</ele></trkpt>
    <trkpt lat="42.921762" lon="141.601406"><ele>187</ele></trkpt>
    <trkpt lat="42.921685" lon="141.601184"><ele>187</ele></trkpt>
    <trkpt lat="42.921613" lon="141.600959"><ele>187</ele></trkpt>
    <trkpt lat="42.921539" lon="141.600735"><ele>187</ele></trkpt>
    <trkpt lat="42.921457" lon="141.600517"><ele>187</ele></trkpt>
    <trkpt lat="42.921380" lon="141.600295"><ele>187</ele></trkpt>
    <trkpt lat="42.921301" lon="141.600074"><ele>187</ele></trkpt>
    <trkpt lat="42.921227" lon="141.599850"><ele>187</ele></trkpt>
    <trkpt lat="42.921151" lon="141.599628"><ele>187</ele></trkpt>
    <trkpt lat="42.921074" lon="141.599405"><ele>187</ele></trkpt>
    <trkpt lat="42.921003" lon="141.599180"><ele>187</ele></trkpt>
    <trkpt lat="42.920930" lon="141.598955"><ele>187</ele></trkpt>
    <trkpt lat="42.920854" lon="141.598732"><ele>187</ele></trkpt>
    <trkpt lat="42.920778" lon="141.598510"><ele>187</ele></trkpt>
    <trkpt lat="42.920700" lon="141.598288"><ele>187</ele></trkpt>
    <trkpt lat="42.920625" lon="141.598066"><ele>187</ele></trkpt>
    <trkpt lat="42.920553" lon="141.597841"><ele>187</ele></trkpt>
    <trkpt lat="42.920470" lon="141.597622"><ele>187</ele></trkpt>
    <trkpt lat="42.920396" lon="141.597398"><ele>187</ele></trkpt>
    <trkpt lat="42.920320" lon="141.597176"><ele>187</ele></trkpt>
    <trkpt lat="42.920246" lon="141.596952"><ele>187</ele></trkpt>
    <trkpt lat="42.920172" lon="141.596728"><ele>187</ele></trkpt>
    <trkpt lat="42.920093" lon="141.596507"><ele>187</ele></trkpt>
    <trkpt lat="42.920018" lon="141.596285"><ele>187</ele></trkpt>
    <trkpt lat="42.919940" lon="141.596063"><ele>186</ele></trkpt>
    <trkpt lat="42.919868" lon="141.595838"><ele>186</ele></trkpt>
    <trkpt lat="42.919790" lon="141.595617"><ele>186</ele></trkpt>
    <trkpt lat="42.919708" lon="141.595398"><ele>186</ele></trkpt>
    <trkpt lat="42.919636" lon="141.595173"><ele>186</ele></trkpt>
    <trkpt lat="42.919563" lon="141.594948"><ele>186</ele></trkpt>
    <trkpt lat="42.919482" lon="141.594729"><ele>186</ele></trkpt>
    <trkpt lat="42.919406" lon="141.594507"><ele>186</ele></trkpt>
    <trkpt lat="42.919334" lon="141.594282"><ele>186</ele></trkpt>
    <trkpt lat="42.919261" lon="141.594057"><ele>186</ele></trkpt>
    <trkpt lat="42.919187" lon="141.593833"><ele>186</ele></trkpt>
    <trkpt lat="42.919115" lon="141.593608"><ele>186</ele></trkpt>
    <trkpt lat="42.919041" lon="141.593384"><ele>186</ele></trkpt>
    <trkpt lat="42.918959" lon="141.593166"><ele>186</ele></trkpt>
    <trkpt lat="42.918884" lon="141.592942"><ele>186</ele></trkpt>
    <trkpt lat="42.918806" lon="141.592721"><ele>186</ele></trkpt>
    <trkpt lat="42.918731" lon="141.592498"><ele>186</ele></trkpt>
    <trkpt lat="42.918652" lon="141.592277"><ele>186</ele></trkpt>
    <trkpt lat="42.918580" lon="141.592052"><ele>186</ele></trkpt>
    <trkpt lat="42.918498" lon="141.591833"><ele>186</ele></trkpt>
    <trkpt lat="42.918416" lon="141.591615"><ele>186</ele></trkpt>
    <trkpt lat="42.918344" lon="141.591390"><ele>186</ele></trkpt>
    <trkpt lat="42.918267" lon="141.591168"><ele>186</ele></trkpt>
    <trkpt lat="42.918188" lon="141.590947"><ele>186</ele></trkpt>
    <trkpt lat="42.918116" lon="141.590722"><ele>186</ele></trkpt>
    <trkpt lat="42.918033" lon="141.590504"><ele>186</ele></trkpt>
    <trkpt lat="42.917962" lon="141.590278"><ele>186</ele></trkpt>
    <trkpt lat="42.917882" lon="141.590058"><ele>186</ele></trkpt>
    <trkpt lat="42.917807" lon="141.589835"><ele>186</ele></trkpt>
    <trkpt lat="42.917728" lon="141.589614"><ele>186</ele></trkpt>
    <trkpt lat="42.917648" lon="141.589395"><ele>186</ele></trkpt>
    <trkpt lat="42.917576" lon="141.589170"><ele>186</ele></trkpt>
    <trkpt lat="42.917501" lon="141.588946"><ele>185</ele></trkpt>
    <trkpt lat="42.917419" lon="141.588728"><ele>185</ele></trkpt>
    <trkpt lat="42.917345" lon="141.588504"><ele>185</ele></trkpt>
    <trkpt lat="42.917274" lon="141.588278"><ele>185</ele></trkpt>
    <trkpt lat="42.917200" lon="141.588054"><ele>185</ele></trkpt>
    <trkpt lat="42.917125" lon="141.587831"><ele>185</ele></trkpt>
    <trkpt lat="42.917048" lon="141.587609"><ele>185</ele></trkpt>
    <trkpt lat="42.916975" lon="141.587385"><ele>185</ele></trkpt>
    <trkpt lat="42.916901" lon="141.587161"><ele>185</ele></trkpt>
    <trkpt lat="42.916819" lon="141.586942"><ele>185</ele></trkpt>
    <trkpt lat="42.916742" lon="141.586720"><ele>185</ele></trkpt>
    <trkpt lat="42.916665" lon="141.586498"><ele>185</ele></trkpt>
    <trkpt lat="42.916584" lon="141.586279"><ele>185</ele></trkpt>
    <trkpt lat="42.916507" lon="141.586057"><ele>185</ele></trkpt>
    <trkpt lat="42.916425" lon="141.585838"><ele>185</ele></trkpt>
    <trkpt lat="42.916349" lon="141.585616"><ele>185</ele></trkpt>
    <trkpt lat="42.916274" lon="141.585393"><ele>185</ele></trkpt>
    <trkpt lat="42.916195" lon="141.585172"><ele>185</ele></trkpt>
    <trkpt lat="42.916121" lon="141.584949"><ele>185</ele></trkpt>
    <trkpt lat="42.916040" lon="141.584729"><ele>185</ele></trkpt>
    <trkpt lat="42.915960" lon="141.584509"><ele>185</ele></trkpt>
    <trkpt lat="42.915883" lon="141.584287"><ele>185</ele></trkpt>
    <trkpt lat="42.915802" lon="141.584068"><ele>185</ele></trkpt>
    <trkpt lat="42.915723" lon="141.583847"><ele>185</ele></trkpt>
    <trkpt lat="42.915645" lon="141.583626"><ele>185</ele></trkpt>
    <trkpt lat="42.915565" lon="141.583406"><ele>185</ele></trkpt>
    <trkpt lat="42.915489" lon="141.583183"><ele>185</ele></trkpt>
    <trkpt lat="42.915417" lon="141.582958"><ele>185</ele></trkpt>
    <trkpt lat="42.915343" lon="141.582734"><ele>185</ele></trkpt>
    <trkpt lat="42.915269" lon="141.582510"><ele>184</ele></trkpt>
    <trkpt lat="42.915193" lon="141.582288"><ele>184</ele></trkpt>
    <trkpt lat="42.915115" lon="141.582067"><ele>184</ele></trkpt>
    <trkpt lat="42.915033" lon="141.581848"><ele>184</ele></trkpt>
    <trkpt lat="42.914957" lon="141.581625"><ele>184</ele></trkpt>
    <trkpt lat="42.914886" lon="141.581400"><ele>184</ele></trkpt>
    <trkpt lat="42.914807" lon="141.581179"><ele>184</ele></trkpt>
    <trkpt lat="42.914733" lon="141.580955"><ele>184</ele></trkpt>
    <trkpt lat="42.914657" lon="141.580732"><ele>184</ele></trkpt>
    <trkpt lat="42.914576" lon="141.580513"><ele>184</ele></trkpt>
    <trkpt lat="42.914502" lon="141.580289"><ele>184</ele></trkpt>
    <trkpt lat="42.914425" lon="141.580068"><ele>184</ele></trkpt>
    <trkpt lat="42.914352" lon="141.579843"><ele>184</ele></trkpt>
    <trkpt lat="42.914270" lon="141.579625"><ele>184</ele></trkpt>
    <trkpt lat="42.914191" lon="141.579404"><ele>184</ele></trkpt>
    <trkpt lat="42.914112" lon="141.579183"><ele>184</ele></trkpt>
    <trkpt lat="42.914034" lon="141.578962"><ele>184</ele></trkpt>
    <trkpt lat="42.913953" lon="141.578743"><ele>184</ele></trkpt>
    <trkpt lat="42.913879" lon="141.578519"><ele>184</ele></trkpt>
    <trkpt lat="42.913804" lon="141.578296"><ele>184</ele></trkpt>
    <trkpt lat="42.913731" lon="141.578071"><ele>184</ele></trkpt>
    <trkpt lat="42.913656" lon="141.577848"><ele>184</ele></trkpt>
    <trkpt lat="42.913580" lon="141.577625"><ele>184</ele></trkpt>
    <trkpt lat="42.913498" lon="141.577407"><ele>184</ele></trkpt>
    <trkpt lat="42.913418" lon="141.577187"><ele>184</ele></trkpt>
    <trkpt lat="42.913340" lon="141.576966"><ele>184</ele></trkpt>
    <trkpt lat="42.913260" lon="141.576746"><ele>183</ele></trkpt>
    <trkpt lat="42.913178" lon="141.576527"><ele>183</ele></trkpt>
    <trkpt lat="42.913099" lon="141.576307"><ele>183</ele></trkpt>
    <trkpt lat="42.913024" lon="141.576083"><ele>183</ele></trkpt>
    <trkpt lat="42.912946" lon="141.575862"><ele>183</ele></trkpt>
    <trkpt lat="42.912874" lon="141.575637"><ele>183</ele></trkpt>
    <trkpt lat="42.912792" lon="141.575418"><ele>183</ele></trkpt>
    <trkpt lat="42.912712" lon="141.575199"><ele>183</ele></trkpt>
    <trkpt lat="42.912636" lon="141.574976"><ele>183</ele></trkpt>
    <trkpt lat="42.912559" lon="141.574754"><ele>183</ele></trkpt>
    <trkpt lat="42.912483" lon="141.574531"><ele>183</ele></trkpt>
    <trkpt lat="42.912407" lon="141.574309"><ele>183</ele></trkpt>
    <trkpt lat="42.912333" lon="141.574085"><ele>183</ele></trkpt>
    <trkpt lat="42.912254" lon="141.573864"><ele>183</ele></trkpt>
    <trkpt lat="42.912182" lon="141.573639"><ele>183</ele></trkpt>
    <trkpt lat="42.912103" lon="141.573419"><ele>183</ele></trkpt>
    <trkpt lat="42.912021" lon="141.573200"><ele>183</ele></trkpt>
    <trkpt lat="42.911947" lon="141.572976"><ele>183</ele></trkpt>
    <trkpt lat="42.911865" lon="141.572757"><ele>183</ele></trkpt>
    <trkpt lat="42.911786" lon="141.572537"><ele>183</ele></trkpt>
    <trkpt lat="42.911710" lon="141.572314"><ele>183</ele></trkpt>
    <trkpt lat="42.911636" lon="141.572091"><ele>183</ele></trkpt>
    <trkpt lat="42.911558" lon="141.571869"><ele>183</ele></trkpt>
    <trkpt lat="42.911478" lon="141.571649"><ele>183</ele></trkpt>
    <trkpt lat="42.911403" lon="141.571426"><ele>182</ele></trkpt>
    <trkpt lat="42.911326" lon="141.571204"><ele>182</ele></trkpt>
    <trkpt lat="42.911248" lon="141.570983"><ele>182</ele></trkpt>
    <trkpt lat="42.911169" lon="141.570762"><ele>182</ele></trkpt>
    <trkpt lat="42.911090" lon="141.570541"><ele>182</ele></trkpt>
    <trkpt lat="42.911019" lon="141.570316"><ele>182</ele></trkpt>
    <trkpt lat="42.910944" lon="141.570093"><ele>182</ele></trkpt>
    <trkpt lat="42.910863" lon="141.569873"><ele>182</ele></trkpt>
    <trkpt lat="42.910787" lon="141.569651"><ele>182</ele></trkpt>
    <trkpt lat="42.910705" lon="141.569432"><ele>182</ele></trkpt>
    <trkpt lat="42.910628" lon="141.569210"><ele>182</ele></trkpt>
    <trkpt lat="42.910550" lon="141.568989"><ele>182</ele></trkpt>
    <trkpt lat="42.910474" lon="141.568767"><ele>182</ele></trkpt>
    <trkpt lat="42.910397" lon="141.568544"><ele>182</ele></trkpt>
    <trkpt lat="42.910317" lon="141.568325"><ele>182</ele></trkpt>
    <trkpt lat="42.910242" lon="141.568101"><ele>182</ele></trkpt>
    <trkpt lat="42.910169" lon="141.567877"><ele>182</ele></trkpt>
    <trkpt lat="42.910096" lon="141.567653"><ele>182</ele></trkpt>
    <trkpt lat="42.910013" lon="141.567434"><ele>182</ele></trkpt>
    <trkpt lat="42.909937" lon="141.567212"><ele>182</ele></trkpt>
    <trkpt lat="42.909865" lon="141.566987"><ele>182</ele></trkpt>
    <trkpt lat="42.909785" lon="141.566767"><ele>182</ele></trkpt>
    <trkpt lat="42.909713" lon="141.566542"><ele>182</ele></trkpt>
    <trkpt lat="42.909631" lon="141.566323"><ele>181</ele></trkpt>
    <trkpt lat="42.909554" lon="141.566101"><ele>181</ele></trkpt>
    <trkpt lat="42.909480" lon="141.565878"><ele>181</ele></trkpt>
    <trkpt lat="42.909401" lon="141.565657"><ele>181</ele></trkpt>
    <trkpt lat="42.909325" lon="141.565435"><ele>181</ele></trkpt>
    <trkpt lat="42.909249" lon="141.565212"><ele>181</ele></trkpt>
    <trkpt lat="42.909170" lon="141.564991"><ele>181</ele></trkpt>
    <trkpt lat="42.909093" lon="141.564769"><ele>181</ele></trkpt>
    <trkpt lat="42.909018" lon="141.564546"><ele>181</ele></trkpt>
    <trkpt lat="42.908945" lon="141.564321"><ele>181</ele></trkpt>
    <trkpt lat="42.908868" lon="141.564100"><ele>181</ele></trkpt>
    <trkpt lat="42.908794" lon="141.563876"><ele>181</ele></trkpt>
    <trkpt lat="42.908718" lon="141.563653"><ele>181</ele></trkpt>
    <trkpt lat="42.908637" lon="141.563434"><ele>181</ele></trkpt>
    <trkpt lat="42.908559" lon="141.563213"><ele>181</ele></trkpt>
    <trkpt lat="42.908483" lon="141.562990"><ele>181</ele></trkpt>
    <trkpt lat="42.908410" lon="141.562766"><ele>181</ele></trkpt>
    <trkpt lat="42.908329" lon="141.562546"><ele>181</ele></trkpt>
    <trkpt lat="42.908247" lon="141.562328"><ele>181</ele></trkpt>
    <trkpt lat="42.908170" lon="141.562106"><ele>181</ele></trkpt>
    <trkpt lat="42.908092" lon="141.561885"><ele>181</ele></trkpt>
    <trkpt lat="42.908013" lon="141.561664"><ele>180</ele></trkpt>
    <trkpt lat="42.907931" lon="141.561446"><ele>180</ele></trkpt>
    <trkpt lat="42.907854" lon="141.561224"><ele>180</ele></trkpt>
    <trkpt lat="42.907783" lon="141.560998"><ele>180</ele></trkpt>
    <trkpt lat="42.907710" lon="141.560774"><ele>180</ele></trkpt>
    <trkpt lat="42.907633" lon="141.560552"><ele>180</ele></trkpt>
    <trkpt lat="42.907552" lon="141.560332"><ele>180</ele></trkpt>
    <trkpt lat="42.907471" lon="141.560113"><ele>180</ele></trkpt>
    <trkpt lat="42.907389" lon="141.559895"><ele>180</ele></trkpt>
    <trkpt lat="42.907314" lon="141.559671"><ele>180</ele></trkpt>
    <trkpt lat="42.907242" lon="141.559447"><ele>180</ele></trkpt>
    <trkpt lat="42.907162" lon="141.559226"><ele>180</ele></trkpt>
    <trkpt lat="42.907090" lon="141.559002"><ele>180</ele></trkpt>
    <trkpt lat="42.907014" lon="141.558779"><ele>180</ele></trkpt>
    <trkpt lat="42.906931" lon="141.558561"><ele>180</ele></trkpt>
    <trkpt lat="42.906860" lon="141.558335"><ele>180</ele></trkpt>
    <trkpt lat="42.906778" lon="141.558117"><ele>180</ele></trkpt>
    <trkpt lat="42.906703" lon="141.557893"><ele>180</ele></trkpt>
    <trkpt lat="42.906621" lon="141.557675"><ele>180</ele></trkpt>
    <trkpt lat="42.906550" lon="141.557450"><ele>180</ele></trkpt>
    <trkpt lat="42.906477" lon="141.557225"><ele>179</ele></trkpt>
    <trkpt lat="42.906402" lon="141.557001"><ele>179</ele></trkpt>
    <trkpt lat="42.906324" lon="141.556780"><ele>179</ele></trkpt>
    <trkpt lat="42.906252" lon="141.556556"><ele>179</ele></trkpt>
    <trkpt lat="42.906171" lon="141.556336"><ele>179</ele></trkpt>
    <trkpt lat="42.906098" lon="141.556112"><ele>179</ele></trkpt>
    <trkpt lat="42.906018" lon="141.555892"><ele>179</ele></trkpt>
    <trkpt lat="42.905935" lon="141.555674"><ele>179</ele></trkpt>
    <trkpt lat="42.905862" lon="141.555449"><ele>179</ele></trkpt>
    <trkpt lat="42.905781" lon="141.555231"><ele>179</ele></trkpt>
    <trkpt lat="42.905700" lon="141.555011"><ele>179</ele></trkpt>
    <trkpt lat="42.905618" lon="141.554793"><ele>179</ele></trkpt>
    <trkpt lat="42.905538" lon="141.554573"><ele>179</ele></trkpt>
    <trkpt lat="42.905464" lon="141.554349"><ele>179</ele></trkpt>
    <trkpt lat="42.905390" lon="141.554125"><ele>179</ele></trkpt>
    <trkpt lat="42.905311" lon="141.553904"><ele>179</ele></trkpt>
    <trkpt lat="42.905237" lon="141.553681"><ele>179</ele></trkpt>
    <trkpt lat="42.905157" lon="141.553461"><ele>179</ele></trkpt>
    <trkpt lat="42.905079" lon="141.553239"><ele>179</ele></trkpt>
    <trkpt lat="42.905005" lon="141.553016"><ele>179</ele></trkpt>
    <trkpt lat="42.904930" lon="141.552792"><ele>178</ele></trkpt>
    <trkpt lat="42.904856" lon="141.552568"><ele>178</ele></trkpt>
    <trkpt lat="42.904778" lon="141.552347"><ele>178</ele></trkpt>
    <trkpt lat="42.904699" lon="141.552127"><ele>178</ele></trkpt>
    <trkpt lat="42.904621" lon="141.551905"><ele>178</ele></trkpt>
    <trkpt lat="42.904549" lon="141.551680"><ele>178</ele></trkpt>
    <trkpt lat="42.904467" lon="141.551462"><ele>178</ele></trkpt>
    <trkpt lat="42.904391" lon="141.551239"><ele>178</ele></trkpt>
    <trkpt lat="42.904311" lon="141.551019"><ele>178</ele></trkpt>
    <trkpt lat="42.904235" lon="141.550797"><ele>178</ele></trkpt>
    <trkpt lat="42.904156" lon="141.550576"><ele>178</ele></trkpt>
    <trkpt lat="42.904077" lon="141.550356"><ele>178</ele></trkpt>
    <trkpt lat="42.904004" lon="141.550131"><ele>178</ele></trkpt>
    <trkpt lat="42.903927" lon="141.549910"><ele>178</ele></trkpt>
    <trkpt lat="42.903855" lon="141.549685"><ele>178</ele></trkpt>
    <trkpt lat="42.903775" lon="141.549465"><ele>178</ele></trkpt>
    <trkpt lat="42.903701" lon="141.549241"><ele>178</ele></trkpt>
    <trkpt lat="42.903625" lon="141.549018"><ele>178</ele></trkpt>
    <trkpt lat="42.903546" lon="141.548797"><ele>177</ele></trkpt>
    <trkpt lat="42.903468" lon="141.548576"><ele>177</ele></trkpt>
    <trkpt lat="42.903394" lon="141.548352"><ele>177</ele></trkpt>
    <trkpt lat="42.903313" lon="141.548133"><ele>177</ele></trkpt>
    <trkpt lat="42.903235" lon="141.547912"><ele>177</ele></trkpt>
    <trkpt lat="42.903153" lon="141.547694"><ele>177</ele></trkpt>
    <trkpt lat="42.903076" lon="141.547472"><ele>177</ele></trkpt>
    <trkpt lat="42.902996" lon="141.547252"><ele>177</ele></trkpt>
    <trkpt lat="42.902916" lon="141.547032"><ele>177</ele></trkpt>
    <trkpt lat="42.902836" lon="141.546812"><ele>177</ele></trkpt>
    <trkpt lat="42.902754" lon="141.546593"><ele>177</ele></trkpt>
    <trkpt lat="42.902677" lon="141.546371"><ele>177</ele></trkpt>
    <trkpt lat="42.902605" lon="141.546146"><ele>177</ele></trkpt>
    <trkpt lat="42.902530" lon="141.545923"><ele>177</ele></trkpt>
    <trkpt lat="42.902451" lon="141.545703"><ele>177</ele></trkpt>
    <trkpt lat="42.902375" lon="141.545480"><ele>177</ele></trkpt>
    <trkpt lat="42.902298" lon="141.545258"><ele>177</ele></trkpt>
    <trkpt lat="42.902218" lon="141.545038"><ele>177</ele></trkpt>
    <trkpt lat="42.902135" lon="141.544820"><ele>176</ele></trkpt>
    <trkpt lat="42.902059" lon="141.544598"><ele>176</ele></trkpt>
    <trkpt lat="42.901980" lon="141.544377"><ele>176</ele></trkpt>
    <trkpt lat="42.901901" lon="141.544157"><ele>176</ele></trkpt>
    <trkpt lat="42.901827" lon="141.543933"><ele>176</ele></trkpt>
    <trkpt lat="42.901750" lon="141.543711"><ele>176</ele></trkpt>
    <trkpt lat="42.901676" lon="141.543487"><ele>176</ele></trkpt>
    <trkpt lat="42.901603" lon="141.543263"><ele>176</ele></trkpt>
    <trkpt lat="42.901527" lon="141.543040"><ele>176</ele></trkpt>
    <trkpt lat="42.901453" lon="141.542816"><ele>176</ele></trkpt>
    <trkpt lat="42.901377" lon="141.542594"><ele>176</ele></trkpt>
    <trkpt lat="42.901303" lon="141.542370"><ele>176</ele></trkpt>
    <trkpt lat="42.901222" lon="141.542151"><ele>176</ele></trkpt>
    <trkpt lat="42.901144" lon="141.541929"><ele>176</ele></trkpt>
    <trkpt lat="42.901069" lon="141.541706"><ele>176</ele></trkpt>
    <trkpt lat="42.900988" lon="141.541487"><ele>176</ele></trkpt>
    <trkpt lat="42.900916" lon="141.541262"><ele>176</ele></trkpt>
    <trkpt lat="42.900839" lon="141.541040"><ele>175</ele></trkpt>
    <trkpt lat="42.900764" lon="141.540817"><ele>175</ele></trkpt>
    <trkpt lat="42.900691" lon="141.540593"><ele>175</ele></trkpt>
    <trkpt lat="42.900617" lon="141.540369"><ele>175</ele></trkpt>
    <trkpt lat="42.900539" lon="141.540147"><ele>175</ele></trkpt>
    <trkpt lat="42.900457" lon="141.539929"><ele>175</ele></trkpt>
    <trkpt lat="42.900378" lon="141.539709"><ele>175</ele></trkpt>
    <trkpt lat="42.900295" lon="141.539490"><ele>175</ele></trkpt>
    <trkpt lat="42.900214" lon="141.539271"><ele>175</ele></trkpt>
    <trkpt lat="42.900132" lon="141.539053"><ele>175</ele></trkpt>
    <trkpt lat="42.900061" lon="141.538827"><ele>175</ele></trkpt>
    <trkpt lat="42.899984" lon="141.538606"><ele>175</ele></trkpt>
    <trkpt lat="42.899912" lon="141.538380"><ele>175</ele></trkpt>
    <trkpt lat="42.899831" lon="141.538161"><ele>175</ele></trkpt>
    <trkpt lat="42.899751" lon="141.537941"><ele>175</ele></trkpt>
    <trkpt lat="42.899669" lon="141.537723"><ele>175</ele></trkpt>
    <trkpt lat="42.899592" lon="141.537501"><ele>175</ele></trkpt>
    <trkpt lat="42.899515" lon="141.537279"><ele>174</ele></trkpt>
    <trkpt lat="42.899441" lon="141.537055"><ele>174</ele></trkpt>
    <trkpt lat="42.899367" lon="141.536831"><ele>174</ele></trkpt>
    <trkpt lat="42.899288" lon="141.536611"><ele>174</ele></trkpt>
    <trkpt lat="42.899206" lon="141.536392"><ele>174</ele></trkpt>
    <trkpt lat="42.899132" lon="141.536168"><ele>174</ele></trkpt>
    <trkpt lat="42.899053" lon="141.535948"><ele>174</ele></trkpt>
    <trkpt lat="42.898979" lon="141.535724"><ele>174</ele></trkpt>
    <trkpt lat="42.898906" lon="141.535500"><ele>174</ele></trkpt>
    <trkpt lat="42.898831" lon="141.535277"><ele>174</ele></trkpt>
    <trkpt lat="42.898750" lon="141.535057"><ele>174</ele></trkpt>
    <trkpt lat="42.898669" lon="141.534838"><ele>174</ele></trkpt>
    <trkpt lat="42.898593" lon="141.534615"><ele>174</ele></trkpt>
    <trkpt lat="42.898522" lon="141.534390"><ele>174</ele></trkpt>
    <trkpt lat="42.898440" lon="141.534172"><ele>174</ele></trkpt>
    <trkpt lat="42.898361" lon="141.533951"><ele>174</ele></trkpt>
    <trkpt lat="42.898288" lon="141.533726"><ele>173</ele></trkpt>
    <trkpt lat="42.898215" lon="141.533502"><ele>173</ele></trkpt>
    <trkpt lat="42.898143" lon="141.533277"><ele>173</ele></trkpt>
    <trkpt lat="42.898065" lon="141.533056"><ele>173</ele></trkpt>
    <trkpt lat="42.897990" lon="141.532833"><ele>173</ele></trkpt>
    <trkpt lat="42.897915" lon="141.532610"><ele>173</ele></trkpt>
    <trkpt lat="42.897840" lon="141.532386"><ele>173</ele></trkpt>
    <trkpt lat="42.897769" lon="141.532161"><ele>173</ele></trkpt>
    <trkpt lat="42.897690" lon="141.531940"><ele>173</ele></trkpt>
    <trkpt lat="42.897616" lon="141.531716"><ele>173</ele></trkpt>
    <trkpt lat="42.897539" lon="141.531494"><ele>173</ele></trkpt>
    <trkpt lat="42.897462" lon="141.531273"><ele>173</ele></trkpt>
    <trkpt lat="42.897388" lon="141.531049"><ele>173</ele></trkpt>
    <trkpt lat="42.897306" lon="141.530830"><ele>173</ele></trkpt>
    <trkpt lat="42.897227" lon="141.530610"><ele>173</ele></trkpt>
    <trkpt lat="42.897383" lon="141.530488"><ele>173</ele></trkpt>
    <trkpt lat="42.897542" lon="141.530372"><ele>172</ele></trkpt>
    <trkpt lat="42.897695" lon="141.530242"><ele>172</ele></trkpt>
    <trkpt lat="42.897853" lon="141.530127"><ele>172</ele></trkpt>
    <trkpt lat="42.898010" lon="141.530006"><ele>172</ele></trkpt>
    <trkpt lat="42.898163" lon="141.529878"><ele>172</ele></trkpt>
    <trkpt lat="42.898317" lon="141.529750"><ele>172</ele></trkpt>
    <trkpt lat="42.898474" lon="141.529630"><ele>172</ele></trkpt>
    <trkpt lat="42.898628" lon="141.529504"><ele>172</ele></trkpt>
    <trkpt lat="42.898783" lon="141.529378"><ele>172</ele></trkpt>
    <trkpt lat="42.898938" lon="141.529255"><ele>172</ele></trkpt>
    <trkpt lat="42.899096" lon="141.529138"><ele>172</ele></trkpt>
    <trkpt lat="42.899254" lon="141.529021"><ele>172</ele></trkpt>
    <trkpt lat="42.899408" lon="141.528892"><ele>172</ele></trkpt>
    <trkpt lat="42.899566" lon="141.528776"><ele>172</ele></trkpt>
    <trkpt lat="42.899719" lon="141.528647"><ele>172</ele></trkpt>
    <trkpt lat="42.899873" lon="141.528520"><ele>171</ele></trkpt>
    <trkpt lat="42.900030" lon="141.528400"><ele>171</ele></trkpt>
    <trkpt lat="42.900185" lon="141.528276"><ele>171</ele></trkpt>
    <trkpt lat="42.900341" lon="141.528154"><ele>171</ele></trkpt>
    <trkpt lat="42.900497" lon="141.528031"><ele>171</ele></trkpt>
    <trkpt lat="42.900654" lon="141.527912"><ele>171</ele></trkpt>
    <trkpt lat="42.900811" lon="141.527792"><ele>171</ele></trkpt>
    <trkpt lat="42.900970" lon="141.527677"><ele>171</ele></trkpt>
    <trkpt lat="42.901127" lon="141.527556"><ele>171</ele></trkpt>
    <trkpt lat="42.901285" lon="141.527440"><ele>171</ele></trkpt>
    <trkpt lat="42.901440" lon="141.527315"><ele>171</ele></trkpt>
    <trkpt lat="42.901595" lon="141.527190"><ele>171</ele></trkpt>
    <trkpt lat="42.901751" lon="141.527069"><ele>171</ele></trkpt>
    <trkpt lat="42.901909" lon="141.526950"><ele>171</ele></trkpt>
    <trkpt lat="42.902065" lon="141.526829"><ele>171</ele></trkpt>
    <trkpt lat="42.902219" lon="141.526701"><ele>170</ele></trkpt>
    <trkpt lat="42.902376" lon="141.526582"><ele>170</ele></trkpt>
    <trkpt lat="42.902534" lon="141.526465"><ele>170</ele></trkpt>
    <trkpt lat="42.902688" lon="141.526339"><ele>170</ele></trkpt>
    <trkpt lat="42.902842" lon="141.526212"><ele>170</ele></trkpt>
    <trkpt lat="42.902999" lon="141.526091"><ele>170</ele></trkpt>
    <trkpt lat="42.903153" lon="141.525965"><ele>170</ele></trkpt>
    <trkpt lat="42.903312" lon="141.525849"><ele>170</ele></trkpt>
    <trkpt lat="42.903470" lon="141.525733"><ele>170</ele></trkpt>
    <trkpt lat="42.903627" lon="141.525612"><ele>170</ele></trkpt>
    <trkpt lat="42.903782" lon="141.525488"><ele>170</ele></trkpt>
    <trkpt lat="42.903939" lon="141.525368"><ele>170</ele></trkpt>
    <trkpt lat="42.904092" lon="141.525240"><ele>170</ele></trkpt>
    <trkpt lat="42.904249" lon="141.525119"><ele>170</ele></trkpt>
    <trkpt lat="42.904403" lon="141.524991"><ele>170</ele></trkpt>
    <trkpt lat="42.904560" lon="141.524871"><ele>169</ele></trkpt>
    <trkpt lat="42.904714" lon="141.524745"><ele>169</ele></trkpt>
    <trkpt lat="42.904870" lon="141.524623"><ele>169</ele></trkpt>
    <trkpt lat="42.905024" lon="141.524497"><ele>169</ele></trkpt>
    <trkpt lat="42.905178" lon="141.524370"><ele>169</ele></trkpt>
    <trkpt lat="42.905336" lon="141.524251"><ele>169</ele></trkpt>
    <trkpt lat="42.905493" lon="141.524131"><ele>169</ele></trkpt>
    <trkpt lat="42.905356" lon="141.523972"><ele>169</ele></trkpt>
    <trkpt lat="42.905225" lon="141.523803"><ele>169</ele></trkpt>
    <trkpt lat="42.905092" lon="141.523639"><ele>169</ele></trkpt>
    <trkpt lat="42.904954" lon="141.523481"><ele>169</ele></trkpt>
    <trkpt lat="42.904820" lon="141.523317"><ele>169</ele></trkpt>
    <trkpt lat="42.904684" lon="141.523157"><ele>169</ele></trkpt>
    <trkpt lat="42.904553" lon="141.522988"><ele>169</ele></trkpt>
    <trkpt lat="42.904419" lon="141.522825"><ele>168</ele></trkpt>
    <trkpt lat="42.904287" lon="141.522658"><ele>168</ele></trkpt>
    <trkpt lat="42.904150" lon="141.522498"><ele>168</ele></trkpt>
    <trkpt lat="42.904015" lon="141.522336"><ele>168</ele></trkpt>
    <trkpt lat="42.903883" lon="141.522170"><ele>168</ele></trkpt>
    <trkpt lat="42.903749" lon="141.522005"><ele>168</ele></trkpt>
    <trkpt lat="42.903616" lon="141.521840"><ele>168</ele></trkpt>
    <trkpt lat="42.903480" lon="141.521679"><ele>168</ele></trkpt>
    <trkpt lat="42.903343" lon="141.521521"><ele>168</ele></trkpt>
    <trkpt lat="42.903208" lon="141.521358"><ele>168</ele></trkpt>
    <trkpt lat="42.903077" lon="141.521189"><ele>168</ele></trkpt>
    <trkpt lat="42.902946" lon="141.521021"><ele>168</ele></trkpt>
    <trkpt lat="42.902816" lon="141.520852"><ele>168</ele></trkpt>
    <trkpt lat="42.902683" lon="141.520687"><ele>168</ele></trkpt>
    <trkpt lat="42.902547" lon="141.520525"><ele>167</ele></trkpt>
    <trkpt lat="42.902415" lon="141.520358"><ele>167</ele></trkpt>
    <trkpt lat="42.902283" lon="141.520193"><ele>167</ele></trkpt>
    <trkpt lat="42.902151" lon="141.520025"><ele>167</ele></trkpt>
    <trkpt lat="42.902017" lon="141.519862"><ele>167</ele></trkpt>
    <trkpt lat="42.901882" lon="141.519699"><ele>167</ele></trkpt>
    <trkpt lat="42.901746" lon="141.519538"><ele>167</ele></trkpt>
    <trkpt lat="42.901615" lon="141.519371"><ele>167</ele></trkpt>
    <trkpt lat="42.901483" lon="141.519203"><ele>167</ele></trkpt>
    <trkpt lat="42.901350" lon="141.519038"><ele>167</ele></trkpt>
    <trkpt lat="42.901214" lon="141.518878"><ele>167</ele></trkpt>
    <trkpt lat="42.901077" lon="141.518719"><ele>167</ele></trkpt>
    <trkpt lat="42.900943" lon="141.518554"><ele>167</ele></trkpt>
    <trkpt lat="42.900812" lon="141.518387"><ele>167</ele></trkpt>
    <trkpt lat="42.900680" lon="141.518219"><ele>166</ele></trkpt>
    <trkpt lat="42.900545" lon="141.518058"><ele>166</ele></trkpt>
    <trkpt lat="42.900412" lon="141.517892"><ele>166</ele></trkpt>
    <trkpt lat="42.900274" lon="141.517735"><ele>166</ele></trkpt>
    <trkpt lat="42.900141" lon="141.517570"><ele>166</ele></trkpt>
    <trkpt lat="42.900010" lon="141.517401"><ele>166</ele></trkpt>
    <trkpt lat="42.899879" lon="141.517234"><ele>166</ele></trkpt>
    <trkpt lat="42.899748" lon="141.517064"><ele>166</ele></trkpt>
    <trkpt lat="42.899617" lon="141.516897"><ele>166</ele></trkpt>
    <trkpt lat="42.899479" lon="141.516739"><ele>166</ele></trkpt>
    <trkpt lat="42.899343" lon="141.516579"><ele>166</ele></trkpt>
    <trkpt lat="42.899210" lon="141.516413"><ele>166</ele></trkpt>
    <trkpt lat="42.899079" lon="141.516245"><ele>166</ele></trkpt>
    <trkpt lat="42.898949" lon="141.516076"><ele>165</ele></trkpt>
    <trkpt lat="42.898815" lon="141.515911"><ele>165</ele></trkpt>
    <trkpt lat="42.898679" lon="141.515751"><ele>165</ele></trkpt>
    <trkpt lat="42.898546" lon="141.515585"><ele>165</ele></trkpt>
    <trkpt lat="42.898409" lon="141.515426"><ele>165</ele></trkpt>
    <trkpt lat="42.898278" lon="141.515257"><ele>165</ele></trkpt>
    <trkpt lat="42.898140" lon="141.515100"><ele>165</ele></trkpt>
    <trkpt lat="42.898008" lon="141.514934"><ele>165</ele></trkpt>
    <trkpt lat="42.897870" lon="141.514777"><ele>165</ele></trkpt>
    <trkpt lat="42.897732" lon="141.514619"><ele>165</ele></trkpt>
    <trkpt lat="42.897594" lon="141.514461"><ele>165</ele></trkpt>
    <trkpt lat="42.897462" lon="141.514295"><ele>165</ele></trkpt>
    <trkpt lat="42.897330" lon="141.514127"><ele>165</ele></trkpt>
    <trkpt lat="42.897195" lon="141.513966"><ele>164</ele></trkpt>
    <trkpt lat="42.897059" lon="141.513806"><ele>164</ele></trkpt>
    <trkpt lat="42.896921" lon="141.513647"><ele>164</ele></trkpt>
    <trkpt lat="42.896787" lon="141.513484"><ele>164</ele></trkpt>
    <trkpt lat="42.896652" lon="141.513321"><ele>164</ele></trkpt>
    <trkpt lat="42.896515" lon="141.513162"><ele>164</ele></trkpt>
    <trkpt lat="42.896378" lon="141.513003"><ele>164</ele></trkpt>
    <trkpt lat="42.896242" lon="141.512843"><ele>164</ele></trkpt>
    <trkpt lat="42.896103" lon="141.512686"><ele>164</ele></trkpt>
    <trkpt lat="42.895968" lon="141.512524"><ele>164</ele></trkpt>
    <trkpt lat="42.895833" lon="141.512363"><ele>164</ele></trkpt>
    <trkpt lat="42.895697" lon="141.512202"><ele>164</ele></trkpt>
    <trkpt lat="42.895564" lon="141.512037"><ele>164</ele></trkpt>
    <trkpt lat="42.895433" lon="141.511868"><ele>163</ele></trkpt>
    <trkpt lat="42.895297" lon="141.511707"><ele>163</ele></trkpt>
    <trkpt lat="42.895163" lon="141.511543"><ele>163</ele></trkpt>
    <trkpt lat="42.895033" lon="141.511374"><ele>163</ele></trkpt>
    <trkpt lat="42.894895" lon="141.511216"><ele>163</ele></trkpt>
    <trkpt lat="42.894759" lon="141.511056"><ele>163</ele></trkpt>
    <trkpt lat="42.894625" lon="141.510892"><ele>163</ele></trkpt>
    <trkpt lat="42.894489" lon="141.510731"><ele>163</ele></trkpt>
    <trkpt lat="42.894353" lon="141.510571"><ele>163</ele></trkpt>
    <trkpt lat="42.894216" lon="141.510412"><ele>163</ele></trkpt>
    <trkpt lat="42.894086" lon="141.510242"><ele>163</ele></trkpt>
    <trkpt lat="42.893949" lon="141.510084"><ele>163</ele></trkpt>
    <trkpt lat="42.893818" lon="141.509915"><ele>163</ele></trkpt>
    <trkpt lat="42.893683" lon="141.509753"><ele>162</ele></trkpt>
    <trkpt lat="42.893549" lon="141.509589"><ele>162</ele></trkpt>
    <trkpt lat="42.893418" lon="141.509421"><ele>162</ele></trkpt>
    <trkpt lat="42.893281" lon="141.509262"><ele>162</ele></trkpt>
    <trkpt lat="42.893148" lon="141.509096"><ele>162</ele></trkpt>
    <trkpt lat="42.893012" lon="141.508935"><ele>162</ele></trkpt>
    <trkpt lat="42.892881" lon="141.508768"><ele>162</ele></trkpt>
    <trkpt lat="42.892746" lon="141.508605"><ele>162</ele></trkpt>
    <trkpt lat="42.892611" lon="141.508444"><ele>162</ele></trkpt>
    <trkpt lat="42.892478" lon="141.508278"><ele>162</ele></trkpt>
    <trkpt lat="42.892343" lon="141.508115"><ele>162</ele></trkpt>
    <trkpt lat="42.892210" lon="141.507950"><ele>162</ele></trkpt>
    <trkpt lat="42.892079" lon="141.507782"><ele>161</ele></trkpt>
    <trkpt lat="42.891948" lon="141.507614"><ele>161</ele></trkpt>
    <trkpt lat="42.891811" lon="141.507455"><ele>161</ele></trkpt>
    <trkpt lat="42.891673" lon="141.507297"><ele>161</ele></trkpt>
    <trkpt lat="42.891535" lon="141.507140"><ele>161</ele></trkpt>
    <trkpt lat="42.891401" lon="141.506975"><ele>161</ele></trkpt>
    <trkpt lat="42.891265" lon="141.506816"><ele>161</ele></trkpt>
    <trkpt lat="42.891130" lon="141.506654"><ele>161</ele></trkpt>
    <trkpt lat="42.890992" lon="141.506495"><ele>161</ele></trkpt>
    <trkpt lat="42.890854" lon="141.506337"><ele>161</ele></trkpt>
    <trkpt lat="42.890718" lon="141.506177"><ele>161</ele></trkpt>
    <trkpt lat="42.890586" lon="141.506011"><ele>161</ele></trkpt>
    <trkpt lat="42.890448" lon="141.505853"><ele>160</ele></trkpt>
    <trkpt lat="42.890317" lon="141.505685"><ele>160</ele></trkpt>
    <trkpt lat="42.890181" lon="141.505524"><ele>160</ele></trkpt>
    <trkpt lat="42.890049" lon="141.505358"><ele>160</ele></trkpt>
    <trkpt lat="42.889918" lon="141.505189"><ele>160</ele></trkpt>
    <trkpt lat="42.889783" lon="141.505027"><ele>160</ele></trkpt>
    <trkpt lat="42.889653" lon="141.504858"><ele>160</ele></trkpt>
    <trkpt lat="42.889521" lon="141.504691"><ele>160</ele></trkpt>
    <trkpt lat="42.889390" lon="141.504523"><ele>160</ele></trkpt>
    <trkpt lat="42.889255" lon="141.504360"><ele>160</ele></trkpt>
    <trkpt lat="42.889119" lon="141.504199"><ele>160</ele></trkpt>
    <trkpt lat="42.888984" lon="141.504037"><ele>160</ele></trkpt>
    <trkpt lat="42.888854" lon="141.503868"><ele>159</ele></trkpt>
    <trkpt lat="42.888720" lon="141.503704"><ele>159</ele></trkpt>
    <trkpt lat="42.888583" lon="141.503546"><ele>159</ele></trkpt>
    <trkpt lat="42.888451" lon="141.503378"><ele>159</ele></trkpt>
    <trkpt lat="42.888314" lon="141.503219"><ele>159</ele></trkpt>
    <trkpt lat="42.888177" lon="141.503060"><ele>159</ele></trkpt>
    <trkpt lat="42.888045" lon="141.502893"><ele>159</ele></trkpt>
    <trkpt lat="42.887913" lon="141.502727"><ele>159</ele></trkpt>
    <trkpt lat="42.887779" lon="141.502563"><ele>159</ele></trkpt>
    <trkpt lat="42.887644" lon="141.502401"><ele>159</ele></trkpt>
    <trkpt lat="42.887509" lon="141.502239"><ele>159</ele></trkpt>
    <trkpt lat="42.887378" lon="141.502070"><ele>159</ele></trkpt>
    <trkpt lat="42.887243" lon="141.501908"><ele>158</ele></trkpt>
    <trkpt lat="42.887111" lon="141.501741"><ele>158</ele></trkpt>
    <trkpt lat="42.886974" lon="141.501582"><ele>158</ele></trkpt>
    <trkpt lat="42.886843" lon="141.501414"><ele>158</ele></trkpt>
    <trkpt lat="42.886707" lon="141.501253"><ele>158</ele></trkpt>
    <trkpt lat="42.886576" lon="141.501086"><ele>158</ele></trkpt>
    <trkpt lat="42.886443" lon="141.500920"><ele>158</ele></trkpt>
    <trkpt lat="42.886313" lon="141.500751"><ele>158</ele></trkpt>
    <trkpt lat="42.886175" lon="141.500593"><ele>158</ele></trkpt>
    <trkpt lat="42.886042" lon="141.500428"><ele>158</ele></trkpt>
    <trkpt lat="42.885909" lon="141.500262"><ele>158</ele></trkpt>
    <trkpt lat="42.885773" lon="141.500102"><ele>158</ele></trkpt>
    <trkpt lat="42.885637" lon="141.499941"><ele>157</ele></trkpt>
    <trkpt lat="42.885503" lon="141.499777"><ele>157</ele></trkpt>
    <trkpt lat="42.885368" lon="141.499614"><ele>157</ele></trkpt>
    <trkpt lat="42.885238" lon="141.499446"><ele>157</ele></trkpt>
    <trkpt lat="42.885100" lon="141.499288"><ele>157</ele></trkpt>
    <trkpt lat="42.884965" lon="141.499125"><ele>157</ele></trkpt>
    <trkpt lat="42.884829" lon="141.498965"><ele>157</ele></trkpt>
    <trkpt lat="42.884695" lon="141.498801"><ele>157</ele></trkpt>
    <trkpt lat="42.884565" lon="141.498631"><ele>157</ele></trkpt>
    <trkpt lat="42.884432" lon="141.498467"><ele>157</ele></trkpt>
    <trkpt lat="42.884296" lon="141.498306"><ele>157</ele></trkpt>
    <trkpt lat="42.884160" lon="141.498146"><ele>156</ele></trkpt>
    <trkpt lat="42.884028" lon="141.497978"><ele>156</ele></trkpt>
    <trkpt lat="42.883898" lon="141.497809"><ele>156</ele></trkpt>
    <trkpt lat="42.883766" lon="141.497642"><ele>156</ele></trkpt>
    <trkpt lat="42.883629" lon="141.497483"><ele>156</ele></trkpt>
    <trkpt lat="42.883493" lon="141.497322"><ele>156</ele></trkpt>
    <trkpt lat="42.883355" lon="141.497164"><ele>156</ele></trkpt>
    <trkpt lat="42.883217" lon="141.497007"><ele>156</ele></trkpt>
    <trkpt lat="42.883087" lon="141.496839"><ele>156</ele></trkpt>
    <trkpt lat="42.882954" lon="141.496673"><ele>156</ele></trkpt>
    <trkpt lat="42.882823" lon="141.496505"><ele>156</ele></trkpt>
    <trkpt lat="42.882686" lon="141.496345"><ele>156</ele></trkpt>
    <trkpt lat="42.882553" lon="141.496179"><ele>155</ele></trkpt>
    <trkpt lat="42.882416" lon="141.496021"><ele>155</ele></trkpt>
    <trkpt lat="42.882281" lon="141.495860"><ele>155</ele></trkpt>
    <trkpt lat="42.882148" lon="141.495693"><ele>155</ele></trkpt>
    <trkpt lat="42.882018" lon="141.495524"><ele>155</ele></trkpt>
    <trkpt lat="42.881882" lon="141.495363"><ele>155</ele></trkpt>
    <trkpt lat="42.881750" lon="141.495196"><ele>155</ele></trkpt>
    <trkpt lat="42.881618" lon="141.495030"><ele>155</ele></trkpt>
    <trkpt lat="42.881483" lon="141.494868"><ele>155</ele></trkpt>
    <trkpt lat="42.881348" lon="141.494706"><ele>155</ele></trkpt>
    <trkpt lat="42.881210" lon="141.494547"><ele>155</ele></trkpt>
    <trkpt lat="42.881077" lon="141.494383"><ele>154</ele></trkpt>
    <trkpt lat="42.880941" lon="141.494222"><ele>154</ele></trkpt>
    <trkpt lat="42.880805" lon="141.494061"><ele>154</ele></trkpt>
    <trkpt lat="42.880668" lon="141.493902"><ele>154</ele></trkpt>
    <trkpt lat="42.880533" lon="141.493740"><ele>154</ele></trkpt>
    <trkpt lat="42.880400" lon="141.493575"><ele>154</ele></trkpt>
    <trkpt lat="42.880269" lon="141.493406"><ele>154</ele></trkpt>
    <trkpt lat="42.880138" lon="141.493239"><ele>154</ele></trkpt>
    <trkpt lat="42.880001" lon="141.493079"><ele>154</ele></trkpt>
    <trkpt lat="42.879869" lon="141.492912"><ele>154</ele></trkpt>
    <trkpt lat="42.879736" lon="141.492747"><ele>154</ele></trkpt>
    <trkpt lat="42.879598" lon="141.492590"><ele>153</ele></trkpt>
    <trkpt lat="42.879464" lon="141.492427"><ele>153</ele></trkpt>
    <trkpt lat="42.879333" lon="141.492258"><ele>153</ele></trkpt>
    <trkpt lat="42.879198" lon="141.492097"><ele>153</ele></trkpt>
    <trkpt lat="42.879062" lon="141.491936"><ele>153</ele></trkpt>
    <trkpt lat="42.878929" lon="141.491770"><ele>153</ele></trkpt>
    <trkpt lat="42.878794" lon="141.491608"><ele>153</ele></trkpt>
    <trkpt lat="42.878659" lon="141.491445"><ele>153</ele></trkpt>
    <trkpt lat="42.878525" lon="141.491282"><ele>153</ele></trkpt>
    <trkpt lat="42.878391" lon="141.491119"><ele>153</ele></trkpt>
    <trkpt lat="42.878255" lon="141.490958"><ele>153</ele></trkpt>
    <trkpt lat="42.878120" lon="141.490796"><ele>152</ele></trkpt>
    <trkpt lat="42.877989" lon="141.490627"><ele>152</ele></trkpt>
    <trkpt lat="42.877855" lon="141.490464"><ele>152</ele></trkpt>
    <trkpt lat="42.877725" lon="141.490294"><ele>152</ele></trkpt>
    <trkpt lat="42.877587" lon="141.490137"><ele>152</ele></trkpt>
    <trkpt lat="42.877454" lon="141.489971"><ele>152</ele></trkpt>
    <trkpt lat="42.877317" lon="141.489812"><ele>152</ele></trkpt>
    <trkpt lat="42.877187" lon="141.489643"><ele>152</ele></trkpt>
    <trkpt lat="42.877055" lon="141.489476"><ele>152</ele></trkpt>
    <trkpt lat="42.876917" lon="141.489319"><ele>152</ele></trkpt>
    <trkpt lat="42.876780" lon="141.489159"><ele>152</ele></trkpt>
    <trkpt lat="42.876647" lon="141.488994"><ele>151</ele></trkpt>
    <trkpt lat="42.876510" lon="141.488835"><ele>151</ele></trkpt>
    <trkpt lat="42.876372" lon="141.488677"><ele>151</ele></trkpt>
    <trkpt lat="42.876242" lon="141.488508"><ele>151</ele></trkpt>
    <trkpt lat="42.876111" lon="141.488339"><ele>151</ele></trkpt>
    <trkpt lat="42.875975" lon="141.488179"><ele>151</ele></trkpt>
    <trkpt lat="42.875843" lon="141.488012"><ele>151</ele></trkpt>
    <trkpt lat="42.875713" lon="141.487843"><ele>151</ele></trkpt>
    <trkpt lat="42.875579" lon="141.487679"><ele>151</ele></trkpt>
    <trkpt lat="42.875442" lon="141.487521"><ele>151</ele></trkpt>
    <trkpt lat="42.875304" lon="141.487362"><ele>151</ele></trkpt>
    <trkpt lat="42.875172" lon="141.487196"><ele>150</ele></trkpt>
    <trkpt lat="42.875038" lon="141.487032"><ele>150</ele></trkpt>
    <trkpt lat="42.874905" lon="141.486867"><ele>150</ele></trkpt>
    <trkpt lat="42.874772" lon="141.486702"><ele>150</ele></trkpt>
    <trkpt lat="42.874638" lon="141.486538"><ele>150</ele></trkpt>
    <trkpt lat="42.874502" lon="141.486377"><ele>150</ele></trkpt>
    <trkpt lat="42.874369" lon="141.486213"><ele>150</ele></trkpt>
    <trkpt lat="42.874234" lon="141.486050"><ele>150</ele></trkpt>
    <trkpt lat="42.874101" lon="141.485885"><ele>150</ele></trkpt>
    <trkpt lat="42.873965" lon="141.485725"><ele>150</ele></trkpt>
    <trkpt lat="42.873827" lon="141.485567"><ele>149</ele></trkpt>
    <trkpt lat="42.873690" lon="141.485408"><ele>149</ele></trkpt>
    <trkpt lat="42.873559" lon="141.485239"><ele>149</ele></trkpt>
    <trkpt lat="42.873425" lon="141.485077"><ele>149</ele></trkpt>
    <trkpt lat="42.873293" lon="141.484909"><ele>149</ele></trkpt>
    <trkpt lat="42.873159" lon="141.484745"><ele>149</ele></trkpt>
    <trkpt lat="42.873022" lon="141.484587"><ele>149</ele></trkpt>
    <trkpt lat="42.872886" lon="141.484426"><ele>149</ele></trkpt>
    <trkpt lat="42.872751" lon="141.484264"><ele>149</ele></trkpt>
    <trkpt lat="42.872617" lon="141.484100"><ele>149</ele></trkpt>
    <trkpt lat="42.872483" lon="141.483937"><ele>149</ele></trkpt>
    <trkpt lat="42.872345" lon="141.483779"><ele>148</ele></trkpt>
    <trkpt lat="42.872214" lon="141.483610"><ele>148</ele></trkpt>
    <trkpt lat="42.872079" lon="141.483448"><ele>148</ele></trkpt>
    <trkpt lat="42.871941" lon="141.483291"><ele>148</ele></trkpt>
    <trkpt lat="42.871806" lon="141.483129"><ele>148</ele></trkpt>
    <trkpt lat="42.871672" lon="141.482966"><ele>148</ele></trkpt>
    <trkpt lat="42.871534" lon="141.482808"><ele>148</ele></trkpt>
    <trkpt lat="42.871400" lon="141.482645"><ele>148</ele></trkpt>
    <trkpt lat="42.871266" lon="141.482481"><ele>148</ele></trkpt>
    <trkpt lat="42.871132" lon="141.482316"><ele>148</ele></trkpt>
    <trkpt lat="42.870994" lon="141.482159"><ele>147</ele></trkpt>
    <trkpt lat="42.870863" lon="141.481992"><ele>147</ele></trkpt>
    <trkpt lat="42.870727" lon="141.481831"><ele>147</ele></trkpt>
    <trkpt lat="42.870596" lon="141.481662"><ele>147</ele></trkpt>
    <trkpt lat="42.870461" lon="141.481501"><ele>147</ele></trkpt>
    <trkpt lat="42.870327" lon="141.481338"><ele>147</ele></trkpt>
    <trkpt lat="42.870189" lon="141.481180"><ele>147</ele></trkpt>
    <trkpt lat="42.870059" lon="141.481010"><ele>147</ele></trkpt>
    <trkpt lat="42.869928" lon="141.480841"><ele>147</ele></trkpt>
    <trkpt lat="42.869791" lon="141.480684"><ele>147</ele></trkpt>
    <trkpt lat="42.869655" lon="141.480522"><ele>147</ele></trkpt>
    <trkpt lat="42.869524" lon="141.480355"><ele>146</ele></trkpt>
    <trkpt lat="42.869387" lon="141.480194"><ele>146</ele></trkpt>
    <trkpt lat="42.869255" lon="141.480028"><ele>146</ele></trkpt>
    <trkpt lat="42.869122" lon="141.479864"><ele>146</ele></trkpt>
    <trkpt lat="42.868985" lon="141.479704"><ele>146</ele></trkpt>
    <trkpt lat="42.868849" lon="141.479544"><ele>146</ele></trkpt>
    <trkpt lat="42.868712" lon="141.479385"><ele>146</ele></trkpt>
    <trkpt lat="42.868579" lon="141.479219"><ele>146</ele></trkpt>
    <trkpt lat="42.868444" lon="141.479057"><ele>146</ele></trkpt>
    <trkpt lat="42.868308" lon="141.478896"><ele>146</ele></trkpt>
    <trkpt lat="42.868178" lon="141.478727"><ele>145</ele></trkpt>
    <trkpt lat="42.868043" lon="141.478564"><ele>145</ele></trkpt>
    <trkpt lat="42.867907" lon="141.478404"><ele>145</ele></trkpt>
    <trkpt lat="42.867773" lon="141.478240"><ele>145</ele></trkpt>
    <trkpt lat="42.867637" lon="141.478080"><ele>145</ele></trkpt>
    <trkpt lat="42.867499" lon="141.477922"><ele>145</ele></trkpt>
    <trkpt lat="42.867367" lon="141.477756"><ele>145</ele></trkpt>
    <trkpt lat="42.867229" lon="141.477599"><ele>145</ele></trkpt>
    <trkpt lat="42.867093" lon="141.477438"><ele>145</ele></trkpt>
    <trkpt lat="42.866961" lon="141.477271"><ele>145</ele></trkpt>
    <trkpt lat="42.866830" lon="141.477103"><ele>144</ele></trkpt>
    <trkpt lat="42.866692" lon="141.476945"><ele>144</ele></trkpt>
    <trkpt lat="42.866555" lon="141.476787"><ele>144</ele></trkpt>
    <trkpt lat="42.866422" lon="141.476621"><ele>144</ele></trkpt>
    <trkpt lat="42.866285" lon="141.476463"><ele>144</ele></trkpt>
    <trkpt lat="42.866148" lon="141.476304"><ele>144</ele></trkpt>
    <trkpt lat="42.866011" lon="141.476143"><ele>144</ele></trkpt>
    <trkpt lat="42.865874" lon="141.475986"><ele>144</ele></trkpt>
    <trkpt lat="42.865740" lon="141.475822"><ele>144</ele></trkpt>
    <trkpt lat="42.865604" lon="141.475661"><ele>144</ele></trkpt>
    <trkpt lat="42.865469" lon="141.475498"><ele>143</ele></trkpt>
    <trkpt lat="42.865337" lon="141.475332"><ele>143</ele></trkpt>
    <trkpt lat="42.865207" lon="141.475163"><ele>143</ele></trkpt>
    <trkpt lat="42.865073" lon="141.474998"><ele>143</ele></trkpt>
    <trkpt lat="42.864943" lon="141.474829"><ele>143</ele></trkpt>
    <trkpt lat="42.864807" lon="141.474669"><ele>143</ele></trkpt>
    <trkpt lat="42.864670" lon="141.474510"><ele>143</ele></trkpt>
    <trkpt lat="42.864535" lon="141.474348"><ele>143</ele></trkpt>
    <trkpt lat="42.864402" lon="141.474182"><ele>143</ele></trkpt>
    <trkpt lat="42.864264" lon="141.474025"><ele>143</ele></trkpt>
    <trkpt lat="42.864133" lon="141.473856"><ele>142</ele></trkpt>
    <trkpt lat="42.863999" lon="141.473692"><ele>142</ele></trkpt>
    <trkpt lat="42.863863" lon="141.473532"><ele>142</ele></trkpt>
    <trkpt lat="42.863727" lon="141.473372"><ele>142</ele></trkpt>
    <trkpt lat="42.863589" lon="141.473215"><ele>142</ele></trkpt>
    <trkpt lat="42.863455" lon="141.473050"><ele>142</ele></trkpt>
    <trkpt lat="42.863321" lon="141.472887"><ele>142</ele></trkpt>
    <trkpt lat="42.863183" lon="141.472730"><ele>142</ele></trkpt>
    <trkpt lat="42.863047" lon="141.472569"><ele>142</ele></trkpt>
    <trkpt lat="42.862917" lon="141.472400"><ele>141</ele></trkpt>
    <trkpt lat="42.862780" lon="141.472241"><ele>141</ele></trkpt>
    <trkpt lat="42.862649" lon="141.472072"><ele>141</ele></trkpt>
    <trkpt lat="42.862517" lon="141.471906"><ele>141</ele></trkpt>
    <trkpt lat="42.862384" lon="141.471741"><ele>141</ele></trkpt>
    <trkpt lat="42.862250" lon="141.471577"><ele>141</ele></trkpt>
    <trkpt lat="42.862113" lon="141.471419"><ele>141</ele></trkpt>
    <trkpt lat="42.861979" lon="141.471255"><ele>141</ele></trkpt>
    <trkpt lat="42.861842" lon="141.471096"><ele>141</ele></trkpt>
    <trkpt lat="42.861710" lon="141.470929"><ele>141</ele></trkpt>
    <trkpt lat="42.861573" lon="141.470770"><ele>140</ele></trkpt>
    <trkpt lat="42.861439" lon="141.470606"><ele>140</ele></trkpt>
    <trkpt lat="42.861301" lon="141.470448"><ele>140</ele></trkpt>
    <trkpt lat="42.861165" lon="141.470289"><ele>140</ele></trkpt>
    <trkpt lat="42.861027" lon="141.470131"><ele>140</ele></trkpt>
    <trkpt lat="42.860893" lon="141.469966"><ele>140</ele></trkpt>
    <trkpt lat="42.860755" lon="141.469809"><ele>140</ele></trkpt>
    <trkpt lat="42.860618" lon="141.469651"><ele>140</ele></trkpt>
    <trkpt lat="42.860485" lon="141.469486"><ele>140</ele></trkpt>
    <trkpt lat="42.860347" lon="141.469328"><ele>140</ele></trkpt>
    <trkpt lat="42.860211" lon="141.469167"><ele>139</ele></trkpt>
    <trkpt lat="42.860080" lon="141.468999"><ele>139</ele></trkpt>
    <trkpt lat="42.859943" lon="141.468840"><ele>139</ele></trkpt>
    <trkpt lat="42.859806" lon="141.468682"><ele>139</ele></trkpt>
    <trkpt lat="42.859676" lon="141.468512"><ele>139</ele></trkpt>
    <trkpt lat="42.859541" lon="141.468350"><ele>139</ele></trkpt>
    <trkpt lat="42.859409" lon="141.468183"><ele>139</ele></trkpt>
    <trkpt lat="42.859275" lon="141.468019"><ele>139</ele></trkpt>
    <trkpt lat="42.859141" lon="141.467856"><ele>139</ele></trkpt>
    <trkpt lat="42.859003" lon="141.467699"><ele>138</ele></trkpt>
    <trkpt lat="42.858867" lon="141.467537"><ele>138</ele></trkpt>
    <trkpt lat="42.858736" lon="141.467370"><ele>138</ele></trkpt>
    <trkpt lat="42.858600" lon="141.467208"><ele>138</ele></trkpt>
    <trkpt lat="42.858470" lon="141.467039"><ele>138</ele></trkpt>
    <trkpt lat="42.858332" lon="141.466882"><ele>138</ele></trkpt>
    <trkpt lat="42.858200" lon="141.466715"><ele>138</ele></trkpt>
    <trkpt lat="42.858065" lon="141.466553"><ele>138</ele></trkpt>
    <trkpt lat="42.857930" lon="141.466392"><ele>138</ele></trkpt>
    <trkpt lat="42.857796" lon="141.466227"><ele>138</ele></trkpt>
    <trkpt lat="42.857664" lon="141.466061"><ele>137</ele></trkpt>
    <trkpt lat="42.857527" lon="141.465902"><ele>137</ele></trkpt>
    <trkpt lat="42.857394" lon="141.465736"><ele>137</ele></trkpt>
    <trkpt lat="42.857318" lon="141.465958"><ele>137</ele></trkpt>
    <trkpt lat="42.857248" lon="141.466184"><ele>137</ele></trkpt>
    <trkpt lat="42.857178" lon="141.466410"><ele>137</ele></trkpt>
    <trkpt lat="42.857099" lon="141.466631"><ele>137</ele></trkpt>
    <trkpt lat="42.857019" lon="141.466850"><ele>137</ele></trkpt>
    <trkpt lat="42.856943" lon="141.467073"><ele>137</ele></trkpt>
    <trkpt lat="42.856865" lon="141.467294"><ele>136</ele></trkpt>
    <trkpt lat="42.856790" lon="141.467517"><ele>136</ele></trkpt>
    <trkpt lat="42.856718" lon="141.467742"><ele>136</ele></trkpt>
    <trkpt lat="42.856640" lon="141.467963"><ele>136</ele></trkpt>
    <trkpt lat="42.856562" lon="141.468184"><ele>136</ele></trkpt>
    <trkpt lat="42.856484" lon="141.468405"><ele>136</ele></trkpt>
    <trkpt lat="42.856412" lon="141.468630"><ele>136</ele></trkpt>
    <trkpt lat="42.856339" lon="141.468854"><ele>136</ele></trkpt>
    <trkpt lat="42.856266" lon="141.469078"><ele>136</ele></trkpt>
    <trkpt lat="42.856186" lon="141.469298"><ele>136</ele></trkpt>
    <trkpt lat="42.856111" lon="141.469521"><ele>135</ele></trkpt>
    <trkpt lat="42.856040" lon="141.469746"><ele>135</ele></trkpt>
    <trkpt lat="42.855967" lon="141.469970"><ele>135</ele></trkpt>
    <trkpt lat="42.855887" lon="141.470190"><ele>135</ele></trkpt>
    <trkpt lat="42.855812" lon="141.470414"><ele>135</ele></trkpt>
    <trkpt lat="42.855737" lon="141.470637"><ele>135</ele></trkpt>
    <trkpt lat="42.855663" lon="141.470860"><ele>135</ele></trkpt>
    <trkpt lat="42.855587" lon="141.471082"><ele>135</ele></trkpt>
    <trkpt lat="42.855512" lon="141.471306"><ele>135</ele></trkpt>
    <trkpt lat="42.855436" lon="141.471528"><ele>134</ele></trkpt>
    <trkpt lat="42.855358" lon="141.471749"><ele>134</ele></trkpt>
    <trkpt lat="42.855286" lon="141.471974"><ele>134</ele></trkpt>
    <trkpt lat="42.855210" lon="141.472196"><ele>134</ele></trkpt>
    <trkpt lat="42.855130" lon="141.472416"><ele>134</ele></trkpt>
    <trkpt lat="42.855056" lon="141.472640"><ele>134</ele></trkpt>
    <trkpt lat="42.854977" lon="141.472860"><ele>134</ele></trkpt>
    <trkpt lat="42.854905" lon="141.473085"><ele>134</ele></trkpt>
    <trkpt lat="42.854836" lon="141.473311"><ele>134</ele></trkpt>
    <trkpt lat="42.854759" lon="141.473533"><ele>133</ele></trkpt>
    <trkpt lat="42.854683" lon="141.473755"><ele>133</ele></trkpt>
    <trkpt lat="42.854605" lon="141.473977"><ele>133</ele></trkpt>
    <trkpt lat="42.854529" lon="141.474199"><ele>133</ele></trkpt>
    <trkpt lat="42.854452" lon="141.474421"><ele>133</ele></trkpt>
    <trkpt lat="42.854383" lon="141.474647"><ele>133</ele></trkpt>
    <trkpt lat="42.854311" lon="141.474872"><ele>133</ele></trkpt>
    <trkpt lat="42.854239" lon="141.475097"><ele>133</ele></trkpt>
    <trkpt lat="42.854163" lon="141.475320"><ele>133</ele></trkpt>
    <trkpt lat="42.854087" lon="141.475542"><ele>132</ele></trkpt>
    <trkpt lat="42.854010" lon="141.475763"><ele>132</ele></trkpt>
    <trkpt lat="42.853934" lon="141.475986"><ele>132</ele></trkpt>
    <trkpt lat="42.853854" lon="141.476205"><ele>132</ele></trkpt>
    <trkpt lat="42.853783" lon="141.476431"><ele>132</ele></trkpt>
    <trkpt lat="42.853712" lon="141.476656"><ele>132</ele></trkpt>
    <trkpt lat="42.853638" lon="141.476880"><ele>132</ele></trkpt>
    <trkpt lat="42.853569" lon="141.477106"><ele>132</ele></trkpt>
    <trkpt lat="42.853490" lon="141.477327"><ele>132</ele></trkpt>
    <trkpt lat="42.853410" lon="141.477547"><ele>131</ele></trkpt>
    <trkpt lat="42.853338" lon="141.477771"><ele>131</ele></trkpt>
    <trkpt lat="42.853266" lon="141.477996"><ele>131</ele></trkpt>
    <trkpt lat="42.853191" lon="141.478219"><ele>131</ele></trkpt>
    <trkpt lat="42.853116" lon="141.478442"><ele>131</ele></trkpt>
    <trkpt lat="42.853038" lon="141.478663"><ele>131</ele></trkpt>
    <trkpt lat="42.852963" lon="141.478887"><ele>131</ele></trkpt>
    <trkpt lat="42.852887" lon="141.479109"><ele>131</ele></trkpt>
    <trkpt lat="42.852808" lon="141.479330"><ele>131</ele></trkpt>
    <trkpt lat="42.852728" lon="141.479549"><ele>130</ele></trkpt>
    <trkpt lat="42.852654" lon="141.479773"><ele>130</ele></trkpt>
    <trkpt lat="42.852585" lon="141.479999"><ele>130</ele></trkpt>
    <trkpt lat="42.852512" lon="141.480224"><ele>130</ele></trkpt>
    <trkpt lat="42.852439" lon="141.480448"><ele>130</ele></trkpt>
    <trkpt lat="42.852364" lon="141.480671"><ele>130</ele></trkpt>
    <trkpt lat="42.852286" lon="141.480892"><ele>130</ele></trkpt>
    <trkpt lat="42.852216" lon="141.481118"><ele>130</ele></trkpt>
    <trkpt lat="42.852144" lon="141.481343"><ele>130</ele></trkpt>
    <trkpt lat="42.852068" lon="141.481565"><ele>129</ele></trkpt>
    <trkpt lat="42.851989" lon="141.481786"><ele>129</ele></trkpt>
    <trkpt lat="42.851913" lon="141.482008"><ele>129</ele></trkpt>
    <trkpt lat="42.851840" lon="141.482232"><ele>129</ele></trkpt>
    <trkpt lat="42.851769" lon="141.482457"><ele>129</ele></trkpt>
    <trkpt lat="42.851699" lon="141.482684"><ele>129</ele></trkpt>
    <trkpt lat="42.851625" lon="141.482907"><ele>129</ele></trkpt>
    <trkpt lat="42.851554" lon="141.483133"><ele>129</ele></trkpt>
    <trkpt lat="42.851481" lon="141.483357"><ele>129</ele></trkpt>
    <trkpt lat="42.851412" lon="141.483583"><ele>128</ele></trkpt>
    <trkpt lat="42.851337" lon="141.483807"><ele>128</ele></trkpt>
    <trkpt lat="42.851264" lon="141.484031"><ele>128</ele></trkpt>
    <trkpt lat="42.851194" lon="141.484257"><ele>128</ele></trkpt>
    <trkpt lat="42.851123" lon="141.484482"><ele>128</ele></trkpt>
    <trkpt lat="42.851045" lon="141.484703"><ele>128</ele></trkpt>
    <trkpt lat="42.850971" lon="141.484927"><ele>128</ele></trkpt>
    <trkpt lat="42.850898" lon="141.485151"><ele>128</ele></trkpt>
    <trkpt lat="42.850819" lon="141.485371"><ele>128</ele></trkpt>
    <trkpt lat="42.850749" lon="141.485597"><ele>127</ele></trkpt>
    <trkpt lat="42.850673" lon="141.485820"><ele>127</ele></trkpt>
    <trkpt lat="42.850602" lon="141.486045"><ele>127</ele></trkpt>
    <trkpt lat="42.850524" lon="141.486266"><ele>127</ele></trkpt>
    <trkpt lat="42.850454" lon="141.486492"><ele>127</ele></trkpt>
    <trkpt lat="42.850382" lon="141.486717"><ele>127</ele></trkpt>
    <trkpt lat="42.850306" lon="141.486939"><ele>127</ele></trkpt>
    <trkpt lat="42.850235" lon="141.487164"><ele>127</ele></trkpt>
    <trkpt lat="42.850155" lon="141.487384"><ele>127</ele></trkpt>
    <trkpt lat="42.850078" lon="141.487606"><ele>126</ele></trkpt>
    <trkpt lat="42.850005" lon="141.487830"><ele>126</ele></trkpt>
    <trkpt lat="42.849927" lon="141.488051"><ele>126</ele></trkpt>
    <trkpt lat="42.849854" lon="141.488276"><ele>126</ele></trkpt>
    <trkpt lat="42.849779" lon="141.488499"><ele>126</ele></trkpt>
    <trkpt lat="42.849703" lon="141.488721"><ele>126</ele></trkpt>
    <trkpt lat="42.849631" lon="141.488946"><ele>126</ele></trkpt>
    <trkpt lat="42.849556" lon="141.489169"><ele>126</ele></trkpt>
    <trkpt lat="42.849486" lon="141.489395"><ele>125</ele></trkpt>
    <trkpt lat="42.849406" lon="141.489614"><ele>125</ele></trkpt>
    <trkpt lat="42.849327" lon="141.489835"><ele>125</ele></trkpt>
    <trkpt lat="42.849251" lon="141.490058"><ele>125</ele></trkpt>
    <trkpt lat="42.849174" lon="141.490279"><ele>125</ele></trkpt>
    <trkpt lat="42.849098" lon="141.490502"><ele>125</ele></trkpt>
    <trkpt lat="42.849019" lon="141.490722"><ele>125</ele></trkpt>
    <trkpt lat="42.848944" lon="141.490945"><ele>125</ele></trkpt>
    <trkpt lat="42.848871" lon="141.491169"><ele>125</ele></trkpt>
    <trkpt lat="42.848796" lon="141.491392"><ele>124</ele></trkpt>
    <trkpt lat="42.848725" lon="141.491617"><ele>124</ele></trkpt>
    <trkpt lat="42.848645" lon="141.491837"><ele>124</ele></trkpt>
    <trkpt lat="42.848565" lon="141.492057"><ele>124</ele></trkpt>
    <trkpt lat="42.848495" lon="141.492283"><ele>124</ele></trkpt>
    <trkpt lat="42.848421" lon="141.492507"><ele>124</ele></trkpt>
    <trkpt lat="42.848351" lon="141.492732"><ele>124</ele></trkpt>
    <trkpt lat="42.848272" lon="141.492953"><ele>124</ele></trkpt>
    <trkpt lat="42.848192" lon="141.493172"><ele>124</ele></trkpt>
    <trkpt lat="42.848112" lon="141.493392"><ele>123</ele></trkpt>
    <trkpt lat="42.848033" lon="141.493613"><ele>123</ele></trkpt>
    <trkpt lat="42.847960" lon="141.493837"><ele>123</ele></trkpt>
    <trkpt lat="42.847884" lon="141.494059"><ele>123</ele></trkpt>
    <trkpt lat="42.847810" lon="141.494283"><ele>123</ele></trkpt>
    <trkpt lat="42.847737" lon="141.494507"><ele>123</ele></trkpt>
    <trkpt lat="42.847664" lon="141.494731"><ele>123</ele></trkpt>
    <trkpt lat="42.847584" lon="141.494951"><ele>123</ele></trkpt>
    <trkpt lat="42.847512" lon="141.495176"><ele>122</ele></trkpt>
    <trkpt lat="42.847438" lon="141.495399"><ele>122</ele></trkpt>
    <trkpt lat="42.847364" lon="141.495623"><ele>122</ele></trkpt>
    <trkpt lat="42.847284" lon="141.495843"><ele>122</ele></trkpt>
    <trkpt lat="42.847204" lon="141.496063"><ele>122</ele></trkpt>
    <trkpt lat="42.847131" lon="141.496287"><ele>122</ele></trkpt>
    <trkpt lat="42.847054" lon="141.496509"><ele>122</ele></trkpt>
    <trkpt lat="42.846976" lon="141.496729"><ele>122</ele></trkpt>
    <trkpt lat="42.846903" lon="141.496953"><ele>122</ele></trkpt>
    <trkpt lat="42.846823" lon="141.497174"><ele>121</ele></trkpt>
    <trkpt lat="42.846745" lon="141.497394"><ele>121</ele></trkpt>
    <trkpt lat="42.846671" lon="141.497618"><ele>121</ele></trkpt>
    <trkpt lat="42.846592" lon="141.497838"><ele>121</ele></trkpt>
    <trkpt lat="42.846513" lon="141.498059"><ele>121</ele></trkpt>
    <trkpt lat="42.846440" lon="141.498283"><ele>121</ele></trkpt>
    <trkpt lat="42.846366" lon="141.498506"><ele>121</ele></trkpt>
    <trkpt lat="42.846287" lon="141.498727"><ele>121</ele></trkpt>
    <trkpt lat="42.846213" lon="141.498950"><ele>120</ele></trkpt>
    <trkpt lat="42.846138" lon="141.499174"><ele>120</ele></trkpt>
    <trkpt lat="42.846061" lon="141.499395"><ele>120</ele></trkpt>
    <trkpt lat="42.845991" lon="141.499621"><ele>120</ele></trkpt>
    <trkpt lat="42.845911" lon="141.499841"><ele>120</ele></trkpt>
    <trkpt lat="42.845840" lon="141.500066"><ele>120</ele></trkpt>
    <trkpt lat="42.845765" lon="141.500289"><ele>120</ele></trkpt>
    <trkpt lat="42.845685" lon="141.500509"><ele>120</ele></trkpt>
    <trkpt lat="42.845604" lon="141.500728"><ele>120</ele></trkpt>
    <trkpt lat="42.845529" lon="141.500951"><ele>119</ele></trkpt>
    <trkpt lat="42.845457" lon="141.501176"><ele>119</ele></trkpt>
    <trkpt lat="42.845387" lon="141.501402"><ele>119</ele></trkpt>
    <trkpt lat="42.845317" lon="141.501628"><ele>119</ele></trkpt>
    <trkpt lat="42.845140" lon="141.501583"><ele>119</ele></trkpt>
    <trkpt lat="42.844962" lon="141.501542"><ele>119</ele></trkpt>
    <trkpt lat="42.844785" lon="141.501503"><ele>119</ele></trkpt>
    <trkpt lat="42.844608" lon="141.501459"><ele>119</ele></trkpt>
    <trkpt lat="42.844430" lon="141.501422"><ele>118</ele></trkpt>
    <trkpt lat="42.844252" lon="141.501389"><ele>118</ele></trkpt>
    <trkpt lat="42.844074" lon="141.501354"><ele>118</ele></trkpt>
    <trkpt lat="42.843896" lon="141.501316"><ele>118</ele></trkpt>
    <trkpt lat="42.843718" lon="141.501286"><ele>118</ele></trkpt>
    <trkpt lat="42.843539" lon="141.501253"><ele>118</ele></trkpt>
    <trkpt lat="42.843362" lon="141.501212"><ele>118</ele></trkpt>
    <trkpt lat="42.843185" lon="141.501172"><ele>118</ele></trkpt>
    <trkpt lat="42.843007" lon="141.501134"><ele>117</ele></trkpt>
    <trkpt lat="42.842829" lon="141.501098"><ele>117</ele></trkpt>
    <trkpt lat="42.842651" lon="141.501058"><ele>117</ele></trkpt>
    <trkpt lat="42.842473" lon="141.501026"><ele>117</ele></trkpt>
    <trkpt lat="42.842295" lon="141.500988"><ele>117</ele></trkpt>
    <trkpt lat="42.842119" lon="141.500943"><ele>117</ele></trkpt>
    <trkpt lat="42.841941" lon="141.500901"><ele>117</ele></trkpt>
    <trkpt lat="42.841764" lon="141.500857"><ele>117</ele></trkpt>
    <trkpt lat="42.841587" lon="141.500822"><ele>117</ele></trkpt>
    <trkpt lat="42.841409" lon="141.500782"><ele>116</ele></trkpt>
    <trkpt lat="42.841231" lon="141.500746"><ele>116</ele></trkpt>
    <trkpt lat="42.841053" lon="141.500716"><ele>116</ele></trkpt>
    <trkpt lat="42.840874" lon="141.500687"><ele>116</ele></trkpt>
    <trkpt lat="42.840696" lon="141.500654"><ele>116</ele></trkpt>
    <trkpt lat="42.840519" lon="141.500611"><ele>116</ele></trkpt>
    <trkpt lat="42.840340" lon="141.500578"><ele>116</ele></trkpt>
    <trkpt lat="42.840163" lon="141.500542"><ele>116</ele></trkpt>
    <trkpt lat="42.839985" lon="141.500500"><ele>115</ele></trkpt>
    <trkpt lat="42.839808" lon="141.500458"><ele>115</ele></trkpt>
    <trkpt lat="42.839630" lon="141.500421"><ele>115</ele></trkpt>
    <trkpt lat="42.839453" lon="141.500384"><ele>115</ele></trkpt>
    <trkpt lat="42.839276" lon="141.500340"><ele>115</ele></trkpt>
    <trkpt lat="42.839098" lon="141.500300"><ele>115</ele></trkpt>
    <trkpt lat="42.838920" lon="141.500267"><ele>115</ele></trkpt>
    <trkpt lat="42.838743" lon="141.500225"><ele>115</ele></trkpt>
    <trkpt lat="42.838565" lon="141.500187"><ele>114</ele></trkpt>
    <trkpt lat="42.838387" lon="141.500150"><ele>114</ele></trkpt>
    <trkpt lat="42.838209" lon="141.500119"><ele>114</ele></trkpt>
    <trkpt lat="42.838031" lon="141.500079"><ele>114</ele></trkpt>
    <trkpt lat="42.837854" lon="141.500035"><ele>114</ele></trkpt>
    <trkpt lat="42.837676" lon="141.500002"><ele>114</ele></trkpt>
    <trkpt lat="42.837498" lon="141.499969"><ele>114</ele></trkpt>
    <trkpt lat="42.837320" lon="141.499937"><ele>114</ele></trkpt>
    <trkpt lat="42.837143" lon="141.499893"><ele>113</ele></trkpt>
    <trkpt lat="42.836965" lon="141.499853"><ele>113</ele></trkpt>
    <trkpt lat="42.836788" lon="141.499808"><ele>113</ele></trkpt>
    <trkpt lat="42.836610" lon="141.499773"><ele>113</ele></trkpt>
    <trkpt lat="42.836433" lon="141.499734"><ele>113</ele></trkpt>
    <trkpt lat="42.836255" lon="141.499696"><ele>113</ele></trkpt>
    <trkpt lat="42.836078" lon="141.499655"><ele>113</ele></trkpt>
    <trkpt lat="42.835899" lon="141.499623"><ele>113</ele></trkpt>
    <trkpt lat="42.835721" lon="141.499587"><ele>112</ele></trkpt>
    <trkpt lat="42.835544" lon="141.499546"><ele>112</ele></trkpt>
    <trkpt lat="42.835367" lon="141.499505"><ele>112</ele></trkpt>
    <trkpt lat="42.835189" lon="141.499468"><ele>112</ele></trkpt>
    <trkpt lat="42.835011" lon="141.499433"><ele>112</ele></trkpt>
    <trkpt lat="42.834833" lon="141.499394"><ele>112</ele></trkpt>
    <trkpt lat="42.834657" lon="141.499349"><ele>112</ele></trkpt>
    <trkpt lat="42.834480" lon="141.499306"><ele>112</ele></trkpt>
    <trkpt lat="42.834301" lon="141.499273"><ele>112</ele></trkpt>
    <trkpt lat="42.834123" lon="141.499238"><ele>111</ele></trkpt>
    <trkpt lat="42.833945" lon="141.499204"><ele>111</ele></trkpt>
    <trkpt lat="42.833767" lon="141.499175"><ele>111</ele></trkpt>
    <trkpt lat="42.833589" lon="141.499134"><ele>111</ele></trkpt>
    <trkpt lat="42.833412" lon="141.499094"><ele>111</ele></trkpt>
    <trkpt lat="42.833234" lon="141.499053"><ele>111</ele></trkpt>
    <trkpt lat="42.833057" lon="141.499016"><ele>111</ele></trkpt>
    <trkpt lat="42.832879" lon="141.498978"><ele>111</ele></trkpt>
    <trkpt lat="42.832701" lon="141.498944"><ele>110</ele></trkpt>
    <trkpt lat="42.832524" lon="141.498899"><ele>110</ele></trkpt>
    <trkpt lat="42.832347" lon="141.498854"><ele>110</ele></trkpt>
    <trkpt lat="42.832170" lon="141.498810"><ele>110</ele></trkpt>
    <trkpt lat="42.831993" lon="141.498767"><ele>110</ele></trkpt>
    <trkpt lat="42.831816" lon="141.498722"><ele>110</ele></trkpt>
    <trkpt lat="42.831639" lon="141.498679"><ele>110</ele></trkpt>
    <trkpt lat="42.831461" lon="141.498645"><ele>110</ele></trkpt>
    <trkpt lat="42.831283" lon="141.498609"><ele>109</ele></trkpt>
    <trkpt lat="42.831106" lon="141.498565"><ele>109</ele></trkpt>
    <trkpt lat="42.830928" lon="141.498531"><ele>109</ele></trkpt>
    <trkpt lat="42.830750" lon="141.498498"><ele>109</ele></trkpt>
    <trkpt lat="42.830571" lon="141.498468"><ele>109</ele></trkpt>
    <trkpt lat="42.830394" lon="141.498424"><ele>109</ele></trkpt>
    <trkpt lat="42.830217" lon="141.498383"><ele>109</ele></trkpt>
    <trkpt lat="42.830039" lon="141.498348"><ele>109</ele></trkpt>
    <trkpt lat="42.829861" lon="141.498315"><ele>108</ele></trkpt>
    <trkpt lat="42.829683" lon="141.498278"><ele>108</ele></trkpt>
    <trkpt lat="42.829505" lon="141.498246"><ele>108</ele></trkpt>
    <trkpt lat="42.829327" lon="141.498211"><ele>108</ele></trkpt>
    <trkpt lat="42.829149" lon="141.498170"><ele>108</ele></trkpt>
    <trkpt lat="42.828972" lon="141.498133"><ele>108</ele></trkpt>
    <trkpt lat="42.828794" lon="141.498092"><ele>108</ele></trkpt>
    <trkpt lat="42.828617" lon="141.498055"><ele>108</ele></trkpt>
    <trkpt lat="42.828440" lon="141.498010"><ele>107</ele></trkpt>
    <trkpt lat="42.828262" lon="141.497970"><ele>107</ele></trkpt>
    <trkpt lat="42.828084" lon="141.497935"><ele>107</ele></trkpt>
    <trkpt lat="42.827906" lon="141.497905"><ele>107</ele></trkpt>
    <trkpt lat="42.827727" lon="141.497872"><ele>107</ele></trkpt>
    <trkpt lat="42.827549" lon="141.497839"><ele>107</ele></trkpt>
    <trkpt lat="42.827371" lon="141.497805"><ele>107</ele></trkpt>
    <trkpt lat="42.827194" lon="141.497763"><ele>106</ele></trkpt>
    <trkpt lat="42.827016" lon="141.497731"><ele>106</ele></trkpt>
    <trkpt lat="42.826838" lon="141.497693"><ele>106</ele></trkpt>
    <trkpt lat="42.826660" lon="141.497659"><ele>106</ele></trkpt>
    <trkpt lat="42.826482" lon="141.497624"><ele>106</ele></trkpt>
    <trkpt lat="42.826305" lon="141.497579"><ele>106</ele></trkpt>
    <trkpt lat="42.826126" lon="141.497548"><ele>106</ele></trkpt>
    <trkpt lat="42.825949" lon="141.497505"><ele>106</ele></trkpt>
    <trkpt lat="42.825773" lon="141.497460"><ele>105</ele></trkpt>
    <trkpt lat="42.825594" lon="141.497426"><ele>105</ele></trkpt>
    <trkpt lat="42.825416" lon="141.497393"><ele>105</ele></trkpt>
    <trkpt lat="42.825239" lon="141.497352"><ele>105</ele></trkpt>
    <trkpt lat="42.825062" lon="141.497311"><ele>105</ele></trkpt>
    <trkpt lat="42.824883" lon="141.497277"><ele>105</ele></trkpt>
    <trkpt lat="42.824705" lon="141.497244"><ele>105</ele></trkpt>
    <trkpt lat="42.824527" lon="141.497213"><ele>105</ele></trkpt>
    <trkpt lat="42.824350" lon="141.497170"><ele>104</ele></trkpt>
    <trkpt lat="42.824171" lon="141.497140"><ele>104</ele></trkpt>
    <trkpt lat="42.823994" lon="141.497095"><ele>104</ele></trkpt>
    <trkpt lat="42.823816" lon="141.497061"><ele>104</ele></trkpt>
    <trkpt lat="42.823638" lon="141.497030"><ele>104</ele></trkpt>
    <trkpt lat="42.823460" lon="141.496990"><ele>104</ele></trkpt>
    <trkpt lat="42.823284" lon="141.496945"><ele>104</ele></trkpt>
    <trkpt lat="42.823106" lon="141.496906"><ele>104</ele></trkpt>
    <trkpt lat="42.822927" lon="141.496877"><ele>103</ele></trkpt>
    <trkpt lat="42.822750" lon="141.496837"><ele>103</ele></trkpt>
    <trkpt lat="42.822573" lon="141.496793"><ele>103</ele></trkpt>
    <trkpt lat="42.822396" lon="141.496752"><ele>103</ele></trkpt>
    <trkpt lat="42.822218" lon="141.496712"><ele>103</ele></trkpt>
    <trkpt lat="42.822041" lon="141.496670"><ele>103</ele></trkpt>
    <trkpt lat="42.821864" lon="141.496624"><ele>103</ele></trkpt>
    <trkpt lat="42.821686" lon="141.496595"><ele>103</ele></trkpt>
    <trkpt lat="42.821507" lon="141.496565"><ele>102</ele></trkpt>
    <trkpt lat="42.821329" lon="141.496528"><ele>102</ele></trkpt>
    <trkpt lat="42.821152" lon="141.496486"><ele>102</ele></trkpt>
    <trkpt lat="42.820974" lon="141.496455"><ele>102</ele></trkpt>
    <trkpt lat="42.820797" lon="141.496410"><ele>102</ele></trkpt>
    <trkpt lat="42.820618" lon="141.496380"><ele>102</ele></trkpt>
    <trkpt lat="42.820441" lon="141.496343"><ele>102</ele></trkpt>
    <trkpt lat="42.820263" lon="141.496304"><ele>102</ele></trkpt>
    <trkpt lat="42.820086" lon="141.496263"><ele>101</ele></trkpt>
    <trkpt lat="42.819908" lon="141.496225"><ele>101</ele></trkpt>
    <trkpt lat="42.819729" lon="141.496196"><ele>101</ele></trkpt>
    <trkpt lat="42.819552" lon="141.496152"><ele>101</ele></trkpt>
    <trkpt lat="42.819375" lon="141.496109"><ele>101</ele></trkpt>
    <trkpt lat="42.819197" lon="141.496073"><ele>101</ele></trkpt>
    <trkpt lat="42.819021" lon="141.496029"><ele>101</ele></trkpt>
    <trkpt lat="42.818843" lon="141.495992"><ele>100</ele></trkpt>
    <trkpt lat="42.818664" lon="141.495963"><ele>100</ele></trkpt>
    <trkpt lat="42.818486" lon="141.495929"><ele>100</ele></trkpt>
    <trkpt lat="42.818307" lon="141.495900"><ele>100</ele></trkpt>
    <trkpt lat="42.818129" lon="141.495864"><ele>100</ele></trkpt>
    <trkpt lat="42.817951" lon="141.495831"><ele>100</ele></trkpt>
    <trkpt lat="42.817773" lon="141.495794"><ele>100</ele></trkpt>
    <trkpt lat="42.817595" lon="141.495762"><ele>100</ele></trkpt>
    <trkpt lat="42.817417" lon="141.495733"><ele>99</ele></trkpt>
    <trkpt lat="42.817238" lon="141.495703"><ele>99</ele></trkpt>
    <trkpt lat="42.817060" lon="141.495665"><ele>99</ele></trkpt>
    <trkpt lat="42.816882" lon="141.495629"><ele>99</ele></trkpt>
    <trkpt lat="42.816705" lon="141.495585"><ele>99</ele></trkpt>
    <trkpt lat="42.816528" lon="141.495542"><ele>99</ele></trkpt>
    <trkpt lat="42.816351" lon="141.495504"><ele>99</ele></trkpt>
    <trkpt lat="42.816172" lon="141.495473"><ele>99</ele></trkpt>
    <trkpt lat="42.815995" lon="141.495430"><ele>98</ele></trkpt>
    <trkpt lat="42.815818" lon="141.495391"><ele>98</ele></trkpt>
    <trkpt lat="42.815639" lon="141.495357"><ele>98</ele></trkpt>
    <trkpt lat="42.815461" lon="141.495324"><ele>98</ele></trkpt>
    <trkpt lat="42.815283" lon="141.495291"><ele>98</ele></trkpt>
    <trkpt lat="42.815104" lon="141.495262"><ele>98</ele></trkpt>
    <trkpt lat="42.814926" lon="141.495230"><ele>98</ele></trkpt>
    <trkpt lat="42.814749" lon="141.495191"><ele>97</ele></trkpt>
    <trkpt lat="42.814571" lon="141.495151"><ele>97</ele></trkpt>
    <trkpt lat="42.814394" lon="141.495110"><ele>97</ele></trkpt>
    <trkpt lat="42.814215" lon="141.495079"><ele>97</ele></trkpt>
    <trkpt lat="42.814038" lon="141.495042"><ele>97</ele></trkpt>
    <trkpt lat="42.813861" lon="141.494999"><ele>97</ele></trkpt>
    <trkpt lat="42.813682" lon="141.494965"><ele>97</ele></trkpt>
    <trkpt lat="42.813505" lon="141.494921"><ele>97</ele></trkpt>
    <trkpt lat="42.813327" lon="141.494886"><ele>96</ele></trkpt>
    <trkpt lat="42.813150" lon="141.494845"><ele>96</ele></trkpt>
    <trkpt lat="42.812972" lon="141.494807"><ele>96</ele></trkpt>
    <trkpt lat="42.812794" lon="141.494778"><ele>96</ele></trkpt>
    <trkpt lat="42.812617" lon="141.494734"><ele>96</ele></trkpt>
    <trkpt lat="42.812439" lon="141.494702"><ele>96</ele></trkpt>
    <trkpt lat="42.812262" lon="141.494657"><ele>96</ele></trkpt>
    <trkpt lat="42.812083" lon="141.494624"><ele>95</ele></trkpt>
    <trkpt lat="42.811905" lon="141.494594"><ele>95</ele></trkpt>
    <trkpt lat="42.811728" lon="141.494552"><ele>95</ele></trkpt>
    <trkpt lat="42.811550" lon="141.494511"><ele>95</ele></trkpt>
    <trkpt lat="42.811373" lon="141.494467"><ele>95</ele></trkpt>
    <trkpt lat="42.811196" lon="141.494428"><ele>95</ele></trkpt>
    <trkpt lat="42.811017" lon="141.494399"><ele>95</ele></trkpt>
    <trkpt lat="42.810840" lon="141.494356"><ele>95</ele></trkpt>
    <trkpt lat="42.810663" lon="141.494312"><ele>94</ele></trkpt>
    <trkpt lat="42.810485" lon="141.494282"><ele>94</ele></trkpt>
    <trkpt lat="42.810308" lon="141.494237"><ele>94</ele></trkpt>
    <trkpt lat="42.810129" lon="141.494208"><ele>94</ele></trkpt>
    <trkpt lat="42.809951" lon="141.494176"><ele>94</ele></trkpt>
    <trkpt lat="42.809773" lon="141.494137"><ele>94</ele></trkpt>
    <trkpt lat="42.809596" lon="141.494093"><ele>94</ele></trkpt>
    <trkpt lat="42.809419" lon="141.494051"><ele>94</ele></trkpt>
    <trkpt lat="42.809242" lon="141.494006"><ele>93</ele></trkpt>
    <trkpt lat="42.809065" lon="141.493967"><ele>93</ele></trkpt>
    <trkpt lat="42.808886" lon="141.493936"><ele>93</ele></trkpt>
    <trkpt lat="42.808708" lon="141.493907"><ele>93</ele></trkpt>
    <trkpt lat="42.808530" lon="141.493874"><ele>93</ele></trkpt>
    <trkpt lat="42.808351" lon="141.493844"><ele>93</ele></trkpt>
    <trkpt lat="42.808173" lon="141.493814"><ele>93</ele></trkpt>
    <trkpt lat="42.807994" lon="141.493782"><ele>92</ele></trkpt>
    <trkpt lat="42.807816" lon="141.493751"><ele>92</ele></trkpt>
    <trkpt lat="42.807638" lon="141.493719"><ele>92</ele></trkpt>
    <trkpt lat="42.807461" lon="141.493674"><ele>92</ele></trkpt>
    <trkpt lat="42.807283" lon="141.493634"><ele>92</ele></trkpt>
    <trkpt lat="42.807105" lon="141.493603"><ele>92</ele></trkpt>
    <trkpt lat="42.806928" lon="141.493560"><ele>92</ele></trkpt>
    <trkpt lat="42.806751" lon="141.493516"><ele>92</ele></trkpt>
    <trkpt lat="42.806573" lon="141.493483"><ele>91</ele></trkpt>
    <trkpt lat="42.806394" lon="141.493453"><ele>91</ele></trkpt>
    <trkpt lat="42.806216" lon="141.493423"><ele>91</ele></trkpt>
    <trkpt lat="42.806037" lon="141.493390"><ele>91</ele></trkpt>
    <trkpt lat="42.805860" lon="141.493350"><ele>91</ele></trkpt>
    <trkpt lat="42.805683" lon="141.493305"><ele>91</ele></trkpt>
    <trkpt lat="42.805505" lon="141.493275"><ele>91</ele></trkpt>
    <trkpt lat="42.805327" lon="141.493238"><ele>90</ele></trkpt>
    <trkpt lat="42.805150" lon="141.493195"><ele>90</ele></trkpt>
    <trkpt lat="42.804971" lon="141.493162"><ele>90</ele></trkpt>
    <trkpt lat="42.804793" lon="141.493133"><ele>90</ele></trkpt>
    <trkpt lat="42.804615" lon="141.493099"><ele>90</ele></trkpt>
    <trkpt lat="42.804436" lon="141.493068"><ele>90</ele></trkpt>
    <trkpt lat="42.804258" lon="141.493032"><ele>90</ele></trkpt>
    <trkpt lat="42.804081" lon="141.492992"><ele>89</ele></trkpt>
    <trkpt lat="42.803903" lon="141.492958"><ele>89</ele></trkpt>
    <trkpt lat="42.803724" lon="141.492927"><ele>89</ele></trkpt>
    <trkpt lat="42.803547" lon="141.492884"><ele>89</ele></trkpt>
    <trkpt lat="42.803370" lon="141.492841"><ele>89</ele></trkpt>
    <trkpt lat="42.803192" lon="141.492812"><ele>89</ele></trkpt>
    <trkpt lat="42.803015" lon="141.492769"><ele>89</ele></trkpt>
    <trkpt lat="42.802837" lon="141.492732"><ele>89</ele></trkpt>
    <trkpt lat="42.802658" lon="141.492703"><ele>88</ele></trkpt>
    <trkpt lat="42.802480" lon="141.492670"><ele>88</ele></trkpt>
    <trkpt lat="42.802302" lon="141.492637"><ele>88</ele></trkpt>
    <trkpt lat="42.802125" lon="141.492594"><ele>88</ele></trkpt>
    <trkpt lat="42.801947" lon="141.492554"><ele>88</ele></trkpt>
    <trkpt lat="42.801769" lon="141.492522"><ele>88</ele></trkpt>
    <trkpt lat="42.801590" lon="141.492493"><ele>88</ele></trkpt>
    <trkpt lat="42.801412" lon="141.492458"><ele>87</ele></trkpt>
    <trkpt lat="42.801234" lon="141.492430"><ele>87</ele></trkpt>
    <trkpt lat="42.801057" lon="141.492385"><ele>87</ele></trkpt>
    <trkpt lat="42.800878" lon="141.492353"><ele>87</ele></trkpt>
    <trkpt lat="42.800701" lon="141.492312"><ele>87</ele></trkpt>
    <trkpt lat="42.800523" lon="141.492281"><ele>87</ele></trkpt>
    <trkpt lat="42.800346" lon="141.492236"><ele>87</ele></trkpt>
    <trkpt lat="42.800168" lon="141.492196"><ele>87</ele></trkpt>
    <trkpt lat="42.799990" lon="141.492163"><ele>86</ele></trkpt>
    <trkpt lat="42.799813" lon="141.492122"><ele>86</ele></trkpt>
    <trkpt lat="42.799636" lon="141.492078"><ele>86</ele></trkpt>
    <trkpt lat="42.799459" lon="141.492033"><ele>86</ele></trkpt>
    <trkpt lat="42.799282" lon="141.491991"><ele>86</ele></trkpt>
    <trkpt lat="42.799105" lon="141.491947"><ele>86</ele></trkpt>
    <trkpt lat="42.798926" lon="141.491918"><ele>86</ele></trkpt>
    <trkpt lat="42.798750" lon="141.491873"><ele>85</ele></trkpt>
    <trkpt lat="42.798571" lon="141.491842"><ele>85</ele></trkpt>
    <trkpt lat="42.798394" lon="141.491796"><ele>85</ele></trkpt>
    <trkpt lat="42.798217" lon="141.491759"><ele>85</ele></trkpt>
    <trkpt lat="42.798040" lon="141.491714"><ele>85</ele></trkpt>
    <trkpt lat="42.797862" lon="141.491681"><ele>85</ele></trkpt>
    <trkpt lat="42.797683" lon="141.491647"><ele>85</ele></trkpt>
    <trkpt lat="42.797505" lon="141.491612"><ele>84</ele></trkpt>
    <trkpt lat="42.797328" lon="141.491575"><ele>84</ele></trkpt>
    <trkpt lat="42.797149" lon="141.491542"><ele>84</ele></trkpt>
    <trkpt lat="42.796972" lon="141.491500"><ele>84</ele></trkpt>
    <trkpt lat="42.796794" lon="141.491469"><ele>84</ele></trkpt>
    <trkpt lat="42.796616" lon="141.491430"><ele>84</ele></trkpt>
    <trkpt lat="42.796438" lon="141.491397"><ele>84</ele></trkpt>
    <trkpt lat="42.796260" lon="141.491363"><ele>84</ele></trkpt>
    <trkpt lat="42.796082" lon="141.491328"><ele>83</ele></trkpt>
    <trkpt lat="42.795903" lon="141.491297"><ele>83</ele></trkpt>
    <trkpt lat="42.795725" lon="141.491263"><ele>83</ele></trkpt>
    <trkpt lat="42.795548" lon="141.491220"><ele>83</ele></trkpt>
    <trkpt lat="42.795371" lon="141.491175"><ele>83</ele></trkpt>
    <trkpt lat="42.795193" lon="141.491139"><ele>83</ele></trkpt>
    <trkpt lat="42.795016" lon="141.491103"><ele>83</ele></trkpt>
    <trkpt lat="42.794837" lon="141.491072"><ele>82</ele></trkpt>
    <trkpt lat="42.794660" lon="141.491030"><ele>82</ele></trkpt>
    <trkpt lat="42.794483" lon="141.490989"><ele>82</ele></trkpt>
    <trkpt lat="42.794305" lon="141.490951"><ele>82</ele></trkpt>
    <trkpt lat="42.794126" lon="141.490921"><ele>82</ele></trkpt>
    <trkpt lat="42.793949" lon="141.490878"><ele>82</ele></trkpt>
    <trkpt lat="42.793771" lon="141.490843"><ele>82</ele></trkpt>
    <trkpt lat="42.793593" lon="141.490814"><ele>81</ele></trkpt>
    <trkpt lat="42.793415" lon="141.490776"><ele>81</ele></trkpt>
    <trkpt lat="42.793237" lon="141.490742"><ele>81</ele></trkpt>
    <trkpt lat="42.793059" lon="141.490703"><ele>81</ele></trkpt>
    <trkpt lat="42.792882" lon="141.490662"><ele>81</ele></trkpt>
    <trkpt lat="42.792705" lon="141.490620"><ele>81</ele></trkpt>
    <trkpt lat="42.792526" lon="141.490589"><ele>81</ele></trkpt>
    <trkpt lat="42.792348" lon="141.490557"><ele>80</ele></trkpt>
    <trkpt lat="42.792170" lon="141.490524"><ele>80</ele></trkpt>
    <trkpt lat="42.791992" lon="141.490486"><ele>80</ele></trkpt>
    <trkpt lat="42.791814" lon="141.490456"><ele>80</ele></trkpt>
    <trkpt lat="42.791637" lon="141.490412"><ele>80</ele></trkpt>
    <trkpt lat="42.791459" lon="141.490375"><ele>80</ele></trkpt>
    <trkpt lat="42.791281" lon="141.490336"><ele>80</ele></trkpt>
    <trkpt lat="42.791208" lon="141.490560"><ele>80</ele></trkpt>
    <trkpt lat="42.791132" lon="141.490782"><ele>79</ele></trkpt>
    <trkpt lat="42.791056" lon="141.491005"><ele>79</ele></trkpt>
    <trkpt lat="42.790985" lon="141.491229"><ele>79</ele></trkpt>
    <trkpt lat="42.790917" lon="141.491457"><ele>79</ele></trkpt>
    <trkpt lat="42.790839" lon="141.491677"><ele>79</ele></trkpt>
    <trkpt lat="42.790769" lon="141.491903"><ele>79</ele></trkpt>
    <trkpt lat="42.790697" lon="141.492128"><ele>79</ele></trkpt>
    <trkpt lat="42.790627" lon="141.492354"><ele>78</ele></trkpt>
    <trkpt lat="42.790554" lon="141.492577"><ele>78</ele></trkpt>
    <trkpt lat="42.790478" lon="141.492800"><ele>78</ele></trkpt>
    <trkpt lat="42.790408" lon="141.493025"><ele>78</ele></trkpt>
    <trkpt lat="42.790333" lon="141.493248"><ele>78</ele></trkpt>
    <trkpt lat="42.790263" lon="141.493474"><ele>78</ele></trkpt>
    <trkpt lat="42.790185" lon="141.493695"><ele>78</ele></trkpt>
    <trkpt lat="42.790117" lon="141.493922"><ele>77</ele></trkpt>
    <trkpt lat="42.790047" lon="141.494147"><ele>77</ele></trkpt>
    <trkpt lat="42.789973" lon="141.494371"><ele>77</ele></trkpt>
    <trkpt lat="42.789904" lon="141.494597"><ele>77</ele></trkpt>
    <trkpt lat="42.789830" lon="141.494820"><ele>77</ele></trkpt>
    <trkpt lat="42.789754" lon="141.495043"><ele>77</ele></trkpt>
    <trkpt lat="42.789682" lon="141.495267"><ele>77</ele></trkpt>
    <trkpt lat="42.789613" lon="141.495494"><ele>76</ele></trkpt>
    <trkpt lat="42.789538" lon="141.495717"><ele>76</ele></trkpt>
    <trkpt lat="42.789467" lon="141.495942"><ele>76</ele></trkpt>
    <trkpt lat="42.789390" lon="141.496163"><ele>76</ele></trkpt>
    <trkpt lat="42.789312" lon="141.496384"><ele>76</ele></trkpt>
    <trkpt lat="42.789239" lon="141.496608"><ele>76</ele></trkpt>
    <trkpt lat="42.789169" lon="141.496834"><ele>76</ele></trkpt>
    <trkpt lat="42.789091" lon="141.497055"><ele>75</ele></trkpt>
    <trkpt lat="42.789024" lon="141.497282"><ele>75</ele></trkpt>
    <trkpt lat="42.788955" lon="141.497508"><ele>75</ele></trkpt>
    <trkpt lat="42.788884" lon="141.497733"><ele>75</ele></trkpt>
    <trkpt lat="42.788809" lon="141.497956"><ele>75</ele></trkpt>
    <trkpt lat="42.788740" lon="141.498183"><ele>75</ele></trkpt>
    <trkpt lat="42.788663" lon="141.498404"><ele>75</ele></trkpt>
    <trkpt lat="42.788595" lon="141.498631"><ele>75</ele></trkpt>
    <trkpt lat="42.788525" lon="141.498857"><ele>74</ele></trkpt>
    <trkpt lat="42.788453" lon="141.499081"><ele>74</ele></trkpt>
    <trkpt lat="42.788375" lon="141.499302"><ele>74</ele></trkpt>
    <trkpt lat="42.788305" lon="141.499528"><ele>74</ele></trkpt>
    <trkpt lat="42.788228" lon="141.499749"><ele>74</ele></trkpt>
    <trkpt lat="42.788157" lon="141.499974"><ele>74</ele></trkpt>
    <trkpt lat="42.788086" lon="141.500200"><ele>74</ele></trkpt>
    <trkpt lat="42.788015" lon="141.500425"><ele>73</ele></trkpt>
    <trkpt lat="42.787939" lon="141.500647"><ele>73</ele></trkpt>
    <trkpt lat="42.787868" lon="141.500873"><ele>73</ele></trkpt>
    <trkpt lat="42.787793" lon="141.501095"><ele>73</ele></trkpt>
    <trkpt lat="42.787722" lon="141.501320"><ele>73</ele></trkpt>
    <trkpt lat="42.787643" lon="141.501541"><ele>73</ele></trkpt>
    <trkpt lat="42.787569" lon="141.501764"><ele>73</ele></trkpt>
    <trkpt lat="42.787496" lon="141.501988"><ele>72</ele></trkpt>
    <trkpt lat="42.787425" lon="141.502213"><ele>72</ele></trkpt>
    <trkpt lat="42.787347" lon="141.502434"><ele>72</ele></trkpt>
    <trkpt lat="42.787273" lon="141.502657"><ele>72</ele></trkpt>
    <trkpt lat="42.787194" lon="141.502878"><ele>72</ele></trkpt>
    <trkpt lat="42.787117" lon="141.503099"><ele>72</ele></trkpt>
    <trkpt lat="42.787039" lon="141.503320"><ele>72</ele></trkpt>
    <trkpt lat="42.786970" lon="141.503546"><ele>71</ele></trkpt>
    <trkpt lat="42.786902" lon="141.503773"><ele>71</ele></trkpt>
    <trkpt lat="42.786828" lon="141.503996"><ele>71</ele></trkpt>
    <trkpt lat="42.786757" lon="141.504221"><ele>71</ele></trkpt>
    <trkpt lat="42.786684" lon="141.504446"><ele>71</ele></trkpt>
    <trkpt lat="42.786608" lon="141.504667"><ele>71</ele></trkpt>
    <trkpt lat="42.786538" lon="141.504894"><ele>71</ele></trkpt>
    <trkpt lat="42.786460" lon="141.505114"><ele>70</ele></trkpt>
    <trkpt lat="42.786383" lon="141.505336"><ele>70</ele></trkpt>
    <trkpt lat="42.786306" lon="141.505557"><ele>70</ele></trkpt>
    <trkpt lat="42.786229" lon="141.505778"><ele>70</ele></trkpt>
    <trkpt lat="42.786159" lon="141.506004"><ele>70</ele></trkpt>
    <trkpt lat="42.786090" lon="141.506231"><ele>70</ele></trkpt>
    <trkpt lat="42.786012" lon="141.506452"><ele>70</ele></trkpt>
    <trkpt lat="42.785935" lon="141.506673"><ele>69</ele></trkpt>
    <trkpt lat="42.785859" lon="141.506895"><ele>69</ele></trkpt>
    <trkpt lat="42.785787" lon="141.507120"><ele>69</ele></trkpt>
    <trkpt lat="42.785719" lon="141.507347"><ele>69</ele></trkpt>
    <trkpt lat="42.785647" lon="141.507571"><ele>69</ele></trkpt>
    <trkpt lat="42.785571" lon="141.507794"><ele>69</ele></trkpt>
    <trkpt lat="42.785494" lon="141.508015"><ele>69</ele></trkpt>
    <trkpt lat="42.785415" lon="141.508235"><ele>68</ele></trkpt>
    <trkpt lat="42.785343" lon="141.508460"><ele>68</ele></trkpt>
    <trkpt lat="42.785270" lon="141.508684"><ele>68</ele></trkpt>
    <trkpt lat="42.785195" lon="141.508906"><ele>68</ele></trkpt>
    <trkpt lat="42.785120" lon="141.509129"><ele>68</ele></trkpt>
    <trkpt lat="42.785042" lon="141.509350"><ele>68</ele></trkpt>
    <trkpt lat="42.784967" lon="141.509573"><ele>68</ele></trkpt>
    <trkpt lat="42.784889" lon="141.509793"><ele>67</ele></trkpt>
    <trkpt lat="42.784814" lon="141.510016"><ele>67</ele></trkpt>
    <trkpt lat="42.784737" lon="141.510238"><ele>67</ele></trkpt>
    <trkpt lat="42.784670" lon="141.510465"><ele>67</ele></trkpt>
    <trkpt lat="42.784592" lon="141.510686"><ele>67</ele></trkpt>
    <trkpt lat="42.784524" lon="141.510913"><ele>67</ele></trkpt>
    <trkpt lat="42.784447" lon="141.511135"><ele>67</ele></trkpt>
    <trkpt lat="42.784371" lon="141.511357"><ele>66</ele></trkpt>
    <trkpt lat="42.784299" lon="141.511581"><ele>66</ele></trkpt>
    <trkpt lat="42.784230" lon="141.511807"><ele>66</ele></trkpt>
    <trkpt lat="42.784156" lon="141.512031"><ele>66</ele></trkpt>
    <trkpt lat="42.784078" lon="141.512252"><ele>66</ele></trkpt>
    <trkpt lat="42.784002" lon="141.512474"><ele>66</ele></trkpt>
    <trkpt lat="42.783934" lon="141.512701"><ele>66</ele></trkpt>
    <trkpt lat="42.783860" lon="141.512924"><ele>65</ele></trkpt>
    <trkpt lat="42.783789" lon="141.513149"><ele>65</ele></trkpt>
    <trkpt lat="42.783714" lon="141.513372"><ele>65</ele></trkpt>
    <trkpt lat="42.783637" lon="141.513593"><ele>65</ele></trkpt>
    <trkpt lat="42.783568" lon="141.513820"><ele>65</ele></trkpt>
    <trkpt lat="42.783495" lon="141.514044"><ele>65</ele></trkpt>
    <trkpt lat="42.783421" lon="141.514267"><ele>65</ele></trkpt>
    <trkpt lat="42.783348" lon="141.514491"><ele>64</ele></trkpt>
    <trkpt lat="42.783280" lon="141.514718"><ele>64</ele></trkpt>
    <trkpt lat="42.783202" lon="141.514939"><ele>64</ele></trkpt>
    <trkpt lat="42.783124" lon="141.515160"><ele>64</ele></trkpt>
    <trkpt lat="42.783050" lon="141.515383"><ele>64</ele></trkpt>
    <trkpt lat="42.782974" lon="141.515605"><ele>64</ele></trkpt>
    <trkpt lat="42.782801" lon="141.515537"><ele>64</ele></trkpt>
    <trkpt lat="42.782630" lon="141.515459"><ele>63</ele></trkpt>
    <trkpt lat="42.782458" lon="141.515387"><ele>63</ele></trkpt>
    <trkpt lat="42.782285" lon="141.515323"><ele>63</ele></trkpt>
    <trkpt lat="42.782111" lon="141.515260"><ele>63</ele></trkpt>
    <trkpt lat="42.781939" lon="141.515187"><ele>63</ele></trkpt>
    <trkpt lat="42.781767" lon="141.515117"><ele>63</ele></trkpt>
    <trkpt lat="42.781595" lon="141.515045"><ele>63</ele></trkpt>
    <trkpt lat="42.781422" lon="141.514977"><ele>62</ele></trkpt>
    <trkpt lat="42.781251" lon="141.514902"><ele>62</ele></trkpt>
    <trkpt lat="42.781079" lon="141.514830"><ele>62</ele></trkpt>
    <trkpt lat="42.780906" lon="141.514762"><ele>62</ele></trkpt>
    <trkpt lat="42.780733" lon="141.514697"><ele>62</ele></trkpt>
    <trkpt lat="42.780562" lon="141.514620"><ele>62</ele></trkpt>
    <trkpt lat="42.780389" lon="141.514552"><ele>62</ele></trkpt>
    <trkpt lat="42.780218" lon="141.514477"><ele>61</ele></trkpt>
    <trkpt lat="42.780046" lon="141.514405"><ele>61</ele></trkpt>
    <trkpt lat="42.779875" lon="141.514328"><ele>61</ele></trkpt>
    <trkpt lat="42.779703" lon="141.514259"><ele>61</ele></trkpt>
    <trkpt lat="42.779532" lon="141.514181"><ele>61</ele></trkpt>
    <trkpt lat="42.779361" lon="141.514106"><ele>61</ele></trkpt>
    <trkpt lat="42.779188" lon="141.514036"><ele>61</ele></trkpt>
    <trkpt lat="42.779015" lon="141.513972"><ele>60</ele></trkpt>
    <trkpt lat="42.778842" lon="141.513904"><ele>60</ele></trkpt>
    <trkpt lat="42.778670" lon="141.513834"><ele>60</ele></trkpt>
    <trkpt lat="42.778497" lon="141.513763"><ele>60</ele></trkpt>
    <trkpt lat="42.778327" lon="141.513687"><ele>60</ele></trkpt>
    <trkpt lat="42.778154" lon="141.513616"><ele>60</ele></trkpt>
    <trkpt lat="42.777980" lon="141.513554"><ele>60</ele></trkpt>
    <trkpt lat="42.777808" lon="141.513484"><ele>59</ele></trkpt>
    <trkpt lat="42.777636" lon="141.513414"><ele>59</ele></trkpt>
    <trkpt lat="42.777463" lon="141.513347"><ele>59</ele></trkpt>
    <trkpt lat="42.777289" lon="141.513283"><ele>59</ele></trkpt>
    <trkpt lat="42.777118" lon="141.513206"><ele>59</ele></trkpt>
    <trkpt lat="42.776945" lon="141.513142"><ele>59</ele></trkpt>
    <trkpt lat="42.776774" lon="141.513064"><ele>59</ele></trkpt>
    <trkpt lat="42.776602" lon="141.512994"><ele>58</ele></trkpt>
    <trkpt lat="42.776429" lon="141.512927"><ele>58</ele></trkpt>
    <trkpt lat="42.776255" lon="141.512862"><ele>58</ele></trkpt>
    <trkpt lat="42.776084" lon="141.512789"><ele>58</ele></trkpt>
    <trkpt lat="42.775910" lon="141.512725"><ele>58</ele></trkpt>
    <trkpt lat="42.775738" lon="141.512655"><ele>58</ele></trkpt>
    <trkpt lat="42.775566" lon="141.512581"><ele>58</ele></trkpt>
    <trkpt lat="42.775393" lon="141.512514"><ele>57</ele></trkpt>
    <trkpt lat="42.775222" lon="141.512441"><ele>57</ele></trkpt>
    <trkpt lat="42.775048" lon="141.512375"><ele>57</ele></trkpt>
    <trkpt lat="42.774874" lon="141.512313"><ele>57</ele></trkpt>
    <trkpt lat="42.774704" lon="141.512236"><ele>57</ele></trkpt>
    <trkpt lat="42.774531" lon="141.512166"><ele>57</ele></trkpt>
    <trkpt lat="42.774357" lon="141.512104"><ele>57</ele></trkpt>
    <trkpt lat="42.774185" lon="141.512032"><ele>56</ele></trkpt>
    <trkpt lat="42.774015" lon="141.511954"><ele>56</ele></trkpt>
    <trkpt lat="42.773844" lon="141.511876"><ele>56</ele></trkpt>
    <trkpt lat="42.773671" lon="141.511811"><ele>56</ele></trkpt>
    <trkpt lat="42.773498" lon="141.511740"><ele>56</ele></trkpt>
    <trkpt lat="42.773325" lon="141.511678"><ele>56</ele></trkpt>
    <trkpt lat="42.773151" lon="141.511613"><ele>56</ele></trkpt>
    <trkpt lat="42.772980" lon="141.511536"><ele>55</ele></trkpt>
    <trkpt lat="42.772809" lon="141.511463"><ele>55</ele></trkpt>
    <trkpt lat="42.772636" lon="141.511396"><ele>55</ele></trkpt>
    <trkpt lat="42.772463" lon="141.511329"><ele>55</ele></trkpt>
    <trkpt lat="42.772292" lon="141.511251"><ele>55</ele></trkpt>
    <trkpt lat="42.772118" lon="141.511188"><ele>55</ele></trkpt>
    <trkpt lat="42.771945" lon="141.511124"><ele>55</ele></trkpt>
    <trkpt lat="42.771771" lon="141.511059"><ele>54</ele></trkpt>
    <trkpt lat="42.771599" lon="141.510988"><ele>54</ele></trkpt>
    <trkpt lat="42.771428" lon="141.510914"><ele>54</ele></trkpt>
    <trkpt lat="42.771254" lon="141.510850"><ele>54</ele></trkpt>
    <trkpt lat="42.771082" lon="141.510780"><ele>54</ele></trkpt>
    <trkpt lat="42.770909" lon="141.510713"><ele>54</ele></trkpt>
    <trkpt lat="42.770736" lon="141.510642"><ele>54</ele></trkpt>
    <trkpt lat="42.770565" lon="141.510568"><ele>53</ele></trkpt>
    <trkpt lat="42.770392" lon="141.510501"><ele>53</ele></trkpt>
    <trkpt lat="42.770221" lon="141.510425"><ele>53</ele></trkpt>
    <trkpt lat="42.770050" lon="141.510350"><ele>53</ele></trkpt>
    <trkpt lat="42.769877" lon="141.510283"><ele>53</ele></trkpt>
    <trkpt lat="42.769706" lon="141.510205"><ele>53</ele></trkpt>
    <trkpt lat="42.769533" lon="141.510141"><ele>52</ele></trkpt>
    <trkpt lat="42.769359" lon="141.510076"><ele>52</ele></trkpt>
    <trkpt lat="42.769186" lon="141.510008"><ele>52</ele></trkpt>
    <trkpt lat="42.769013" lon="141.509942"><ele>52</ele></trkpt>
    <trkpt lat="42.768842" lon="141.509869"><ele>52</ele></trkpt>
    <trkpt lat="42.768671" lon="141.509793"><ele>52</ele></trkpt>
    <trkpt lat="42.768497" lon="141.509730"><ele>52</ele></trkpt>
    <trkpt lat="42.768324" lon="141.509663"><ele>51</ele></trkpt>
    <trkpt lat="42.768150" lon="141.509598"><ele>51</ele></trkpt>
    <trkpt lat="42.767977" lon="141.509534"><ele>51</ele></trkpt>
    <trkpt lat="42.767803" lon="141.509471"><ele>51</ele></trkpt>
    <trkpt lat="42.767629" lon="141.509407"><ele>51</ele></trkpt>
    <trkpt lat="42.767456" lon="141.509340"><ele>51</ele></trkpt>
    <trkpt lat="42.767284" lon="141.509271"><ele>51</ele></trkpt>
    <trkpt lat="42.767110" lon="141.509205"><ele>50</ele></trkpt>
    <trkpt lat="42.766939" lon="141.509132"><ele>50</ele></trkpt>
    <trkpt lat="42.766766" lon="141.509065"><ele>50</ele></trkpt>
    <trkpt lat="42.766595" lon="141.508990"><ele>50</ele></trkpt>
    <trkpt lat="42.766421" lon="141.508926"><ele>50</ele></trkpt>
    <trkpt lat="42.766250" lon="141.508849"><ele>50</ele></trkpt>
    <trkpt lat="42.766077" lon="141.508782"><ele>50</ele></trkpt>
    <trkpt lat="42.765905" lon="141.508711"><ele>49</ele></trkpt>
    <trkpt lat="42.765731" lon="141.508649"><ele>49</ele></trkpt>
    <trkpt lat="42.765557" lon="141.508587"><ele>49</ele></trkpt>
    <trkpt lat="42.765385" lon="141.508516"><ele>49</ele></trkpt>
    <trkpt lat="42.765212" lon="141.508450"><ele>49</ele></trkpt>
    <trkpt lat="42.765041" lon="141.508373"><ele>49</ele></trkpt>
    <trkpt lat="42.764868" lon="141.508305"><ele>49</ele></trkpt>
    <trkpt lat="42.764694" lon="141.508242"><ele>48</ele></trkpt>
    <trkpt lat="42.764522" lon="141.508173"><ele>48</ele></trkpt>
    <trkpt lat="42.764349" lon="141.508105"><ele>48</ele></trkpt>
    <trkpt lat="42.764176" lon="141.508039"><ele>48</ele></trkpt>
    <trkpt lat="42.764002" lon="141.507973"><ele>48</ele></trkpt>
    <trkpt lat="42.763831" lon="141.507899"><ele>48</ele></trkpt>
    <trkpt lat="42.763659" lon="141.507829"><ele>48</ele></trkpt>
    <trkpt lat="42.763486" lon="141.507759"><ele>47</ele></trkpt>
    <trkpt lat="42.763315" lon="141.507682"><ele>47</ele></trkpt>
    <trkpt lat="42.763143" lon="141.507615"><ele>47</ele></trkpt>
    <trkpt lat="42.762971" lon="141.507540"><ele>47</ele></trkpt>
    <trkpt lat="42.762800" lon="141.507465"><ele>47</ele></trkpt>
    <trkpt lat="42.762626" lon="141.507401"><ele>47</ele></trkpt>
    <trkpt lat="42.762453" lon="141.507336"><ele>46</ele></trkpt>
    <trkpt lat="42.762281" lon="141.507264"><ele>46</ele></trkpt>
    <trkpt lat="42.762109" lon="141.507194"><ele>46</ele></trkpt>
    <trkpt lat="42.761936" lon="141.507125"><ele>46</ele></trkpt>
    <trkpt lat="42.761763" lon="141.507057"><ele>46</ele></trkpt>
    <trkpt lat="42.761591" lon="141.506985"><ele>46</ele></trkpt>
    <trkpt lat="42.761419" lon="141.506914"><ele>46</ele></trkpt>
    <trkpt lat="42.761247" lon="141.506844"><ele>45</ele></trkpt>
    <trkpt lat="42.761074" lon="141.506776"><ele>45</ele></trkpt>
    <trkpt lat="42.760901" lon="141.506710"><ele>45</ele></trkpt>
    <trkpt lat="42.760730" lon="141.506633"><ele>45</ele></trkpt>
    <trkpt lat="42.760558" lon="141.506564"><ele>45</ele></trkpt>
    <trkpt lat="42.760385" lon="141.506496"><ele>45</ele></trkpt>
    <trkpt lat="42.760213" lon="141.506424"><ele>45</ele></trkpt>
    <trkpt lat="42.760042" lon="141.506349"><ele>44</ele></trkpt>
    <trkpt lat="42.759871" lon="141.506271"><ele>44</ele></trkpt>
    <trkpt lat="42.759700" lon="141.506196"><ele>44</ele></trkpt>
    <trkpt lat="42.759527" lon="141.506128"><ele>44</ele></trkpt>
    <trkpt lat="42.759355" lon="141.506059"><ele>44</ele></trkpt>
    <trkpt lat="42.759181" lon="141.505993"><ele>44</ele></trkpt>
    <trkpt lat="42.759008" lon="141.505926"><ele>44</ele></trkpt>
    <trkpt lat="42.758838" lon="141.505849"><ele>43</ele></trkpt>
    <trkpt lat="42.758664" lon="141.505783"><ele>43</ele></trkpt>
    <trkpt lat="42.758494" lon="141.505706"><ele>43</ele></trkpt>
    <trkpt lat="42.758320" lon="141.505640"><ele>43</ele></trkpt>
    <trkpt lat="42.758148" lon="141.505571"><ele>43</ele></trkpt>
    <trkpt lat="42.757975" lon="141.505502"><ele>43</ele></trkpt>
    <trkpt lat="42.757804" lon="141.505428"><ele>43</ele></trkpt>
    <trkpt lat="42.757633" lon="141.505350"><ele>42</ele></trkpt>
    <trkpt lat="42.757461" lon="141.505282"><ele>42</ele></trkpt>
    <trkpt lat="42.757290" lon="141.505206"><ele>42</ele></trkpt>
    <trkpt lat="42.757116" lon="141.505143"><ele>42</ele></trkpt>
    <trkpt lat="42.756945" lon="141.505066"><ele>42</ele></trkpt>
    <trkpt lat="42.756772" lon="141.505001"><ele>42</ele></trkpt>
    <trkpt lat="42.756598" lon="141.504939"><ele>41</ele></trkpt>
    <trkpt lat="42.756427" lon="141.504862"><ele>41</ele></trkpt>
    <trkpt lat="42.756254" lon="141.504792"><ele>41</ele></trkpt>
    <trkpt lat="42.756081" lon="141.504726"><ele>41</ele></trkpt>
    <trkpt lat="42.755910" lon="141.504651"><ele>41</ele></trkpt>
    <trkpt lat="42.755736" lon="141.504589"><ele>41</ele></trkpt>
    <trkpt lat="42.755565" lon="141.504512"><ele>41</ele></trkpt>
    <trkpt lat="42.755391" lon="141.504450"><ele>40</ele></trkpt>
    <trkpt lat="42.755219" lon="141.504377"><ele>40</ele></trkpt>
    <trkpt lat="42.755046" lon="141.504314"><ele>40</ele></trkpt>
    <trkpt lat="42.754874" lon="141.504240"><ele>40</ele></trkpt>
    <trkpt lat="42.754703" lon="141.504166"><ele>40</ele></trkpt>
    <trkpt lat="42.754530" lon="141.504099"><ele>40</ele></trkpt>
    <trkpt lat="42.754358" lon="141.504026"><ele>40</ele></trkpt>
    <trkpt lat="42.754186" lon="141.503954"><ele>39</ele></trkpt>
    <trkpt lat="42.754015" lon="141.503879"><ele>39</ele></trkpt>
    <trkpt lat="42.753843" lon="141.503807"><ele>39</ele></trkpt>
    <trkpt lat="42.753670" lon="141.503739"><ele>39</ele></trkpt>
    <trkpt lat="42.753497" lon="141.503673"><ele>39</ele></trkpt>
    <trkpt lat="42.753326" lon="141.503596"><ele>39</ele></trkpt>
    <trkpt lat="42.753155" lon="141.503520"><ele>39</ele></trkpt>
    <trkpt lat="42.752982" lon="141.503454"><ele>38</ele></trkpt>
    <trkpt lat="42.752809" lon="141.503388"><ele>38</ele></trkpt>
    <trkpt lat="42.752635" lon="141.503324"><ele>38</ele></trkpt>
    <trkpt lat="42.752463" lon="141.503255"><ele>38</ele></trkpt>
    <trkpt lat="42.752292" lon="141.503179"><ele>38</ele></trkpt>
    <trkpt lat="42.752118" lon="141.503115"><ele>38</ele></trkpt>
    <trkpt lat="42.751944" lon="141.503052"><ele>37</ele></trkpt>
    <trkpt lat="42.751770" lon="141.502989"><ele>37</ele></trkpt>
    <trkpt lat="42.751599" lon="141.502914"><ele>37</ele></trkpt>
    <trkpt lat="42.751425" lon="141.502850"><ele>37</ele></trkpt>
    <trkpt lat="42.751254" lon="141.502774"><ele>37</ele></trkpt>
    <trkpt lat="42.751083" lon="141.502702"><ele>37</ele></trkpt>
    <trkpt lat="42.750912" lon="141.502625"><ele>37</ele></trkpt>
    <trkpt lat="42.750740" lon="141.502552"><ele>36</ele></trkpt>
    <trkpt lat="42.750568" lon="141.502479"><ele>36</ele></trkpt>
    <trkpt lat="42.750398" lon="141.502403"><ele>36</ele></trkpt>
    <trkpt lat="42.750227" lon="141.502325"><ele>36</ele></trkpt>
    <trkpt lat="42.750055" lon="141.502255"><ele>36</ele></trkpt>
    <trkpt lat="42.749883" lon="141.502181"><ele>36</ele></trkpt>
    <trkpt lat="42.749711" lon="141.502110"><ele>36</ele></trkpt>
    <trkpt lat="42.749539" lon="141.502037"><ele>35</ele></trkpt>
    <trkpt lat="42.749366" lon="141.501969"><ele>35</ele></trkpt>
    <trkpt lat="42.749193" lon="141.501903"><ele>35</ele></trkpt>
    <trkpt lat="42.749021" lon="141.501832"><ele>35</ele></trkpt>
    <trkpt lat="42.748850" lon="141.501758"><ele>35</ele></trkpt>
    <trkpt lat="42.748677" lon="141.501689"><ele>35</ele></trkpt>
    <trkpt lat="42.748504" lon="141.501621"><ele>35</ele></trkpt>
    <trkpt lat="42.748331" lon="141.501555"><ele>34</ele></trkpt>
    <trkpt lat="42.748159" lon="141.501485"><ele>34</ele></trkpt>
    <trkpt lat="42.747986" lon="141.501417"><ele>34</ele></trkpt>
    <trkpt lat="42.747814" lon="141.501347"><ele>34</ele></trkpt>
    <trkpt lat="42.747641" lon="141.501277"><ele>34</ele></trkpt>
    <trkpt lat="42.747470" lon="141.501202"><ele>34</ele></trkpt>
    <trkpt lat="42.747297" lon="141.501135"><ele>33</ele></trkpt>
    <trkpt lat="42.747125" lon="141.501063"><ele>33</ele></trkpt>
    <trkpt lat="42.746954" lon="141.500986"><ele>33</ele></trkpt>
    <trkpt lat="42.746783" lon="141.500911"><ele>33</ele></trkpt>
    <trkpt lat="42.746612" lon="141.500834"><ele>33</ele></trkpt>
    <trkpt lat="42.746440" lon="141.500766"><ele>33</ele></trkpt>
    <trkpt lat="42.746266" lon="141.500702"><ele>33</ele></trkpt>
    <trkpt lat="42.746094" lon="141.500632"><ele>32</ele></trkpt>
    <trkpt lat="42.745920" lon="141.500568"><ele>32</ele></trkpt>
    <trkpt lat="42.745747" lon="141.500502"><ele>32</ele></trkpt>
    <trkpt lat="42.745575" lon="141.500431"><ele>32</ele></trkpt>
    <trkpt lat="42.745404" lon="141.500355"><ele>32</ele></trkpt>
    <trkpt lat="42.745232" lon="141.500281"><ele>32</ele></trkpt>
    <trkpt lat="42.745058" lon="141.500218"><ele>32</ele></trkpt>
    <trkpt lat="42.744887" lon="141.500146"><ele>31</ele></trkpt>
    <trkpt lat="42.744716" lon="141.500070"><ele>31</ele></trkpt>
    <trkpt lat="42.744542" lon="141.500007"><ele>31</ele></trkpt>
    <trkpt lat="42.744369" lon="141.499941"><ele>31</ele></trkpt>
    <trkpt lat="42.744196" lon="141.499874"><ele>31</ele></trkpt>
    <trkpt lat="42.744022" lon="141.499808"><ele>31</ele></trkpt>
    <trkpt lat="42.743851" lon="141.499733"><ele>30</ele></trkpt>
    <trkpt lat="42.743679" lon="141.499662"><ele>30</ele></trkpt>
    <trkpt lat="42.743507" lon="141.499589"><ele>30</ele></trkpt>
    <trkpt lat="42.743336" lon="141.499514"><ele>30</ele></trkpt>
    <trkpt lat="42.743162" lon="141.499450"><ele>30</ele></trkpt>
    <trkpt lat="42.742991" lon="141.499375"><ele>30</ele></trkpt>
    <trkpt lat="42.742819" lon="141.499303"><ele>30</ele></trkpt>
    <trkpt lat="42.742648" lon="141.499230"><ele>29</ele></trkpt>
    <trkpt lat="42.742475" lon="141.499159"><ele>29</ele></trkpt>
    <trkpt lat="42.742302" lon="141.499092"><ele>29</ele></trkpt>
    <trkpt lat="42.742131" lon="141.499018"><ele>29</ele></trkpt>
    <trkpt lat="42.741958" lon="141.498949"><ele>29</ele></trkpt>
    <trkpt lat="42.741785" lon="141.498883"><ele>29</ele></trkpt>
    <trkpt lat="42.741614" lon="141.498808"><ele>29</ele></trkpt>
    <trkpt lat="42.741444" lon="141.498730"><ele>28</ele></trkpt>
    <trkpt lat="42.741272" lon="141.498656"><ele>28</ele></trkpt>
    <trkpt lat="42.741099" lon="141.498588"><ele>28</ele></trkpt>
    <trkpt lat="42.740928" lon="141.498514"><ele>28</ele></trkpt>
    <trkpt lat="42.740754" lon="141.498450"><ele>28</ele></trkpt>
    <trkpt lat="42.740583" lon="141.498376"><ele>28</ele></trkpt>
    <trkpt lat="42.740409" lon="141.498312"><ele>28</ele></trkpt>
    <trkpt lat="42.740237" lon="141.498239"><ele>27</ele></trkpt>
    <trkpt lat="42.740065" lon="141.498167"><ele>27</ele></trkpt>
    <trkpt lat="42.739894" lon="141.498095"><ele>27</ele></trkpt>
    <trkpt lat="42.739720" lon="141.498032"><ele>27</ele></trkpt>
    <trkpt lat="42.739548" lon="141.497961"><ele>27</ele></trkpt>
    <trkpt lat="42.739377" lon="141.497885"><ele>27</ele></trkpt>
    <trkpt lat="42.739203" lon="141.497821"><ele>26</ele></trkpt>
    <trkpt lat="42.739033" lon="141.497743"><ele>26</ele></trkpt>
    <trkpt lat="42.738861" lon="141.497669"><ele>26</ele></trkpt>
    <trkpt lat="42.738690" lon="141.497592"><ele>26</ele></trkpt>
    <trkpt lat="42.738518" lon="141.497524"><ele>26</ele></trkpt>
    <trkpt lat="42.738347" lon="141.497448"><ele>26</ele></trkpt>
    <trkpt lat="42.738175" lon="141.497374"><ele>26</ele></trkpt>
    <trkpt lat="42.738001" lon="141.497310"><ele>25</ele></trkpt>
    <trkpt lat="42.737830" lon="141.497237"><ele>25</ele></trkpt>
    <trkpt lat="42.737656" lon="141.497175"><ele>25</ele></trkpt>
    <trkpt lat="42.737482" lon="141.497112"><ele>25</ele></trkpt>
    <trkpt lat="42.737309" lon="141.497046"><ele>25</ele></trkpt>
    <trkpt lat="42.737136" lon="141.496980"><ele>25</ele></trkpt>
    <trkpt lat="42.736962" lon="141.496916"><ele>25</ele></trkpt>
    <trkpt lat="42.736790" lon="141.496844"><ele>24</ele></trkpt>
    <trkpt lat="42.736616" lon="141.496782"><ele>24</ele></trkpt>
    <trkpt lat="42.736443" lon="141.496713"><ele>24</ele></trkpt>
    <trkpt lat="42.736271" lon="141.496642"><ele>24</ele></trkpt>
    <trkpt lat="42.736100" lon="141.496569"><ele>24</ele></trkpt>
    <trkpt lat="42.735927" lon="141.496501"><ele>24</ele></trkpt>
    <trkpt lat="42.735754" lon="141.496432"><ele>23</ele></trkpt>
    <trkpt lat="42.735583" lon="141.496355"><ele>23</ele></trkpt>
    <trkpt lat="42.735410" lon="141.496289"><ele>23</ele></trkpt>
    <trkpt lat="42.735239" lon="141.496215"><ele>23</ele></trkpt>
    <trkpt lat="42.735065" lon="141.496151"><ele>23</ele></trkpt>
    <trkpt lat="42.734894" lon="141.496076"><ele>23</ele></trkpt>
    <trkpt lat="42.734723" lon="141.496000"><ele>23</ele></trkpt>
    <trkpt lat="42.734679" lon="141.496238"><ele>22</ele></trkpt>
    <trkpt lat="42.734636" lon="141.496475"><ele>22</ele></trkpt>
    <trkpt lat="42.734585" lon="141.496710"><ele>22</ele></trkpt>
    <trkpt lat="42.734534" lon="141.496945"><ele>22</ele></trkpt>
    <trkpt lat="42.734487" lon="141.497181"><ele>22</ele></trkpt>
    <trkpt lat="42.734447" lon="141.497420"><ele>22</ele></trkpt>
    <trkpt lat="42.734401" lon="141.497657"><ele>22</ele></trkpt>
    <trkpt lat="42.734362" lon="141.497896"><ele>21</ele></trkpt>
    <trkpt lat="42.734321" lon="141.498135"><ele>21</ele></trkpt>
    <trkpt lat="42.734273" lon="141.498370"><ele>21</ele></trkpt>
    <trkpt lat="42.734233" lon="141.498609"><ele>21</ele></trkpt>
    <trkpt lat="42.734184" lon="141.498845"><ele>21</ele></trkpt>
    <trkpt lat="42.734141" lon="141.499083"><ele>21</ele></trkpt>
    <trkpt lat="42.734098" lon="141.499321"><ele>20</ele></trkpt>
    <trkpt lat="42.734057" lon="141.499559"><ele>20</ele></trkpt>
    <trkpt lat="42.734008" lon="141.499794"><ele>20</ele></trkpt>
    <trkpt lat="42.733960" lon="141.500030"><ele>20</ele></trkpt>
    <trkpt lat="42.733920" lon="141.500269"><ele>20</ele></trkpt>
    <trkpt lat="42.733869" lon="141.500504"><ele>20</ele></trkpt>
    <trkpt lat="42.733823" lon="141.500741"><ele>20</ele></trkpt>
    <trkpt lat="42.733780" lon="141.500979"><ele>19</ele></trkpt>
    <trkpt lat="42.733732" lon="141.501214"><ele>19</ele></trkpt>
    <trkpt lat="42.733686" lon="141.501451"><ele>19</ele></trkpt>
    <trkpt lat="42.733636" lon="141.501686"><ele>19</ele></trkpt>
    <trkpt lat="42.733594" lon="141.501925"><ele>19</ele></trkpt>
    <trkpt lat="42.733553" lon="141.502163"><ele>19</ele></trkpt>
    <trkpt lat="42.733510" lon="141.502401"><ele>19</ele></trkpt>
    <trkpt lat="42.733468" lon="141.502639"><ele>18</ele></trkpt>
    <trkpt lat="42.733428" lon="141.502878"><ele>18</ele></trkpt>
    <trkpt lat="42.733385" lon="141.503115"><ele>18</ele></trkpt>
    <trkpt lat="42.733345" lon="141.503354"><ele>18</ele></trkpt>
    <trkpt lat="42.733304" lon="141.503593"><ele>18</ele></trkpt>
    <trkpt lat="42.733258" lon="141.503829"><ele>18</ele></trkpt>
    <trkpt lat="42.733215" lon="141.504067"><ele>17</ele></trkpt>
    <trkpt lat="42.733170" lon="141.504304"><ele>17</ele></trkpt>
    <trkpt lat="42.733127" lon="141.504542"><ele>17</ele></trkpt>
    <trkpt lat="42.733081" lon="141.504779"><ele>17</ele></trkpt>
    <trkpt lat="42.733040" lon="141.505017"><ele>17</ele></trkpt>
    <trkpt lat="42.732991" lon="141.505253"><ele>17</ele></trkpt>
    <trkpt lat="42.732943" lon="141.505489"><ele>17</ele></trkpt>
    <trkpt lat="42.732896" lon="141.505725"><ele>16</ele></trkpt>
    <trkpt lat="42.732852" lon="141.505963"><ele>16</ele></trkpt>
    <trkpt lat="42.732802" lon="141.506198"><ele>16</ele></trkpt>
    <trkpt lat="42.732755" lon="141.506434"><ele>16</ele></trkpt>
    <trkpt lat="42.732707" lon="141.506670"><ele>16</ele></trkpt>
    <trkpt lat="42.732663" lon="141.506907"><ele>16</ele></trkpt>
    <trkpt lat="42.732622" lon="141.507146"><ele>16</ele></trkpt>
    <trkpt lat="42.732571" lon="141.507381"><ele>15</ele></trkpt>
    <trkpt lat="42.732527" lon="141.507618"><ele>15</ele></trkpt>
    <trkpt lat="42.732482" lon="141.507855"><ele>15</ele></trkpt>
    <trkpt lat="42.732434" lon="141.508091"><ele>15</ele></trkpt>
    <trkpt lat="42.732392" lon="141.508329"><ele>15</ele></trkpt>
    <trkpt lat="42.732347" lon="141.508566"><ele>15</ele></trkpt>
    <trkpt lat="42.732303" lon="141.508804"><ele>14</ele></trkpt>
    <trkpt lat="42.732264" lon="141.509043"><ele>14</ele></trkpt>
    <trkpt lat="42.732221" lon="141.509281"><ele>14</ele></trkpt>
    <trkpt lat="42.732178" lon="141.509518"><ele>14</ele></trkpt>
    <trkpt lat="42.732135" lon="141.509756"><ele>14</ele></trkpt>
    <trkpt lat="42.732089" lon="141.509993"><ele>14</ele></trkpt>
    <trkpt lat="42.732042" lon="141.510229"><ele>14</ele></trkpt>
    <trkpt lat="42.731994" lon="141.510465"><ele>13</ele></trkpt>
    <trkpt lat="42.731955" lon="141.510704"><ele>13</ele></trkpt>
    <trkpt lat="42.731909" lon="141.510941"><ele>13</ele></trkpt>
    <trkpt lat="42.731868" lon="141.511180"><ele>13</ele></trkpt>
    <trkpt lat="42.731824" lon="141.511417"><ele>13</ele></trkpt>
    <trkpt lat="42.731782" lon="141.511655"><ele>13</ele></trkpt>
    <trkpt lat="42.731731" lon="141.511890"><ele>13</ele></trkpt>
    <trkpt lat="42.731686" lon="141.512127"><ele>12</ele></trkpt>
    <trkpt lat="42.731644" lon="141.512365"><ele>12</ele></trkpt>
    <trkpt lat="42.731598" lon="141.512602"><ele>12</ele></trkpt>
    <trkpt lat="42.731558" lon="141.512840"><ele>12</ele></trkpt>
    <trkpt lat="42.731518" lon="141.513079"><ele>12</ele></trkpt>
    <trkpt lat="42.731478" lon="141.513318"><ele>12</ele></trkpt>
    <trkpt lat="42.731438" lon="141.513557"><ele>11</ele></trkpt>
    <trkpt lat="42.731394" lon="141.513794"><ele>11</ele></trkpt>
    <trkpt lat="42.731354" lon="141.514033"><ele>11</ele></trkpt>
    <trkpt lat="42.731310" lon="141.514270"><ele>11</ele></trkpt>
    <trkpt lat="42.731262" lon="141.514506"><ele>11</ele></trkpt>
    <trkpt lat="42.731222" lon="141.514745"><ele>11</ele></trkpt>
    <trkpt lat="42.731178" lon="141.514982"><ele>11</ele></trkpt>
    <trkpt lat="42.731135" lon="141.515220"><ele>10</ele></trkpt>
    <trkpt lat="42.731095" lon="141.515459"><ele>10</ele></trkpt>
    <trkpt lat="42.731053" lon="141.515697"><ele>10</ele></trkpt>
    <trkpt lat="42.731008" lon="141.515934"><ele>10</ele></trkpt>
    <trkpt lat="42.730969" lon="141.516173"><ele>10</ele></trkpt>
    <trkpt lat="42.730928" lon="141.516412"><ele>10</ele></trkpt>
    <trkpt lat="42.730887" lon="141.516650"><ele>10</ele></trkpt>
    <trkpt lat="42.730842" lon="141.516887"><ele>11</ele></trkpt>
    <trkpt lat="42.730792" lon="141.517122"><ele>11</ele></trkpt>
    <trkpt lat="42.730749" lon="141.517360"><ele>11</ele></trkpt>
    <trkpt lat="42.730704" lon="141.517597"><ele>11</ele></trkpt>
    <trkpt lat="42.730659" lon="141.517834"><ele>11</ele></trkpt>
    <trkpt lat="42.730619" lon="141.518073"><ele>11</ele></trkpt>
    <trkpt lat="42.730575" lon="141.518310"><ele>12</ele></trkpt>
    <trkpt lat="42.730535" lon="141.518549"><ele>12</ele></trkpt>
    <trkpt lat="42.730488" lon="141.518785"><ele>12</ele></trkpt>
    <trkpt lat="42.730441" lon="141.519022"><ele>12</ele></trkpt>
    <trkpt lat="42.730399" lon="141.519260"><ele>12</ele></trkpt>
    <trkpt lat="42.730354" lon="141.519497"><ele>12</ele></trkpt>
    <trkpt lat="42.730308" lon="141.519734"><ele>12</ele></trkpt>
    <trkpt lat="42.730267" lon="141.519972"><ele>13</ele></trkpt>
    <trkpt lat="42.730217" lon="141.520207"><ele>13</ele></trkpt>
    <trkpt lat="42.730175" lon="141.520445"><ele>13</ele></trkpt>
    <trkpt lat="42.730128" lon="141.520682"><ele>13</ele></trkpt>
    <trkpt lat="42.730078" lon="141.520917"><ele>13</ele></trkpt>
    <trkpt lat="42.730036" lon="141.521155"><ele>13</ele></trkpt>
    <trkpt lat="42.729988" lon="141.521391"><ele>13</ele></trkpt>
    <trkpt lat="42.729946" lon="141.521629"><ele>14</ele></trkpt>
    <trkpt lat="42.729906" lon="141.521868"><ele>14</ele></trkpt>
    <trkpt lat="42.729864" lon="141.522106"><ele>14</ele></trkpt>
    <trkpt lat="42.729813" lon="141.522341"><ele>14</ele></trkpt>
    <trkpt lat="42.729773" lon="141.522579"><ele>14</ele></trkpt>
    <trkpt lat="42.729725" lon="141.522815"><ele>14</ele></trkpt>
    <trkpt lat="42.729682" lon="141.523053"><ele>15</ele></trkpt>
    <trkpt lat="42.729640" lon="141.523291"><ele>15</ele></trkpt>
    <trkpt lat="42.729597" lon="141.523529"><ele>15</ele></trkpt>
    <trkpt lat="42.729557" lon="141.523768"><ele>15</ele></trkpt>
    <trkpt lat="42.729515" lon="141.524006"><ele>15</ele></trkpt>
    <trkpt lat="42.729470" lon="141.524243"><ele>15</ele></trkpt>
    <trkpt lat="42.729429" lon="141.524481"><ele>15</ele></trkpt>
    <trkpt lat="42.729385" lon="141.524719"><ele>16</ele></trkpt>
    <trkpt lat="42.729337" lon="141.524955"><ele>16</ele></trkpt>
    <trkpt lat="42.729290" lon="141.525191"><ele>16</ele></trkpt>
    <trkpt lat="42.729240" lon="141.525426"><ele>16</ele></trkpt>
    <trkpt lat="42.729190" lon="141.525662"><ele>16</ele></trkpt>
    <trkpt lat="42.729141" lon="141.525897"><ele>16</ele></trkpt>
    <trkpt lat="42.729092" lon="141.526133"><ele>16</ele></trkpt>
    <trkpt lat="42.729050" lon="141.526371"><ele>17</ele></trkpt>
    <trkpt lat="42.729003" lon="141.526607"><ele>17</ele></trkpt>
    <trkpt lat="42.728958" lon="141.526844"><ele>17</ele></trkpt>
    <trkpt lat="42.728918" lon="141.527083"><ele>17</ele></trkpt>
    <trkpt lat="42.728874" lon="141.527320"><ele>17</ele></trkpt>
    <trkpt lat="42.728831" lon="141.527558"><ele>17</ele></trkpt>
    <trkpt lat="42.728784" lon="141.527794"><ele>18</ele></trkpt>
    <trkpt lat="42.728744" lon="141.528033"><ele>18</ele></trkpt>
    <trkpt lat="42.728697" lon="141.528269"><ele>18</ele></trkpt>
    <trkpt lat="42.728651" lon="141.528506"><ele>18</ele></trkpt>
    <trkpt lat="42.728608" lon="141.528744"><ele>18</ele></trkpt>
    <trkpt lat="42.728563" lon="141.528981"><ele>18</ele></trkpt>
    <trkpt lat="42.728521" lon="141.529219"><ele>18</ele></trkpt>
    <trkpt lat="42.728479" lon="141.529457"><ele>19</ele></trkpt>
    <trkpt lat="42.728440" lon="141.529696"><ele>19</ele></trkpt>
    <trkpt lat="42.728397" lon="141.529934"><ele>19</ele></trkpt>
    <trkpt lat="42.728352" lon="141.530171"><ele>19</ele></trkpt>
    <trkpt lat="42.728312" lon="141.530410"><ele>19</ele></trkpt>
    <trkpt lat="42.728268" lon="141.530647"><ele>19</ele></trkpt>
    <trkpt lat="42.728227" lon="141.530886"><ele>19</ele></trkpt>
    <trkpt lat="42.728177" lon="141.531121"><ele>20</ele></trkpt>
    <trkpt lat="42.728130" lon="141.531357"><ele>20</ele></trkpt>
    <trkpt lat="42.728081" lon="141.531593"><ele>20</ele></trkpt>
    <trkpt lat="42.728034" lon="141.531829"><ele>20</ele></trkpt>
    <trkpt lat="42.727994" lon="141.532068"><ele>20</ele></trkpt>
    <trkpt lat="42.727949" lon="141.532305"><ele>20</ele></trkpt>
    <trkpt lat="42.727905" lon="141.532542"><ele>21</ele></trkpt>
    <trkpt lat="42.727856" lon="141.532778"><ele>21</ele></trkpt>
    <trkpt lat="42.727816" lon="141.533017"><ele>21</ele></trkpt>
    <trkpt lat="42.727773" lon="141.533254"><ele>21</ele></trkpt>
    <trkpt lat="42.727723" lon="141.533490"><ele>21</ele></trkpt>
    <trkpt lat="42.727676" lon="141.533726"><ele>21</ele></trkpt>
    <trkpt lat="42.727626" lon="141.533961"><ele>21</ele></trkpt>
    <trkpt lat="42.727577" lon="141.534197"><ele>22</ele></trkpt>
    <trkpt lat="42.727530" lon="141.534433"><ele>22</ele></trkpt>
    <trkpt lat="42.727484" lon="141.534670"><ele>22</ele></trkpt>
    <trkpt lat="42.727438" lon="141.534906"><ele>22</ele></trkpt>
    <trkpt lat="42.727396" lon="141.535145"><ele>22</ele></trkpt>
    <trkpt lat="42.727354" lon="141.535382"><ele>22</ele></trkpt>
    <trkpt lat="42.727312" lon="141.535621"><ele>22</ele></trkpt>
    <trkpt lat="42.727273" lon="141.535860"><ele>23</ele></trkpt>
    <trkpt lat="42.727231" lon="141.536098"><ele>23</ele></trkpt>
    <trkpt lat="42.727181" lon="141.536333"><ele>23</ele></trkpt>
    <trkpt lat="42.727135" lon="141.536570"><ele>23</ele></trkpt>
    <trkpt lat="42.727087" lon="141.536806"><ele>23</ele></trkpt>
    <trkpt lat="42.727038" lon="141.537041"><ele>23</ele></trkpt>
    <trkpt lat="42.726995" lon="141.537279"><ele>24</ele></trkpt>
    <trkpt lat="42.726954" lon="141.537517"><ele>24</ele></trkpt>
    <trkpt lat="42.726908" lon="141.537754"><ele>24</ele></trkpt>
    <trkpt lat="42.726869" lon="141.537993"><ele>24</ele></trkpt>
    <trkpt lat="42.726827" lon="141.538231"><ele>24</ele></trkpt>
    <trkpt lat="42.726783" lon="141.538468"><ele>24</ele></trkpt>
    <trkpt lat="42.726732" lon="141.538704"><ele>24</ele></trkpt>
    <trkpt lat="42.726689" lon="141.538941"><ele>25</ele></trkpt>
    <trkpt lat="42.726649" lon="141.539180"><ele>25</ele></trkpt>
    <trkpt lat="42.726608" lon="141.539418"><ele>25</ele></trkpt>
    <trkpt lat="42.726559" lon="141.539654"><ele>25</ele></trkpt>
    <trkpt lat="42.726517" lon="141.539892"><ele>25</ele></trkpt>
    <trkpt lat="42.726467" lon="141.540127"><ele>25</ele></trkpt>
    <trkpt lat="42.726423" lon="141.540365"><ele>25</ele></trkpt>
    <trkpt lat="42.726381" lon="141.540603"><ele>26</ele></trkpt>
    <trkpt lat="42.726337" lon="141.540840"><ele>26</ele></trkpt>
    <trkpt lat="42.726293" lon="141.541077"><ele>26</ele></trkpt>
    <trkpt lat="42.726243" lon="141.541313"><ele>26</ele></trkpt>
    <trkpt lat="42.726194" lon="141.541548"><ele>26</ele></trkpt>
    <trkpt lat="42.726149" lon="141.541785"><ele>26</ele></trkpt>
    <trkpt lat="42.726100" lon="141.542021"><ele>26</ele></trkpt>
    <trkpt lat="42.726053" lon="141.542257"><ele>27</ele></trkpt>
    <trkpt lat="42.726007" lon="141.542494"><ele>27</ele></trkpt>
    <trkpt lat="42.725961" lon="141.542731"><ele>27</ele></trkpt>
    <trkpt lat="42.725922" lon="141.542970"><ele>27</ele></trkpt>
    <trkpt lat="42.725881" lon="141.543208"><ele>27</ele></trkpt>
    <trkpt lat="42.725831" lon="141.543443"><ele>27</ele></trkpt>
    <trkpt lat="42.725784" lon="141.543680"><ele>28</ele></trkpt>
    <trkpt lat="42.725734" lon="141.543915"><ele>28</ele></trkpt>
    <trkpt lat="42.725693" lon="141.544153"><ele>28</ele></trkpt>
    <trkpt lat="42.725646" lon="141.544389"><ele>28</ele></trkpt>
    <trkpt lat="42.725599" lon="141.544626"><ele>28</ele></trkpt>
    <trkpt lat="42.725558" lon="141.544864"><ele>28</ele></trkpt>
    <trkpt lat="42.725514" lon="141.545102"><ele>28</ele></trkpt>
    <trkpt lat="42.725467" lon="141.545338"><ele>29</ele></trkpt>
    <trkpt lat="42.725420" lon="141.545574"><ele>29</ele></trkpt>
    <trkpt lat="42.725375" lon="141.545811"><ele>29</ele></trkpt>
    <trkpt lat="42.725334" lon="141.546050"><ele>29</ele></trkpt>
    <trkpt lat="42.725294" lon="141.546288"><ele>29</ele></trkpt>
    <trkpt lat="42.725244" lon="141.546523"><ele>29</ele></trkpt>
    <trkpt lat="42.725193" lon="141.546758"><ele>29</ele></trkpt>
    <trkpt lat="42.725126" lon="141.546986"><ele>30</ele></trkpt>
    <trkpt lat="42.725062" lon="141.547214"><ele>30</ele></trkpt>
    <trkpt lat="42.724997" lon="141.547443"><ele>30</ele></trkpt>
    <trkpt lat="42.724929" lon="141.547669"><ele>30</ele></trkpt>
    <trkpt lat="42.724861" lon="141.547896"><ele>30</ele></trkpt>
    <trkpt lat="42.724791" lon="141.548122"><ele>30</ele></trkpt>
    <trkpt lat="42.724722" lon="141.548348"><ele>31</ele></trkpt>
    <trkpt lat="42.724651" lon="141.548573"><ele>31</ele></trkpt>
    <trkpt lat="42.724590" lon="141.548803"><ele>31</ele></trkpt>
    <trkpt lat="42.724519" lon="141.549028"><ele>31</ele></trkpt>
    <trkpt lat="42.724449" lon="141.549253"><ele>31</ele></trkpt>
    <trkpt lat="42.724381" lon="141.549480"><ele>31</ele></trkpt>
    <trkpt lat="42.724313" lon="141.549707"><ele>31</ele></trkpt>
    <trkpt lat="42.724251" lon="141.549937"><ele>32</ele></trkpt>
    <trkpt lat="42.724191" lon="141.550167"><ele>32</ele></trkpt>
    <trkpt lat="42.724123" lon="141.550394"><ele>32</ele></trkpt>
    <trkpt lat="42.724062" lon="141.550625"><ele>32</ele></trkpt>
    <trkpt lat="42.723994" lon="141.550851"><ele>32</ele></trkpt>
    <trkpt lat="42.723926" lon="141.551078"><ele>32</ele></trkpt>
    <trkpt lat="42.723866" lon="141.551309"><ele>32</ele></trkpt>
    <trkpt lat="42.723800" lon="141.551537"><ele>33</ele></trkpt>
    <trkpt lat="42.723732" lon="141.551763"><ele>33</ele></trkpt>
    <trkpt lat="42.723668" lon="141.551992"><ele>33</ele></trkpt>
    <trkpt lat="42.723597" lon="141.552217"><ele>33</ele></trkpt>
    <trkpt lat="42.723527" lon="141.552442"><ele>33</ele></trkpt>
    <trkpt lat="42.723466" lon="141.552673"><ele>33</ele></trkpt>
    <trkpt lat="42.723399" lon="141.552900"><ele>33</ele></trkpt>
    <trkpt lat="42.723333" lon="141.553128"><ele>34</ele></trkpt>
    <trkpt lat="42.723273" lon="141.553358"><ele>34</ele></trkpt>
    <trkpt lat="42.723203" lon="141.553584"><ele>34</ele></trkpt>
    <trkpt lat="42.723139" lon="141.553813"><ele>34</ele></trkpt>
    <trkpt lat="42.723076" lon="141.554042"><ele>34</ele></trkpt>
    <trkpt lat="42.723011" lon="141.554270"><ele>34</ele></trkpt>
    <trkpt lat="42.722942" lon="141.554496"><ele>35</ele></trkpt>
    <trkpt lat="42.722874" lon="141.554723"><ele>35</ele></trkpt>
    <trkpt lat="42.722802" lon="141.554948"><ele>35</ele></trkpt>
    <trkpt lat="42.722734" lon="141.555174"><ele>35</ele></trkpt>
    <trkpt lat="42.722668" lon="141.555402"><ele>35</ele></trkpt>
    <trkpt lat="42.722599" lon="141.555628"><ele>35</ele></trkpt>
    <trkpt lat="42.722530" lon="141.555854"><ele>35</ele></trkpt>
    <trkpt lat="42.722468" lon="141.556084"><ele>36</ele></trkpt>
    <trkpt lat="42.722404" lon="141.556313"><ele>36</ele></trkpt>
    <trkpt lat="42.722336" lon="141.556539"><ele>36</ele></trkpt>
    <trkpt lat="42.722274" lon="141.556769"><ele>36</ele></trkpt>
    <trkpt lat="42.722214" lon="141.557000"><ele>36</ele></trkpt>
    <trkpt lat="42.722148" lon="141.557228"><ele>36</ele></trkpt>
    <trkpt lat="42.722078" lon="141.557454"><ele>36</ele></trkpt>
    <trkpt lat="42.722017" lon="141.557684"><ele>37</ele></trkpt>
    <trkpt lat="42.721954" lon="141.557913"><ele>37</ele></trkpt>
    <trkpt lat="42.721891" lon="141.558142"><ele>37</ele></trkpt>
    <trkpt lat="42.721830" lon="141.558373"><ele>37</ele></trkpt>
    <trkpt lat="42.721764" lon="141.558601"><ele>37</ele></trkpt>
    <trkpt lat="42.721702" lon="141.558830"><ele>37</ele></trkpt>
    <trkpt lat="42.721636" lon="141.559058"><ele>38</ele></trkpt>
    <trkpt lat="42.721573" lon="141.559287"><ele>38</ele></trkpt>
    <trkpt lat="42.721511" lon="141.559517"><ele>38</ele></trkpt>
    <trkpt lat="42.721450" lon="141.559748"><ele>38</ele></trkpt>
    <trkpt lat="42.721386" lon="141.559976"><ele>38</ele></trkpt>
    <trkpt lat="42.721318" lon="141.560203"><ele>38</ele></trkpt>
    <trkpt lat="42.721249" lon="141.560429"><ele>38</ele></trkpt>
    <trkpt lat="42.721188" lon="141.560659"><ele>39</ele></trkpt>
    <trkpt lat="42.721124" lon="141.560888"><ele>39</ele></trkpt>
    <trkpt lat="42.721058" lon="141.561116"><ele>39</ele></trkpt>
    <trkpt lat="42.720998" lon="141.561347"><ele>39</ele></trkpt>
    <trkpt lat="42.720935" lon="141.561576"><ele>39</ele></trkpt>
    <trkpt lat="42.720869" lon="141.561804"><ele>39</ele></trkpt>
    <trkpt lat="42.720798" lon="141.562029"><ele>39</ele></trkpt>
    <trkpt lat="42.720734" lon="141.562257"><ele>40</ele></trkpt>
    <trkpt lat="42.720669" lon="141.562486"><ele>40</ele></trkpt>
    <trkpt lat="42.720603" lon="141.562713"><ele>40</ele></trkpt>
    <trkpt lat="42.720534" lon="141.562940"><ele>40</ele></trkpt>
    <trkpt lat="42.720463" lon="141.563165"><ele>40</ele></trkpt>
    <trkpt lat="42.720398" lon="141.563393"><ele>40</ele></trkpt>
    <trkpt lat="42.720331" lon="141.563620"><ele>40</ele></trkpt>
    <trkpt lat="42.720260" lon="141.563845"><ele>41</ele></trkpt>
    <trkpt lat="42.720200" lon="141.564076"><ele>41</ele></trkpt>
    <trkpt lat="42.720129" lon="141.564301"><ele>41</ele></trkpt>
    <trkpt lat="42.720068" lon="141.564531"><ele>41</ele></trkpt>
    <trkpt lat="42.719998" lon="141.564757"><ele>41</ele></trkpt>
    <trkpt lat="42.719935" lon="141.564986"><ele>41</ele></trkpt>
    <trkpt lat="42.719867" lon="141.565213"><ele>42</ele></trkpt>
    <trkpt lat="42.719803" lon="141.565441"><ele>42</ele></trkpt>
    <trkpt lat="42.719741" lon="141.565671"><ele>42</ele></trkpt>
    <trkpt lat="42.719677" lon="141.565900"><ele>42</ele></trkpt>
    <trkpt lat="42.719610" lon="141.566127"><ele>42</ele></trkpt>
    <trkpt lat="42.719545" lon="141.566355"><ele>42</ele></trkpt>
    <trkpt lat="42.719483" lon="141.566585"><ele>42</ele></trkpt>
    <trkpt lat="42.719421" lon="141.566815"><ele>43</ele></trkpt>
    <trkpt lat="42.719359" lon="141.567045"><ele>43</ele></trkpt>
    <trkpt lat="42.719295" lon="141.567274"><ele>43</ele></trkpt>
    <trkpt lat="42.719230" lon="141.567502"><ele>43</ele></trkpt>
    <trkpt lat="42.719162" lon="141.567729"><ele>43</ele></trkpt>
    <trkpt lat="42.719100" lon="141.567959"><ele>43</ele></trkpt>
    <trkpt lat="42.719038" lon="141.568188"><ele>43</ele></trkpt>
    <trkpt lat="42.718970" lon="141.568415"><ele>44</ele></trkpt>
    <trkpt lat="42.718904" lon="141.568643"><ele>44</ele></trkpt>
    <trkpt lat="42.718842" lon="141.568872"><ele>44</ele></trkpt>
    <trkpt lat="42.718780" lon="141.569102"><ele>44</ele></trkpt>
    <trkpt lat="42.718716" lon="141.569331"><ele>44</ele></trkpt>
    <trkpt lat="42.718653" lon="141.569560"><ele>44</ele></trkpt>
    <trkpt lat="42.718588" lon="141.569789"><ele>44</ele></trkpt>
    <trkpt lat="42.718517" lon="141.570013"><ele>45</ele></trkpt>
    <trkpt lat="42.718456" lon="141.570244"><ele>45</ele></trkpt>
    <trkpt lat="42.718388" lon="141.570471"><ele>45</ele></trkpt>
    <trkpt lat="42.718327" lon="141.570701"><ele>45</ele></trkpt>
    <trkpt lat="42.718264" lon="141.570930"><ele>45</ele></trkpt>
    <trkpt lat="42.718199" lon="141.571159"><ele>45</ele></trkpt>
    <trkpt lat="42.718136" lon="141.571388"><ele>45</ele></trkpt>
    <trkpt lat="42.718069" lon="141.571615"><ele>46</ele></trkpt>
    <trkpt lat="42.718009" lon="141.571845"><ele>46</ele></trkpt>
    <trkpt lat="42.717945" lon="141.572075"><ele>46</ele></trkpt>
    <trkpt lat="42.717876" lon="141.572300"><ele>46</ele></trkpt>
    <trkpt lat="42.717809" lon="141.572528"><ele>46</ele></trkpt>
    <trkpt lat="42.717738" lon="141.572753"><ele>46</ele></trkpt>
    <trkpt lat="42.717670" lon="141.572979"><ele>47</ele></trkpt>
    <trkpt lat="42.717608" lon="141.573209"><ele>47</ele></trkpt>
    <trkpt lat="42.717545" lon="141.573438"><ele>47</ele></trkpt>
    <trkpt lat="42.717482" lon="141.573668"><ele>47</ele></trkpt>
    <trkpt lat="42.717416" lon="141.573895"><ele>47</ele></trkpt>
    <trkpt lat="42.717346" lon="141.574121"><ele>47</ele></trkpt>
    <trkpt lat="42.717282" lon="141.574350"><ele>47</ele></trkpt>
    <trkpt lat="42.717213" lon="141.574576"><ele>48</ele></trkpt>
    <trkpt lat="42.717149" lon="141.574805"><ele>48</ele></trkpt>
    <trkpt lat="42.717088" lon="141.575035"><ele>48</ele></trkpt>
    <trkpt lat="42.717028" lon="141.575266"><ele>48</ele></trkpt>
    <trkpt lat="42.716966" lon="141.575496"><ele>48</ele></trkpt>
    <trkpt lat="42.716900" lon="141.575723"><ele>48</ele></trkpt>
    <trkpt lat="42.716835" lon="141.575951"><ele>48</ele></trkpt>
    <trkpt lat="42.716766" lon="141.576177"><ele>49</ele></trkpt>
    <trkpt lat="42.716704" lon="141.576408"><ele>49</ele></trkpt>
    <trkpt lat="42.716640" lon="141.576636"><ele>49</ele></trkpt>
    <trkpt lat="42.716576" lon="141.576865"><ele>49</ele></trkpt>
    <trkpt lat="42.716506" lon="141.577090"><ele>49</ele></trkpt>
    <trkpt lat="42.716446" lon="141.577321"><ele>49</ele></trkpt>
    <trkpt lat="42.716385" lon="141.577552"><ele>49</ele></trkpt>
    <trkpt lat="42.716316" lon="141.577778"><ele>50</ele></trkpt>
    <trkpt lat="42.716249" lon="141.578005"><ele>50</ele></trkpt>
    <trkpt lat="42.716180" lon="141.578231"><ele>50</ele></trkpt>
    <trkpt lat="42.716110" lon="141.578456"><ele>50</ele></trkpt>
    <trkpt lat="42.716043" lon="141.578684"><ele>50</ele></trkpt>
    <trkpt lat="42.715983" lon="141.578914"><ele>50</ele></trkpt>
    <trkpt lat="42.715920" lon="141.579144"><ele>50</ele></trkpt>
    <trkpt lat="42.715849" lon="141.579368"><ele>51</ele></trkpt>
    <trkpt lat="42.715783" lon="141.579596"><ele>51</ele></trkpt>
    <trkpt lat="42.715622" lon="141.579487"><ele>51</ele></trkpt>
    <trkpt lat="42.715464" lon="141.579370"><ele>51</ele></trkpt>
    <trkpt lat="42.715307" lon="141.579251"><ele>51</ele></trkpt>
    <trkpt lat="42.715146" lon="141.579141"><ele>51</ele></trkpt>
    <trkpt lat="42.714985" lon="141.579033"><ele>51</ele></trkpt>
    <trkpt lat="42.714825" lon="141.578921"><ele>52</ele></trkpt>
    <trkpt lat="42.714662" lon="141.578817"><ele>52</ele></trkpt>
    <trkpt lat="42.714500" lon="141.578712"><ele>52</ele></trkpt>
    <trkpt lat="42.714339" lon="141.578601"><ele>52</ele></trkpt>
    <trkpt lat="42.714179" lon="141.578490"><ele>52</ele></trkpt>
    <trkpt lat="42.714017" lon="141.578384"><ele>52</ele></trkpt>
    <trkpt lat="42.713857" lon="141.578273"><ele>53</ele></trkpt>
    <trkpt lat="42.713696" lon="141.578164"><ele>53</ele></trkpt>
    <trkpt lat="42.713537" lon="141.578049"><ele>53</ele></trkpt>
    <trkpt lat="42.713379" lon="141.577932"><ele>53</ele></trkpt>
    <trkpt lat="42.713220" lon="141.577817"><ele>53</ele></trkpt>
    <trkpt lat="42.713058" lon="141.577711"><ele>53</ele></trkpt>
    <trkpt lat="42.712896" lon="141.577605"><ele>53</ele></trkpt>
    <trkpt lat="42.712737" lon="141.577490"><ele>54</ele></trkpt>
    <trkpt lat="42.712576" lon="141.577382"><ele>54</ele></trkpt>
    <trkpt lat="42.712415" lon="141.577273"><ele>54</ele></trkpt>
    <trkpt lat="42.712256" lon="141.577158"><ele>54</ele></trkpt>
    <trkpt lat="42.712094" lon="141.577050"><ele>54</ele></trkpt>
    <trkpt lat="42.711933" lon="141.576941"><ele>54</ele></trkpt>
    <trkpt lat="42.711775" lon="141.576825"><ele>54</ele></trkpt>
    <trkpt lat="42.711617" lon="141.576709"><ele>55</ele></trkpt>
    <trkpt lat="42.711455" lon="141.576602"><ele>55</ele></trkpt>
    <trkpt lat="42.711293" lon="141.576494"><ele>55</ele></trkpt>
    <trkpt lat="42.711135" lon="141.576379"><ele>55</ele></trkpt>
    <trkpt lat="42.710975" lon="141.576266"><ele>55</ele></trkpt>
    <trkpt lat="42.710814" lon="141.576156"><ele>55</ele></trkpt>
    <trkpt lat="42.710653" lon="141.576049"><ele>55</ele></trkpt>
    <trkpt lat="42.710491" lon="141.575943"><ele>56</ele></trkpt>
    <trkpt lat="42.710330" lon="141.575833"><ele>56</ele></trkpt>
    <trkpt lat="42.710172" lon="141.575716"><ele>56</ele></trkpt>
    <trkpt lat="42.710010" lon="141.575608"><ele>56</ele></trkpt>
    <trkpt lat="42.709849" lon="141.575501"><ele>56</ele></trkpt>
    <trkpt lat="42.709689" lon="141.575388"><ele>56</ele></trkpt>
    <trkpt lat="42.709530" lon="141.575274"><ele>56</ele></trkpt>
    <trkpt lat="42.709372" lon="141.575157"><ele>57</ele></trkpt>
    <trkpt lat="42.709213" lon="141.575041"><ele>57</ele></trkpt>
    <trkpt lat="42.709053" lon="141.574932"><ele>57</ele></trkpt>
    <trkpt lat="42.708890" lon="141.574827"><ele>57</ele></trkpt>
    <trkpt lat="42.708727" lon="141.574722"><ele>57</ele></trkpt>
    <trkpt lat="42.708568" lon="141.574609"><ele>57</ele></trkpt>
    <trkpt lat="42.708407" lon="141.574499"><ele>57</ele></trkpt>
    <trkpt lat="42.708246" lon="141.574390"><ele>58</ele></trkpt>
    <trkpt lat="42.708085" lon="141.574282"><ele>58</ele></trkpt>
    <trkpt lat="42.707924" lon="141.574173"><ele>58</ele></trkpt>
    <trkpt lat="42.707763" lon="141.574065"><ele>58</ele></trkpt>
    <trkpt lat="42.707601" lon="141.573956"><ele>58</ele></trkpt>
    <trkpt lat="42.707442" lon="141.573841"><ele>58</ele></trkpt>
    <trkpt lat="42.707282" lon="141.573732"><ele>58</ele></trkpt>
    <trkpt lat="42.707124" lon="141.573614"><ele>59</ele></trkpt>
    <trkpt lat="42.706962" lon="141.573508"><ele>59</ele></trkpt>
    <trkpt lat="42.706801" lon="141.573400"><ele>59</ele></trkpt>
    <trkpt lat="42.706639" lon="141.573291"><ele>59</ele></trkpt>
    <trkpt lat="42.706479" lon="141.573181"><ele>59</ele></trkpt>
    <trkpt lat="42.706319" lon="141.573068"><ele>59</ele></trkpt>
    <trkpt lat="42.706158" lon="141.572960"><ele>59</ele></trkpt>
    <trkpt lat="42.705998" lon="141.572848"><ele>60</ele></trkpt>
    <trkpt lat="42.705837" lon="141.572738"><ele>60</ele></trkpt>
    <trkpt lat="42.705675" lon="141.572632"><ele>60</ele></trkpt>
    <trkpt lat="42.705515" lon="141.572521"><ele>60</ele></trkpt>
    <trkpt lat="42.705354" lon="141.572412"><ele>60</ele></trkpt>
    <trkpt lat="42.705195" lon="141.572296"><ele>60</ele></trkpt>
    <trkpt lat="42.705038" lon="141.572177"><ele>60</ele></trkpt>
    <trkpt lat="42.704878" lon="141.572066"><ele>61</ele></trkpt>
    <trkpt lat="42.704718" lon="141.571952"><ele>61</ele></trkpt>
    <trkpt lat="42.704561" lon="141.571835"><ele>61</ele></trkpt>
    <trkpt lat="42.704401" lon="141.571721"><ele>61</ele></trkpt>
    <trkpt lat="42.704243" lon="141.571606"><ele>61</ele></trkpt>
    <trkpt lat="42.704081" lon="141.571497"><ele>61</ele></trkpt>
    <trkpt lat="42.703923" lon="141.571381"><ele>61</ele></trkpt>
    <trkpt lat="42.703764" lon="141.571268"><ele>62</ele></trkpt>
    <trkpt lat="42.703605" lon="141.571152"><ele>62</ele></trkpt>
    <trkpt lat="42.703446" lon="141.571039"><ele>62</ele></trkpt>
    <trkpt lat="42.703288" lon="141.570922"><ele>62</ele></trkpt>
    <trkpt lat="42.703129" lon="141.570806"><ele>62</ele></trkpt>
    <trkpt lat="42.702969" lon="141.570694"><ele>62</ele></trkpt>
    <trkpt lat="42.702807" lon="141.570589"><ele>62</ele></trkpt>
    <trkpt lat="42.702647" lon="141.570477"><ele>63</ele></trkpt>
    <trkpt lat="42.702488" lon="141.570363"><ele>63</ele></trkpt>
    <trkpt lat="42.702330" lon="141.570245"><ele>63</ele></trkpt>
    <trkpt lat="42.702170" lon="141.570135"><ele>63</ele></trkpt>
    <trkpt lat="42.702011" lon="141.570019"><ele>63</ele></trkpt>
    <trkpt lat="42.701849" lon="141.569914"><ele>63</ele></trkpt>
    <trkpt lat="42.701690" lon="141.569798"><ele>63</ele></trkpt>
    <trkpt lat="42.701533" lon="141.569679"><ele>64</ele></trkpt>
    <trkpt lat="42.701376" lon="141.569560"><ele>64</ele></trkpt>
    <trkpt lat="42.701214" lon="141.569454"><ele>64</ele></trkpt>
    <trkpt lat="42.701055" lon="141.569340"><ele>64</ele></trkpt>
    <trkpt lat="42.700897" lon="141.569223"><ele>64</ele></trkpt>
    <trkpt lat="42.700736" lon="141.569113"><ele>64</ele></trkpt>
    <trkpt lat="42.700574" lon="141.569006"><ele>64</ele></trkpt>
    <trkpt lat="42.700414" lon="141.568894"><ele>65</ele></trkpt>
    <trkpt lat="42.700254" lon="141.568782"><ele>65</ele></trkpt>
    <trkpt lat="42.700094" lon="141.568672"><ele>65</ele></trkpt>
    <trkpt lat="42.699933" lon="141.568563"><ele>65</ele></trkpt>
    <trkpt lat="42.699773" lon="141.568451"><ele>65</ele></trkpt>
    <trkpt lat="42.699615" lon="141.568334"><ele>65</ele></trkpt>
    <trkpt lat="42.699453" lon="141.568228"><ele>65</ele></trkpt>
    <trkpt lat="42.699295" lon="141.568111"><ele>66</ele></trkpt>
    <trkpt lat="42.699138" lon="141.567992"><ele>66</ele></trkpt>
    <trkpt lat="42.698975" lon="141.567886"><ele>66</ele></trkpt>
    <trkpt lat="42.698816" lon="141.567773"><ele>66</ele></trkpt>
    <trkpt lat="42.698653" lon="141.567668"><ele>66</ele></trkpt>
    <trkpt lat="42.698496" lon="141.567550"><ele>66</ele></trkpt>
    <trkpt lat="42.698337" lon="141.567436"><ele>66</ele></trkpt>
    <trkpt lat="42.698175" lon="141.567330"><ele>67</ele></trkpt>
    <trkpt lat="42.698014" lon="141.567220"><ele>67</ele></trkpt>
    <trkpt lat="42.697855" lon="141.567107"><ele>67</ele></trkpt>
    <trkpt lat="42.697692" lon="141.567001"><ele>67</ele></trkpt>
    <trkpt lat="42.697534" lon="141.566884"><ele>67</ele></trkpt>
    <trkpt lat="42.697375" lon="141.566772"><ele>67</ele></trkpt>
    <trkpt lat="42.697213" lon="141.566664"><ele>67</ele></trkpt>
    <trkpt lat="42.697056" lon="141.566546"><ele>68</ele></trkpt>
    <trkpt lat="42.696898" lon="141.566427"><ele>68</ele></trkpt>
    <trkpt lat="42.696737" lon="141.566320"><ele>68</ele></trkpt>
    <trkpt lat="42.696578" lon="141.566204"><ele>68</ele></trkpt>
    <trkpt lat="42.696420" lon="141.566086"><ele>68</ele></trkpt>
    <trkpt lat="42.696262" lon="141.565971"><ele>68</ele></trkpt>
    <trkpt lat="42.696103" lon="141.565856"><ele>68</ele></trkpt>
    <trkpt lat="42.695944" lon="141.565741"><ele>69</ele></trkpt>
    <trkpt lat="42.695784" lon="141.565631"><ele>69</ele></trkpt>
    <trkpt lat="42.695623" lon="141.565520"><ele>69</ele></trkpt>
    <trkpt lat="42.695463" lon="141.565410"><ele>69</ele></trkpt>
    <trkpt lat="42.695302" lon="141.565301"><ele>69</ele></trkpt>
    <trkpt lat="42.695141" lon="141.565191"><ele>69</ele></trkpt>
    <trkpt lat="42.694980" lon="141.565081"><ele>69</ele></trkpt>
    <trkpt lat="42.694819" lon="141.564973"><ele>70</ele></trkpt>
    <trkpt lat="42.694658" lon="141.564862"><ele>70</ele></trkpt>
    <trkpt lat="42.694497" lon="141.564754"><ele>70</ele></trkpt>
    <trkpt lat="42.694336" lon="141.564645"><ele>70</ele></trkpt>
    <trkpt lat="42.694177" lon="141.564532"><ele>70</ele></trkpt>
    <trkpt lat="42.694014" lon="141.564427"><ele>70</ele></trkpt>
    <trkpt lat="42.693855" lon="141.564313"><ele>70</ele></trkpt>
    <trkpt lat="42.693695" lon="141.564202"><ele>71</ele></trkpt>
    <trkpt lat="42.693532" lon="141.564097"><ele>71</ele></trkpt>
    <trkpt lat="42.693372" lon="141.563986"><ele>71</ele></trkpt>
    <trkpt lat="42.693213" lon="141.563870"><ele>71</ele></trkpt>
    <trkpt lat="42.693051" lon="141.563765"><ele>71</ele></trkpt>
    <trkpt lat="42.692892" lon="141.563652"><ele>71</ele></trkpt>
    <trkpt lat="42.692730" lon="141.563545"><ele>71</ele></trkpt>
    <trkpt lat="42.692568" lon="141.563438"><ele>72</ele></trkpt>
    <trkpt lat="42.692409" lon="141.563324"><ele>72</ele></trkpt>
    <trkpt lat="42.692248" lon="141.563216"><ele>72</ele></trkpt>
    <trkpt lat="42.692085" lon="141.563111"><ele>72</ele></trkpt>
    <trkpt lat="42.691927" lon="141.562995"><ele>72</ele></trkpt>
    <trkpt lat="42.691766" lon="141.562886"><ele>72</ele></trkpt>
    <trkpt lat="42.691605" lon="141.562777"><ele>72</ele></trkpt>
    <trkpt lat="42.691447" lon="141.562659"><ele>73</ele></trkpt>
    <trkpt lat="42.691290" lon="141.562540"><ele>73</ele></trkpt>
    <trkpt lat="42.691129" lon="141.562430"><ele>73</ele></trkpt>
    <trkpt lat="42.690967" lon="141.562326"><ele>73</ele></trkpt>
    <trkpt lat="42.690807" lon="141.562212"><ele>73</ele></trkpt>
    <trkpt lat="42.690647" lon="141.562101"><ele>73</ele></trkpt>
    <trkpt lat="42.690484" lon="141.561997"><ele>73</ele></trkpt>
    <trkpt lat="42.690326" lon="141.561881"><ele>74</ele></trkpt>
    <trkpt lat="42.690168" lon="141.561763"><ele>74</ele></trkpt>
    <trkpt lat="42.690006" lon="141.561658"><ele>74</ele></trkpt>
    <trkpt lat="42.689845" lon="141.561547"><ele>74</ele></trkpt>
    <trkpt lat="42.689685" lon="141.561436"><ele>74</ele></trkpt>
    <trkpt lat="42.689527" lon="141.561319"><ele>74</ele></trkpt>
    <trkpt lat="42.689368" lon="141.561204"><ele>74</ele></trkpt>
    <trkpt lat="42.689208" lon="141.561093"><ele>75</ele></trkpt>
    <trkpt lat="42.689046" lon="141.560988"><ele>75</ele></trkpt>
    <trkpt lat="42.688885" lon="141.560877"><ele>75</ele></trkpt>
    <trkpt lat="42.688726" lon="141.560765"><ele>75</ele></trkpt>
    <trkpt lat="42.688567" lon="141.560649"><ele>75</ele></trkpt>
    <trkpt lat="42.688409" lon="141.560532"><ele>75</ele></trkpt>
    <trkpt lat="42.688246" lon="141.560428"><ele>75</ele></trkpt>
    <trkpt lat="42.688087" lon="141.560315"><ele>76</ele></trkpt>
    <trkpt lat="42.687927" lon="141.560203"><ele>76</ele></trkpt>
    <trkpt lat="42.687766" lon="141.560093"><ele>76</ele></trkpt>
    <trkpt lat="42.687608" lon="141.559977"><ele>76</ele></trkpt>
    <trkpt lat="42.687447" lon="141.559868"><ele>76</ele></trkpt>
    <trkpt lat="42.687288" lon="141.559754"><ele>76</ele></trkpt>
    <trkpt lat="42.687127" lon="141.559644"><ele>76</ele></trkpt>
    <trkpt lat="42.686969" lon="141.559527"><ele>76</ele></trkpt>
    <trkpt lat="42.686811" lon="141.559410"><ele>77</ele></trkpt>
    <trkpt lat="42.686650" lon="141.559302"><ele>77</ele></trkpt>
    <trkpt lat="42.686490" lon="141.559190"><ele>77</ele></trkpt>
    <trkpt lat="42.686327" lon="141.559085"><ele>77</ele></trkpt>
    <trkpt lat="42.686167" lon="141.558974"><ele>77</ele></trkpt>
    <trkpt lat="42.686007" lon="141.558861"><ele>77</ele></trkpt>
    <trkpt lat="42.685848" lon="141.558747"><ele>77</ele></trkpt>
    <trkpt lat="42.685691" lon="141.558629"><ele>78</ele></trkpt>
    <trkpt lat="42.685532" lon="141.558514"><ele>78</ele></trkpt>
    <trkpt lat="42.685370" lon="141.558408"><ele>78</ele></trkpt>
    <trkpt lat="42.685210" lon="141.558296"><ele>78</ele></trkpt>
    <trkpt lat="42.685048" lon="141.558190"><ele>78</ele></trkpt>
    <trkpt lat="42.684885" lon="141.558085"><ele>78</ele></trkpt>
    <trkpt lat="42.684723" lon="141.557979"><ele>78</ele></trkpt>
    <trkpt lat="42.684564" lon="141.557866"><ele>79</ele></trkpt>
    <trkpt lat="42.684406" lon="141.557750"><ele>79</ele></trkpt>
    <trkpt lat="42.684245" lon="141.557640"><ele>79</ele></trkpt>
    <trkpt lat="42.684084" lon="141.557531"><ele>79</ele></trkpt>
    <trkpt lat="42.683926" lon="141.557412"><ele>79</ele></trkpt>
    <trkpt lat="42.683769" lon="141.557294"><ele>79</ele></trkpt>
    <trkpt lat="42.683606" lon="141.557189"><ele>79</ele></trkpt>
    <trkpt lat="42.683449" lon="141.557070"><ele>80</ele></trkpt>
    <trkpt lat="42.683289" lon="141.556959"><ele>80</ele></trkpt>
    <trkpt lat="42.683128" lon="141.556850"><ele>80</ele></trkpt>
    <trkpt lat="42.682966" lon="141.556744"><ele>80</ele></trkpt>
    <trkpt lat="42.682808" lon="141.556626"><ele>80</ele></trkpt>
    <trkpt lat="42.682649" lon="141.556512"><ele>80</ele></trkpt>
    <trkpt lat="42.682488" lon="141.556404"><ele>80</ele></trkpt>
    <trkpt lat="42.682326" lon="141.556298"><ele>81</ele></trkpt>
    <trkpt lat="42.682167" lon="141.556182"><ele>81</ele></trkpt>
    <trkpt lat="42.682010" lon="141.556063"><ele>81</ele></trkpt>
    <trkpt lat="42.681852" lon="141.555947"><ele>81</ele></trkpt>
    <trkpt lat="42.681691" lon="141.555837"><ele>81</ele></trkpt>
    <trkpt lat="42.681531" lon="141.555726"><ele>81</ele></trkpt>
    <trkpt lat="42.681371" lon="141.555614"><ele>81</ele></trkpt>
    <trkpt lat="42.681213" lon="141.555497"><ele>81</ele></trkpt>
    <trkpt lat="42.681051" lon="141.555389"><ele>82</ele></trkpt>
    <trkpt lat="42.680894" lon="141.555271"><ele>82</ele></trkpt>
    <trkpt lat="42.680733" lon="141.555161"><ele>82</ele></trkpt>
    <trkpt lat="42.680572" lon="141.555053"><ele>82</ele></trkpt>
    <trkpt lat="42.680410" lon="141.554948"><ele>82</ele></trkpt>
    <trkpt lat="42.680252" lon="141.554829"><ele>82</ele></trkpt>
    <trkpt lat="42.680092" lon="141.554718"><ele>82</ele></trkpt>
    <trkpt lat="42.679933" lon="141.554603"><ele>83</ele></trkpt>
    <trkpt lat="42.679776" lon="141.554484"><ele>83</ele></trkpt>
    <trkpt lat="42.679618" lon="141.554366"><ele>83</ele></trkpt>
    <trkpt lat="42.679460" lon="141.554251"><ele>83</ele></trkpt>
    <trkpt lat="42.679299" lon="141.554143"><ele>83</ele></trkpt>
    <trkpt lat="42.679137" lon="141.554034"><ele>83</ele></trkpt>
    <trkpt lat="42.678979" lon="141.553918"><ele>83</ele></trkpt>
    <trkpt lat="42.678818" lon="141.553810"><ele>84</ele></trkpt>
    <trkpt lat="42.678660" lon="141.553693"><ele>84</ele></trkpt>
    <trkpt lat="42.678500" lon="141.553582"><ele>84</ele></trkpt>
    <trkpt lat="42.678341" lon="141.553465"><ele>84</ele></trkpt>
    <trkpt lat="42.678182" lon="141.553352"><ele>84</ele></trkpt>
    <trkpt lat="42.678024" lon="141.553235"><ele>84</ele></trkpt>
    <trkpt lat="42.677862" lon="141.553127"><ele>84</ele></trkpt>
    <trkpt lat="42.677703" lon="141.553015"><ele>85</ele></trkpt>
    <trkpt lat="42.677540" lon="141.552910"><ele>85</ele></trkpt>
    <trkpt lat="42.677378" lon="141.552803"><ele>85</ele></trkpt>
    <trkpt lat="42.677216" lon="141.552697"><ele>85</ele></trkpt>
    <trkpt lat="42.677057" lon="141.552584"><ele>85</ele></trkpt>
    <trkpt lat="42.676899" lon="141.552468"><ele>85</ele></trkpt>
    <trkpt lat="42.676738" lon="141.552357"><ele>85</ele></trkpt>
    <trkpt lat="42.676580" lon="141.552240"><ele>85</ele></trkpt>
    <trkpt lat="42.676419" lon="141.552130"><ele>86</ele></trkpt>
    <trkpt lat="42.676259" lon="141.552019"><ele>86</ele></trkpt>
    <trkpt lat="42.676102" lon="141.551900"><ele>86</ele></trkpt>
    <trkpt lat="42.675940" lon="141.551793"><ele>86</ele></trkpt>
    <trkpt lat="42.675778" lon="141.551687"><ele>86</ele></trkpt>
    <trkpt lat="42.675617" lon="141.551579"><ele>86</ele></trkpt>
    <trkpt lat="42.675456" lon="141.551469"><ele>86</ele></trkpt>
    <trkpt lat="42.675295" lon="141.551362"><ele>87</ele></trkpt>
    <trkpt lat="42.675133" lon="141.551254"><ele>87</ele></trkpt>
    <trkpt lat="42.674973" lon="141.551142"><ele>87</ele></trkpt>
    <trkpt lat="42.674811" lon="141.551037"><ele>87</ele></trkpt>
    <trkpt lat="42.674650" lon="141.550926"><ele>87</ele></trkpt>
    <trkpt lat="42.674488" lon="141.550821"><ele>87</ele></trkpt>
    <trkpt lat="42.674331" lon="141.550702"><ele>87</ele></trkpt>
    <trkpt lat="42.674167" lon="141.550601"><ele>87</ele></trkpt>
    <trkpt lat="42.674001" lon="141.550506"><ele>88</ele></trkpt>
    <trkpt lat="42.673835" lon="141.550411"><ele>88</ele></trkpt>
    <trkpt lat="42.673672" lon="141.550310"><ele>88</ele></trkpt>
    <trkpt lat="42.673507" lon="141.550212"><ele>88</ele></trkpt>
    <trkpt lat="42.673343" lon="141.550112"><ele>88</ele></trkpt>
    <trkpt lat="42.673179" lon="141.550010"><ele>88</ele></trkpt>
    <trkpt lat="42.673015" lon="141.549911"><ele>88</ele></trkpt>
    <trkpt lat="42.672850" lon="141.549813"><ele>89</ele></trkpt>
    <trkpt lat="42.672686" lon="141.549713"><ele>89</ele></trkpt>
    <trkpt lat="42.672523" lon="141.549608"><ele>89</ele></trkpt>
    <trkpt lat="42.672359" lon="141.549507"><ele>89</ele></trkpt>
    <trkpt lat="42.672194" lon="141.549412"><ele>89</ele></trkpt>
    <trkpt lat="42.672029" lon="141.549314"><ele>89</ele></trkpt>
    <trkpt lat="42.671864" lon="141.549218"><ele>89</ele></trkpt>
    <trkpt lat="42.671700" lon="141.549117"><ele>90</ele></trkpt>
    <trkpt lat="42.671534" lon="141.549020"><ele>90</ele></trkpt>
    <trkpt lat="42.671373" lon="141.548913"><ele>90</ele></trkpt>
    <trkpt lat="42.671208" lon="141.548816"><ele>90</ele></trkpt>
    <trkpt lat="42.671042" lon="141.548721"><ele>90</ele></trkpt>
    <trkpt lat="42.670877" lon="141.548625"><ele>90</ele></trkpt>
    <trkpt lat="42.670710" lon="141.548531"><ele>90</ele></trkpt>
    <trkpt lat="42.670547" lon="141.548428"><ele>90</ele></trkpt>
    <trkpt lat="42.670381" lon="141.548335"><ele>91</ele></trkpt>
    <trkpt lat="42.670215" lon="141.548242"><ele>91</ele></trkpt>
    <trkpt lat="42.670049" lon="141.548148"><ele>91</ele></trkpt>
    <trkpt lat="42.669885" lon="141.548048"><ele>91</ele></trkpt>
    <trkpt lat="42.669723" lon="141.547939"><ele>91</ele></trkpt>
    <trkpt lat="42.669559" lon="141.547841"><ele>91</ele></trkpt>
    <trkpt lat="42.669395" lon="141.547739"><ele>91</ele></trkpt>
    <trkpt lat="42.669230" lon="141.547641"><ele>92</ele></trkpt>
    <trkpt lat="42.669068" lon="141.547534"><ele>92</ele></trkpt>
    <trkpt lat="42.668904" lon="141.547435"><ele>92</ele></trkpt>
    <trkpt lat="42.668739" lon="141.547337"><ele>92</ele></trkpt>
    <trkpt lat="42.668574" lon="141.547241"><ele>92</ele></trkpt>
    <trkpt lat="42.668411" lon="141.547136"><ele>92</ele></trkpt>
    <trkpt lat="42.668248" lon="141.547034"><ele>92</ele></trkpt>
    <trkpt lat="42.668087" lon="141.546926"><ele>92</ele></trkpt>
    <trkpt lat="42.667922" lon="141.546826"><ele>93</ele></trkpt>
    <trkpt lat="42.667757" lon="141.546729"><ele>93</ele></trkpt>
    <trkpt lat="42.667594" lon="141.546625"><ele>93</ele></trkpt>
    <trkpt lat="42.667431" lon="141.546524"><ele>93</ele></trkpt>
    <trkpt lat="42.667265" lon="141.546430"><ele>93</ele></trkpt>
    <trkpt lat="42.667102" lon="141.546326"><ele>93</ele></trkpt>
    <trkpt lat="42.666937" lon="141.546228"><ele>93</ele></trkpt>
    <trkpt lat="42.666772" lon="141.546132"><ele>94</ele></trkpt>
    <trkpt lat="42.666610" lon="141.546024"><ele>94</ele></trkpt>
    <trkpt lat="42.666444" lon="141.545929"><ele>94</ele></trkpt>
    <trkpt lat="42.666281" lon="141.545827"><ele>94</ele></trkpt>
    <trkpt lat="42.666116" lon="141.545730"><ele>94</ele></trkpt>
    <trkpt lat="42.665953" lon="141.545626"><ele>94</ele></trkpt>
    <trkpt lat="42.665790" lon="141.545524"><ele>94</ele></trkpt>
    <trkpt lat="42.665624" lon="141.545430"><ele>94</ele></trkpt>
    <trkpt lat="42.665460" lon="141.545327"><ele>95</ele></trkpt>
    <trkpt lat="42.665295" lon="141.545232"><ele>95</ele></trkpt>
    <trkpt lat="42.665130" lon="141.545134"><ele>95</ele></trkpt>
    <trkpt lat="42.664966" lon="141.545033"><ele>95</ele></trkpt>
    <trkpt lat="42.664802" lon="141.544931"><ele>95</ele></trkpt>
    <trkpt lat="42.664637" lon="141.544836"><ele>95</ele></trkpt>
    <trkpt lat="42.664471" lon="141.544741"><ele>95</ele></trkpt>
    <trkpt lat="42.664309" lon="141.544635"><ele>96</ele></trkpt>
    <trkpt lat="42.664146" lon="141.544531"><ele>96</ele></trkpt>
    <trkpt lat="42.663985" lon="141.544423"><ele>96</ele></trkpt>
    <trkpt lat="42.663821" lon="141.544321"><ele>96</ele></trkpt>
    <trkpt lat="42.663656" lon="141.544226"><ele>96</ele></trkpt>
    <trkpt lat="42.663493" lon="141.544122"><ele>96</ele></trkpt>
    <trkpt lat="42.663327" lon="141.544027"><ele>96</ele></trkpt>
    <trkpt lat="42.663161" lon="141.543932"><ele>96</ele></trkpt>
    <trkpt lat="42.662997" lon="141.543832"><ele>97</ele></trkpt>
    <trkpt lat="42.662832" lon="141.543736"><ele>97</ele></trkpt>
    <trkpt lat="42.662667" lon="141.543637"><ele>97</ele></trkpt>
    <trkpt lat="42.662505" lon="141.543530"><ele>97</ele></trkpt>
    <trkpt lat="42.662340" lon="141.543434"><ele>97</ele></trkpt>
    <trkpt lat="42.662176" lon="141.543332"><ele>97</ele></trkpt>
    <trkpt lat="42.662013" lon="141.543231"><ele>97</ele></trkpt>
    <trkpt lat="42.661848" lon="141.543134"><ele>97</ele></trkpt>
    <trkpt lat="42.661683" lon="141.543035"><ele>98</ele></trkpt>
    <trkpt lat="42.661519" lon="141.542936"><ele>98</ele></trkpt>
    <trkpt lat="42.661352" lon="141.542843"><ele>98</ele></trkpt>
    <trkpt lat="42.661187" lon="141.542748"><ele>98</ele></trkpt>
    <trkpt lat="42.661021" lon="141.542654"><ele>98</ele></trkpt>
    <trkpt lat="42.660854" lon="141.542560"><ele>98</ele></trkpt>
    <trkpt lat="42.660689" lon="141.542463"><ele>98</ele></trkpt>
    <trkpt lat="42.660526" lon="141.542359"><ele>99</ele></trkpt>
    <trkpt lat="42.660365" lon="141.542252"><ele>99</ele></trkpt>
    <trkpt lat="42.660202" lon="141.542147"><ele>99</ele></trkpt>
    <trkpt lat="42.660039" lon="141.542045"><ele>99</ele></trkpt>
    <trkpt lat="42.659875" lon="141.541943"><ele>99</ele></trkpt>
    <trkpt lat="42.659711" lon="141.541845"><ele>99</ele></trkpt>
    <trkpt lat="42.659548" lon="141.541741"><ele>99</ele></trkpt>
    <trkpt lat="42.659386" lon="141.541634"><ele>99</ele></trkpt>
    <trkpt lat="42.659223" lon="141.541530"><ele>100</ele></trkpt>
    <trkpt lat="42.659061" lon="141.541424"><ele>100</ele></trkpt>
    <trkpt lat="42.658898" lon="141.541321"><ele>100</ele></trkpt>
    <trkpt lat="42.658733" lon="141.541225"><ele>100</ele></trkpt>
    <trkpt lat="42.658566" lon="141.541132"><ele>100</ele></trkpt>
    <trkpt lat="42.658402" lon="141.541032"><ele>100</ele></trkpt>
    <trkpt lat="42.658236" lon="141.540939"><ele>100</ele></trkpt>
    <trkpt lat="42.658074" lon="141.540833"><ele>100</ele></trkpt>
    <trkpt lat="42.657910" lon="141.540732"><ele>101</ele></trkpt>
    <trkpt lat="42.657748" lon="141.540625"><ele>101</ele></trkpt>
    <trkpt lat="42.657584" lon="141.540525"><ele>101</ele></trkpt>
    <trkpt lat="42.657420" lon="141.540424"><ele>101</ele></trkpt>
    <trkpt lat="42.657255" lon="141.540328"><ele>101</ele></trkpt>
    <trkpt lat="42.657092" lon="141.540225"><ele>101</ele></trkpt>
    <trkpt lat="42.656930" lon="141.540118"><ele>101</ele></trkpt>
    <trkpt lat="42.656768" lon="141.540012"><ele>102</ele></trkpt>
    <trkpt lat="42.656603" lon="141.539915"><ele>102</ele></trkpt>
    <trkpt lat="42.656439" lon="141.539813"><ele>102</ele></trkpt>
    <trkpt lat="42.656274" lon="141.539717"><ele>102</ele></trkpt>
    <trkpt lat="42.656109" lon="141.539617"><ele>102</ele></trkpt>
    <trkpt lat="42.655947" lon="141.539513"><ele>102</ele></trkpt>
    <trkpt lat="42.655782" lon="141.539415"><ele>102</ele></trkpt>
    <trkpt lat="42.655616" lon="141.539320"><ele>102</ele></trkpt>
    <trkpt lat="42.655452" lon="141.539221"><ele>103</ele></trkpt>
    <trkpt lat="42.655289" lon="141.539118"><ele>103</ele></trkpt>
    <trkpt lat="42.655124" lon="141.539019"><ele>103</ele></trkpt>
    <trkpt lat="42.654960" lon="141.538918"><ele>103</ele></trkpt>
    <trkpt lat="42.654794" lon="141.538825"><ele>103</ele></trkpt>
    <trkpt lat="42.654632" lon="141.538719"><ele>103</ele></trkpt>
    <trkpt lat="42.654466" lon="141.538626"><ele>103</ele></trkpt>
    <trkpt lat="42.654301" lon="141.538527"><ele>103</ele></trkpt>
    <trkpt lat="42.654136" lon="141.538430"><ele>104</ele></trkpt>
    <trkpt lat="42.653973" lon="141.538325"><ele>104</ele></trkpt>
    <trkpt lat="42.653807" lon="141.538231"><ele>104</ele></trkpt>
    <trkpt lat="42.653645" lon="141.538126"><ele>104</ele></trkpt>
    <trkpt lat="42.653483" lon="141.538021"><ele>104</ele></trkpt>
    <trkpt lat="42.653317" lon="141.537925"><ele>104</ele></trkpt>
    <trkpt lat="42.653155" lon="141.537821"><ele>104</ele></trkpt>
    <trkpt lat="42.652992" lon="141.537717"><ele>104</ele></trkpt>
    <trkpt lat="42.652828" lon="141.537615"><ele>105</ele></trkpt>
    <trkpt lat="42.652663" lon="141.537517"><ele>105</ele></trkpt>
    <trkpt lat="42.652502" lon="141.537409"><ele>105</ele></trkpt>
    <trkpt lat="42.652340" lon="141.537303"><ele>105</ele></trkpt>
    <trkpt lat="42.652176" lon="141.537201"><ele>105</ele></trkpt>
    <trkpt lat="42.652013" lon="141.537099"><ele>105</ele></trkpt>
    <trkpt lat="42.651850" lon="141.536995"><ele>105</ele></trkpt>
    <trkpt lat="42.651685" lon="141.536899"><ele>105</ele></trkpt>
    <trkpt lat="42.651521" lon="141.536799"><ele>106</ele></trkpt>
    <trkpt lat="42.651357" lon="141.536698"><ele>106</ele></trkpt>
    <trkpt lat="42.651191" lon="141.536605"><ele>106</ele></trkpt>
    <trkpt lat="42.651026" lon="141.536506"><ele>106</ele></trkpt>
    <trkpt lat="42.650863" lon="141.536402"><ele>106</ele></trkpt>
    <trkpt lat="42.650702" lon="141.536294"><ele>106</ele></trkpt>
    <trkpt lat="42.650537" lon="141.536197"><ele>106</ele></trkpt>
    <trkpt lat="42.650372" lon="141.536100"><ele>107</ele></trkpt>
    <trkpt lat="42.650206" lon="141.536003"><ele>107</ele></trkpt>
    <trkpt lat="42.650044" lon="141.535897"><ele>107</ele></trkpt>
    <trkpt lat="42.649881" lon="141.535795"><ele>107</ele></trkpt>
    <trkpt lat="42.649719" lon="141.535689"><ele>107</ele></trkpt>
    <trkpt lat="42.649557" lon="141.535583"><ele>107</ele></trkpt>
    <trkpt lat="42.649395" lon="141.535475"><ele>107</ele></trkpt>
    <trkpt lat="42.649230" lon="141.535378"><ele>107</ele></trkpt>
    <trkpt lat="42.649065" lon="141.535281"><ele>108</ele></trkpt>
    <trkpt lat="42.648903" lon="141.535176"><ele>108</ele></trkpt>
    <trkpt lat="42.648740" lon="141.535073"><ele>108</ele></trkpt>
    <trkpt lat="42.648577" lon="141.534968"><ele>108</ele></trkpt>
    <trkpt lat="42.648411" lon="141.534874"><ele>108</ele></trkpt>
    <trkpt lat="42.648249" lon="141.534767"><ele>108</ele></trkpt>
    <trkpt lat="42.648085" lon="141.534667"><ele>108</ele></trkpt>
    <trkpt lat="42.647921" lon="141.534568"><ele>108</ele></trkpt>
    <trkpt lat="42.647756" lon="141.534470"><ele>109</ele></trkpt>
    <trkpt lat="42.647592" lon="141.534370"><ele>109</ele></trkpt>
    <trkpt lat="42.647426" lon="141.534275"><ele>109</ele></trkpt>
    <trkpt lat="42.647262" lon="141.534174"><ele>109</ele></trkpt>
    <trkpt lat="42.647097" lon="141.534078"><ele>109</ele></trkpt>
    <trkpt lat="42.646933" lon="141.533976"><ele>109</ele></trkpt>
    <trkpt lat="42.646772" lon="141.533869"><ele>109</ele></trkpt>
    <trkpt lat="42.646609" lon="141.533766"><ele>109</ele></trkpt>
    <trkpt lat="42.646443" lon="141.533669"><ele>110</ele></trkpt>
    <trkpt lat="42.646278" lon="141.533573"><ele>110</ele></trkpt>
    <trkpt lat="42.646113" lon="141.533477"><ele>110</ele></trkpt>
    <trkpt lat="42.645950" lon="141.533371"><ele>110</ele></trkpt>
    <trkpt lat="42.645789" lon="141.533264"><ele>110</ele></trkpt>
    <trkpt lat="42.645623" lon="141.533168"><ele>110</ele></trkpt>
    <trkpt lat="42.645461" lon="141.533062"><ele>110</ele></trkpt>
    <trkpt lat="42.645297" lon="141.532963"><ele>110</ele></trkpt>
    <trkpt lat="42.645134" lon="141.532858"><ele>111</ele></trkpt>
    <trkpt lat="42.644969" lon="141.532762"><ele>111</ele></trkpt>
    <trkpt lat="42.644805" lon="141.532662"><ele>111</ele></trkpt>
    <trkpt lat="42.644640" lon="141.532564"><ele>111</ele></trkpt>
    <trkpt lat="42.644474" lon="141.532469"><ele>111</ele></trkpt>
    <trkpt lat="42.644313" lon="141.532362"><ele>111</ele></trkpt>
    <trkpt lat="42.644151" lon="141.532255"><ele>111</ele></trkpt>
    <trkpt lat="42.643985" lon="141.532160"><ele>111</ele></trkpt>
    <trkpt lat="42.643823" lon="141.532054"><ele>112</ele></trkpt>
    <trkpt lat="42.643657" lon="141.531959"><ele>112</ele></trkpt>
    <trkpt lat="42.643494" lon="141.531856"><ele>112</ele></trkpt>
    <trkpt lat="42.643331" lon="141.531753"><ele>112</ele></trkpt>
    <trkpt lat="42.643167" lon="141.531653"><ele>112</ele></trkpt>
    <trkpt lat="42.643004" lon="141.531548"><ele>112</ele></trkpt>
    <trkpt lat="42.642841" lon="141.531445"><ele>112</ele></trkpt>
    <trkpt lat="42.642677" lon="141.531347"><ele>112</ele></trkpt>
    <trkpt lat="42.642512" lon="141.531247"><ele>113</ele></trkpt>
    <trkpt lat="42.642351" lon="141.531140"><ele>113</ele></trkpt>
    <trkpt lat="42.642186" lon="141.531042"><ele>113</ele></trkpt>
    <trkpt lat="42.642021" lon="141.530944"><ele>113</ele></trkpt>
    <trkpt lat="42.641859" lon="141.530838"><ele>113</ele></trkpt>
    <trkpt lat="42.641694" lon="141.530739"><ele>113</ele></trkpt>
    <trkpt lat="42.641530" lon="141.530641"><ele>113</ele></trkpt>
    <trkpt lat="42.641363" lon="141.530548"><ele>113</ele></trkpt>
    <trkpt lat="42.641201" lon="141.530444"><ele>113</ele></trkpt>
    <trkpt lat="42.641038" lon="141.530340"><ele>114</ele></trkpt>
    <trkpt lat="42.640874" lon="141.530238"><ele>114</ele></trkpt>
    <trkpt lat="42.640711" lon="141.530136"><ele>114</ele></trkpt>
    <trkpt lat="42.640546" lon="141.530039"><ele>114</ele></trkpt>
    <trkpt lat="42.640381" lon="141.529940"><ele>114</ele></trkpt>
    <trkpt lat="42.640216" lon="141.529845"><ele>114</ele></trkpt>
    <trkpt lat="42.640052" lon="141.529743"><ele>114</ele></trkpt>
    <trkpt lat="42.639888" lon="141.529643"><ele>114</ele></trkpt>
    <trkpt lat="42.639726" lon="141.529538"><ele>115</ele></trkpt>
    <trkpt lat="42.639561" lon="141.529438"><ele>115</ele></trkpt>
    <trkpt lat="42.639396" lon="141.529343"><ele>115</ele></trkpt>
    <trkpt lat="42.639233" lon="141.529238"><ele>115</ele></trkpt>
    <trkpt lat="42.639067" lon="141.529145"><ele>115</ele></trkpt>
    <trkpt lat="42.638904" lon="141.529040"><ele>115</ele></trkpt>
    <trkpt lat="42.638742" lon="141.528934"><ele>115</ele></trkpt>
    <trkpt lat="42.638578" lon="141.528835"><ele>115</ele></trkpt>
    <trkpt lat="42.638415" lon="141.528730"><ele>116</ele></trkpt>
    <trkpt lat="42.638254" lon="141.528623"><ele>116</ele></trkpt>
    <trkpt lat="42.638091" lon="141.528518"><ele>116</ele></trkpt>
    <trkpt lat="42.637925" lon="141.528424"><ele>116</ele></trkpt>
    <trkpt lat="42.637760" lon="141.528328"><ele>116</ele></trkpt>
    <trkpt lat="42.637596" lon="141.528228"><ele>116</ele></trkpt>
    <trkpt lat="42.637431" lon="141.528130"><ele>116</ele></trkpt>
    <trkpt lat="42.637268" lon="141.528027"><ele>116</ele></trkpt>
    <trkpt lat="42.637105" lon="141.527924"><ele>117</ele></trkpt>
    <trkpt lat="42.636942" lon="141.527820"><ele>117</ele></trkpt>
    <trkpt lat="42.636777" lon="141.527722"><ele>117</ele></trkpt>
    <trkpt lat="42.636612" lon="141.527624"><ele>117</ele></trkpt>
    <trkpt lat="42.636451" lon="141.527516"><ele>117</ele></trkpt>
    <trkpt lat="42.636285" lon="141.527420"><ele>117</ele></trkpt>
    <trkpt lat="42.636119" lon="141.527327"><ele>117</ele></trkpt>
    <trkpt lat="42.635958" lon="141.527220"><ele>117</ele></trkpt>
    <trkpt lat="42.635795" lon="141.527117"><ele>118</ele></trkpt>
    <trkpt lat="42.635631" lon="141.527016"><ele>118</ele></trkpt>
    <trkpt lat="42.635468" lon="141.526911"><ele>118</ele></trkpt>
    <trkpt lat="42.635304" lon="141.526812"><ele>118</ele></trkpt>
    <trkpt lat="42.635141" lon="141.526707"><ele>118</ele></trkpt>
    <trkpt lat="42.634977" lon="141.526609"><ele>118</ele></trkpt>
    <trkpt lat="42.634814" lon="141.526505"><ele>118</ele></trkpt>
    <trkpt lat="42.634649" lon="141.526406"><ele>118</ele></trkpt>
    <trkpt lat="42.634483" lon="141.526312"><ele>118</ele></trkpt>
    <trkpt lat="42.634320" lon="141.526210"><ele>119</ele></trkpt>
    <trkpt lat="42.634154" lon="141.526115"><ele>119</ele></trkpt>
    <trkpt lat="42.633992" lon="141.526008"><ele>119</ele></trkpt>
    <trkpt lat="42.633828" lon="141.525910"><ele>119</ele></trkpt>
    <trkpt lat="42.633662" lon="141.525815"><ele>119</ele></trkpt>
    <trkpt lat="42.633497" lon="141.525718"><ele>119</ele></trkpt>
    <trkpt lat="42.633333" lon="141.525617"><ele>119</ele></trkpt>
    <trkpt lat="42.633169" lon="141.525515"><ele>119</ele></trkpt>
    <trkpt lat="42.633006" lon="141.525412"><ele>120</ele></trkpt>
    <trkpt lat="42.632844" lon="141.525306"><ele>120</ele></trkpt>
    <trkpt lat="42.632681" lon="141.525202"><ele>120</ele></trkpt>
    <trkpt lat="42.632517" lon="141.525102"><ele>120</ele></trkpt>
    <trkpt lat="42.632354" lon="141.525000"><ele>120</ele></trkpt>
    <trkpt lat="42.632190" lon="141.524900"><ele>120</ele></trkpt>
    <trkpt lat="42.632028" lon="141.524792"><ele>120</ele></trkpt>
    <trkpt lat="42.631864" lon="141.524693"><ele>120</ele></trkpt>
    <trkpt lat="42.631700" lon="141.524592"><ele>120</ele></trkpt>
    <trkpt lat="42.631536" lon="141.524493"><ele>121</ele></trkpt>
    <trkpt lat="42.631369" lon="141.524400"><ele>121</ele></trkpt>
    <trkpt lat="42.631206" lon="141.524298"><ele>121</ele></trkpt>
    <trkpt lat="42.631042" lon="141.524199"><ele>121</ele></trkpt>
    <trkpt lat="42.630878" lon="141.524096"><ele>121</ele></trkpt>
    <trkpt lat="42.630714" lon="141.523996"><ele>121</ele></trkpt>
    <trkpt lat="42.630552" lon="141.523891"><ele>121</ele></trkpt>
    <trkpt lat="42.630388" lon="141.523790"><ele>121</ele></trkpt>
    <trkpt lat="42.630222" lon="141.523695"><ele>122</ele></trkpt>
    <trkpt lat="42.630057" lon="141.523599"><ele>122</ele></trkpt>
    <trkpt lat="42.629893" lon="141.523499"><ele>122</ele></trkpt>
    <trkpt lat="42.629730" lon="141.523395"><ele>122</ele></trkpt>
    <trkpt lat="42.629565" lon="141.523299"><ele>122</ele></trkpt>
    <trkpt lat="42.629399" lon="141.523202"><ele>122</ele></trkpt>
    <trkpt lat="42.629237" lon="141.523098"><ele>122</ele></trkpt>
    <trkpt lat="42.629074" lon="141.522995"><ele>122</ele></trkpt>
    <trkpt lat="42.628910" lon="141.522894"><ele>122</ele></trkpt>
    <trkpt lat="42.628744" lon="141.522798"><ele>123</ele></trkpt>
    <trkpt lat="42.628582" lon="141.522693"><ele>123</ele></trkpt>
    <trkpt lat="42.628418" lon="141.522593"><ele>123</ele></trkpt>
    <trkpt lat="42.628253" lon="141.522493"><ele>123</ele></trkpt>
    <trkpt lat="42.628090" lon="141.522392"><ele>123</ele></trkpt>
    <trkpt lat="42.627925" lon="141.522295"><ele>123</ele></trkpt>
    <trkpt lat="42.627761" lon="141.522194"><ele>123</ele></trkpt>
    <trkpt lat="42.627596" lon="141.522095"><ele>123</ele></trkpt>
    <trkpt lat="42.627434" lon="141.521990"><ele>124</ele></trkpt>
    <trkpt lat="42.627271" lon="141.521887"><ele>124</ele></trkpt>
    <trkpt lat="42.627109" lon="141.521782"><ele>124</ele></trkpt>
    <trkpt lat="42.626942" lon="141.521688"><ele>124</ele></trkpt>
    <trkpt lat="42.626777" lon="141.521592"><ele>124</ele></trkpt>
    <trkpt lat="42.626615" lon="141.521487"><ele>124</ele></trkpt>
    <trkpt lat="42.626452" lon="141.521384"><ele>124</ele></trkpt>
    <trkpt lat="42.626288" lon="141.521281"><ele>124</ele></trkpt>
    <trkpt lat="42.626125" lon="141.521180"><ele>124</ele></trkpt>
    <trkpt lat="42.625961" lon="141.521078"><ele>125</ele></trkpt>
    <trkpt lat="42.625796" lon="141.520981"><ele>125</ele></trkpt>
    <trkpt lat="42.625634" lon="141.520874"><ele>125</ele></trkpt>
    <trkpt lat="42.625471" lon="141.520772"><ele>125</ele></trkpt>
    <trkpt lat="42.625305" lon="141.520676"><ele>125</ele></trkpt>
    <trkpt lat="42.625139" lon="141.520583"><ele>125</ele></trkpt>
    <trkpt lat="42.624977" lon="141.520476"><ele>125</ele></trkpt>
    <trkpt lat="42.624815" lon="141.520372"><ele>125</ele></trkpt>
    <trkpt lat="42.624651" lon="141.520272"><ele>126</ele></trkpt>
    <trkpt lat="42.624486" lon="141.520172"><ele>126</ele></trkpt>
    <trkpt lat="42.624321" lon="141.520075"><ele>126</ele></trkpt>
    <trkpt lat="42.624158" lon="141.519972"><ele>126</ele></trkpt>
    <trkpt lat="42.623993" lon="141.519874"><ele>126</ele></trkpt>
    <trkpt lat="42.623829" lon="141.519776"><ele>126</ele></trkpt>
    <trkpt lat="42.623665" lon="141.519675"><ele>126</ele></trkpt>
    <trkpt lat="42.623501" lon="141.519575"><ele>126</ele></trkpt>
    <trkpt lat="42.623336" lon="141.519476"><ele>126</ele></trkpt>
    <trkpt lat="42.623172" lon="141.519375"><ele>127</ele></trkpt>
    <trkpt lat="42.623008" lon="141.519275"><ele>127</ele></trkpt>
    <trkpt lat="42.622846" lon="141.519171"><ele>127</ele></trkpt>
    <trkpt lat="42.622683" lon="141.519065"><ele>127</ele></trkpt>
    <trkpt lat="42.622522" lon="141.518957"><ele>127</ele></trkpt>
    <trkpt lat="42.622361" lon="141.518849"><ele>127</ele></trkpt>
    <trkpt lat="42.622199" lon="141.518742"><ele>127</ele></trkpt>
    <trkpt lat="42.622035" lon="141.518641"><ele>127</ele></trkpt>
    <trkpt lat="42.621871" lon="141.518542"><ele>127</ele></trkpt>
    <trkpt lat="42.621709" lon="141.518435"><ele>128</ele></trkpt>
    <trkpt lat="42.621546" lon="141.518332"><ele>128</ele></trkpt>
    <trkpt lat="42.621383" lon="141.518229"><ele>128</ele></trkpt>
    <trkpt lat="42.621217" lon="141.518136"><ele>128</ele></trkpt>
    <trkpt lat="42.621055" lon="141.518028"><ele>128</ele></trkpt>
    <trkpt lat="42.620891" lon="141.517927"><ele>128</ele></trkpt>
    <trkpt lat="42.620725" lon="141.517833"><ele>128</ele></trkpt>
    <trkpt lat="42.620560" lon="141.517735"><ele>128</ele></trkpt>
    <trkpt lat="42.620397" lon="141.517634"><ele>128</ele></trkpt>
    <trkpt lat="42.620231" lon="141.517538"><ele>129</ele></trkpt>
    <trkpt lat="42.620069" lon="141.517434"><ele>129</ele></trkpt>
    <trkpt lat="42.619903" lon="141.517339"><ele>129</ele></trkpt>
    <trkpt lat="42.619741" lon="141.517234"><ele>129</ele></trkpt>
    <trkpt lat="42.619577" lon="141.517131"><ele>129</ele></trkpt>
    <trkpt lat="42.619414" lon="141.517028"><ele>129</ele></trkpt>
    <trkpt lat="42.619249" lon="141.516930"><ele>129</ele></trkpt>
    <trkpt lat="42.619088" lon="141.516823"><ele>129</ele></trkpt>
    <trkpt lat="42.618926" lon="141.516715"><ele>129</ele></trkpt>
    <trkpt lat="42.618763" lon="141.516612"><ele>130</ele></trkpt>
    <trkpt lat="42.618599" lon="141.516514"><ele>130</ele></trkpt>
    <trkpt lat="42.618434" lon="141.516414"><ele>130</ele></trkpt>
    <trkpt lat="42.618271" lon="141.516312"><ele>130</ele></trkpt>
    <trkpt lat="42.618108" lon="141.516208"><ele>130</ele></trkpt>
    <trkpt lat="42.617946" lon="141.516103"><ele>130</ele></trkpt>
    <trkpt lat="42.617783" lon="141.516000"><ele>130</ele></trkpt>
    <trkpt lat="42.617620" lon="141.515896"><ele>130</ele></trkpt>
    <trkpt lat="42.617456" lon="141.515794"><ele>130</ele></trkpt>
    <trkpt lat="42.617295" lon="141.515686"><ele>131</ele></trkpt>
    <trkpt lat="42.617131" lon="141.515584"><ele>131</ele></trkpt>
    <trkpt lat="42.616966" lon="141.515489"><ele>131</ele></trkpt>
    <trkpt lat="42.616801" lon="141.515392"><ele>131</ele></trkpt>
    <trkpt lat="42.616638" lon="141.515288"><ele>131</ele></trkpt>
    <trkpt lat="42.616475" lon="141.515184"><ele>131</ele></trkpt>
    <trkpt lat="42.616314" lon="141.515076"><ele>131</ele></trkpt>
    <trkpt lat="42.616148" lon="141.514981"><ele>131</ele></trkpt>
    <trkpt lat="42.615985" lon="141.514879"><ele>131</ele></trkpt>
    <trkpt lat="42.615821" lon="141.514779"><ele>132</ele></trkpt>
    <trkpt lat="42.615655" lon="141.514683"><ele>132</ele></trkpt>
    <trkpt lat="42.615489" lon="141.514589"><ele>132</ele></trkpt>
    <trkpt lat="42.615327" lon="141.514485"><ele>132</ele></trkpt>
    <trkpt lat="42.615164" lon="141.514379"><ele>132</ele></trkpt>
    <trkpt lat="42.615003" lon="141.514271"><ele>132</ele></trkpt>
    <trkpt lat="42.614839" lon="141.514170"><ele>132</ele></trkpt>
    <trkpt lat="42.614951" lon="141.513979"><ele>132</ele></trkpt>
    <trkpt lat="42.615063" lon="141.513788"><ele>132</ele></trkpt>
    <trkpt lat="42.615183" lon="141.513606"><ele>133</ele></trkpt>
    <trkpt lat="42.615296" lon="141.513416"><ele>133</ele></trkpt>
    <trkpt lat="42.615413" lon="141.513230"><ele>133</ele></trkpt>
    <trkpt lat="42.615529" lon="141.513043"><ele>133</ele></trkpt>
    <trkpt lat="42.615648" lon="141.512860"><ele>133</ele></trkpt>
    <trkpt lat="42.615769" lon="141.512679"><ele>133</ele></trkpt>
    <trkpt lat="42.615883" lon="141.512489"><ele>133</ele></trkpt>
    <trkpt lat="42.615999" lon="141.512303"><ele>133</ele></trkpt>
    <trkpt lat="42.616114" lon="141.512115"><ele>133</ele></trkpt>
    <trkpt lat="42.616235" lon="141.511934"><ele>134</ele></trkpt>
    <trkpt lat="42.616351" lon="141.511747"><ele>134</ele></trkpt>
    <trkpt lat="42.616464" lon="141.511557"><ele>134</ele></trkpt>
    <trkpt lat="42.616577" lon="141.511367"><ele>134</ele></trkpt>
    <trkpt lat="42.616695" lon="141.511183"><ele>134</ele></trkpt>
    <trkpt lat="42.616815" lon="141.511000"><ele>134</ele></trkpt>
    <trkpt lat="42.616936" lon="141.510819"><ele>134</ele></trkpt>
    <trkpt lat="42.617052" lon="141.510633"><ele>134</ele></trkpt>
    <trkpt lat="42.617170" lon="141.510448"><ele>134</ele></trkpt>
    <trkpt lat="42.617284" lon="141.510260"><ele>135</ele></trkpt>
    <trkpt lat="42.617400" lon="141.510072"><ele>135</ele></trkpt>
    <trkpt lat="42.617519" lon="141.509889"><ele>135</ele></trkpt>
    <trkpt lat="42.617637" lon="141.509704"><ele>135</ele></trkpt>
    <trkpt lat="42.617755" lon="141.509520"><ele>135</ele></trkpt>
    <trkpt lat="42.617867" lon="141.509329"><ele>135</ele></trkpt>
    <trkpt lat="42.617982" lon="141.509142"><ele>135</ele></trkpt>
    <trkpt lat="42.618100" lon="141.508956"><ele>135</ele></trkpt>
    <trkpt lat="42.618213" lon="141.508766"><ele>135</ele></trkpt>
    <trkpt lat="42.618333" lon="141.508585"><ele>136</ele></trkpt>
    <trkpt lat="42.618447" lon="141.508396"><ele>136</ele></trkpt>
    <trkpt lat="42.618562" lon="141.508207"><ele>136</ele></trkpt>
    <trkpt lat="42.618679" lon="141.508022"><ele>136</ele></trkpt>
    <trkpt lat="42.618792" lon="141.507831"><ele>136</ele></trkpt>
    <trkpt lat="42.618910" lon="141.507648"><ele>136</ele></trkpt>
    <trkpt lat="42.619024" lon="141.507458"><ele>136</ele></trkpt>
    <trkpt lat="42.619141" lon="141.507272"><ele>136</ele></trkpt>
    <trkpt lat="42.619261" lon="141.507091"><ele>136</ele></trkpt>
    <trkpt lat="42.619378" lon="141.506905"><ele>136</ele></trkpt>
    <trkpt lat="42.619492" lon="141.506716"><ele>137</ele></trkpt>
    <trkpt lat="42.619605" lon="141.506525"><ele>137</ele></trkpt>
    <trkpt lat="42.619723" lon="141.506341"><ele>137</ele></trkpt>
    <trkpt lat="42.619841" lon="141.506157"><ele>137</ele></trkpt>
    <trkpt lat="42.619955" lon="141.505968"><ele>137</ele></trkpt>
    <trkpt lat="42.620069" lon="141.505779"><ele>137</ele></trkpt>
    <trkpt lat="42.620183" lon="141.505590"><ele>137</ele></trkpt>
    <trkpt lat="42.620301" lon="141.505406"><ele>137</ele></trkpt>
    <trkpt lat="42.620413" lon="141.505214"><ele>137</ele></trkpt>
    <trkpt lat="42.620529" lon="141.505027"><ele>138</ele></trkpt>
    <trkpt lat="42.620650" lon="141.504846"><ele>138</ele></trkpt>
    <trkpt lat="42.620769" lon="141.504663"><ele>138</ele></trkpt>
    <trkpt lat="42.620883" lon="141.504473"><ele>138</ele></trkpt>
    <trkpt lat="42.621001" lon="141.504290"><ele>138</ele></trkpt>
    <trkpt lat="42.621119" lon="141.504105"><ele>138</ele></trkpt>
    <trkpt lat="42.621234" lon="141.503917"><ele>138</ele></trkpt>
    <trkpt lat="42.621349" lon="141.503728"><ele>138</ele></trkpt>
    <trkpt lat="42.621464" lon="141.503541"><ele>138</ele></trkpt>
    <trkpt lat="42.621584" lon="141.503359"><ele>139</ele></trkpt>
    <trkpt lat="42.621700" lon="141.503173"><ele>139</ele></trkpt>
    <trkpt lat="42.621553" lon="141.503033"><ele>139</ele></trkpt>
    <trkpt lat="42.621402" lon="141.502900"><ele>139</ele></trkpt>
    <trkpt lat="42.621253" lon="141.502762"><ele>139</ele></trkpt>
    <trkpt lat="42.621102" lon="141.502629"><ele>139</ele></trkpt>
    <trkpt lat="42.620957" lon="141.502485"><ele>139</ele></trkpt>
    <trkpt lat="42.620811" lon="141.502342"><ele>139</ele></trkpt>
    <trkpt lat="42.620662" lon="141.502205"><ele>139</ele></trkpt>
    <trkpt lat="42.620512" lon="141.502071"><ele>139</ele></trkpt>
    <trkpt lat="42.620366" lon="141.501928"><ele>140</ele></trkpt>
    <trkpt lat="42.620217" lon="141.501790"><ele>140</ele></trkpt>
    <trkpt lat="42.620070" lon="141.501650"><ele>140</ele></trkpt>
    <trkpt lat="42.619924" lon="141.501507"><ele>140</ele></trkpt>
    <trkpt lat="42.619779" lon="141.501363"><ele>140</ele></trkpt>
    <trkpt lat="42.619632" lon="141.501222"><ele>140</ele></trkpt>
    <trkpt lat="42.619486" lon="141.501080"><ele>140</ele></trkpt>
    <trkpt lat="42.619337" lon="141.500941"><ele>140</ele></trkpt>
    <trkpt lat="42.619186" lon="141.500809"><ele>140</ele></trkpt>
    <trkpt lat="42.619040" lon="141.500666"><ele>140</ele></trkpt>
    <trkpt lat="42.618890" lon="141.500532"><ele>141</ele></trkpt>
    <trkpt lat="42.618740" lon="141.500397"><ele>141</ele></trkpt>
    <trkpt lat="42.618593" lon="141.500255"><ele>141</ele></trkpt>
    <trkpt lat="42.618445" lon="141.500116"><ele>141</ele></trkpt>
    <trkpt lat="42.618300" lon="141.499973"><ele>141</ele></trkpt>
    <trkpt lat="42.618152" lon="141.499833"><ele>141</ele></trkpt>
    <trkpt lat="42.618005" lon="141.499693"><ele>141</ele></trkpt>
    <trkpt lat="42.617855" lon="141.499559"><ele>141</ele></trkpt>
    <trkpt lat="42.617710" lon="141.499413"><ele>141</ele></trkpt>
    <trkpt lat="42.617565" lon="141.499269"><ele>142</ele></trkpt>
    <trkpt lat="42.617421" lon="141.499123"><ele>142</ele></trkpt>
    <trkpt lat="42.617272" lon="141.498986"><ele>142</ele></trkpt>
    <trkpt lat="42.617127" lon="141.498840"><ele>142</ele></trkpt>
    <trkpt lat="42.616980" lon="141.498701"><ele>142</ele></trkpt>
    <trkpt lat="42.616831" lon="141.498562"><ele>142</ele></trkpt>
    <trkpt lat="42.616681" lon="141.498427"><ele>142</ele></trkpt>
    <trkpt lat="42.616535" lon="141.498286"><ele>142</ele></trkpt>
    <trkpt lat="42.616389" lon="141.498143"><ele>142</ele></trkpt>
    <trkpt lat="42.616240" lon="141.498005"><ele>142</ele></trkpt>
    <trkpt lat="42.616095" lon="141.497861"><ele>143</ele></trkpt>
    <trkpt lat="42.615951" lon="141.497715"><ele>143</ele></trkpt>
    <trkpt lat="42.615801" lon="141.497579"><ele>143</ele></trkpt>
    <trkpt lat="42.615657" lon="141.497434"><ele>143</ele></trkpt>
    <trkpt lat="42.615510" lon="141.497292"><ele>143</ele></trkpt>
    <trkpt lat="42.615363" lon="141.497152"><ele>143</ele></trkpt>
    <trkpt lat="42.615217" lon="141.497009"><ele>143</ele></trkpt>
    <trkpt lat="42.615068" lon="141.496872"><ele>143</ele></trkpt>
    <trkpt lat="42.614919" lon="141.496734"><ele>143</ele></trkpt>
    <trkpt lat="42.614770" lon="141.496597"><ele>143</ele></trkpt>
    <trkpt lat="42.614621" lon="141.496462"><ele>144</ele></trkpt>
    <trkpt lat="42.614476" lon="141.496317"><ele>144</ele></trkpt>
    <trkpt lat="42.614328" lon="141.496178"><ele>144</ele></trkpt>
    <trkpt lat="42.614181" lon="141.496036"><ele>144</ele></trkpt>
    <trkpt lat="42.614034" lon="141.495896"><ele>144</ele></trkpt>
    <trkpt lat="42.613884" lon="141.495761"><ele>144</ele></trkpt>
    <trkpt lat="42.613738" lon="141.495618"><ele>144</ele></trkpt>
    <trkpt lat="42.613588" lon="141.495484"><ele>144</ele></trkpt>
    <trkpt lat="42.613442" lon="141.495341"><ele>144</ele></trkpt>
    <trkpt lat="42.613296" lon="141.495197"><ele>144</ele></trkpt>
    <trkpt lat="42.613147" lon="141.495061"><ele>145</ele></trkpt>
    <trkpt lat="42.612999" lon="141.494922"><ele>145</ele></trkpt>
    <trkpt lat="42.612850" lon="141.494785"><ele>145</ele></trkpt>
    <trkpt lat="42.612704" lon="141.494642"><ele>145</ele></trkpt>
    <trkpt lat="42.612555" lon="141.494506"><ele>145</ele></trkpt>
    <trkpt lat="42.612409" lon="141.494362"><ele>145</ele></trkpt>
    <trkpt lat="42.612260" lon="141.494226"><ele>145</ele></trkpt>
    <trkpt lat="42.612115" lon="141.494082"><ele>145</ele></trkpt>
    <trkpt lat="42.611971" lon="141.493936"><ele>145</ele></trkpt>
    <trkpt lat="42.611821" lon="141.493800"><ele>145</ele></trkpt>
    <trkpt lat="42.611671" lon="141.493665"><ele>146</ele></trkpt>
    <trkpt lat="42.611521" lon="141.493530"><ele>146</ele></trkpt>
    <trkpt lat="42.611376" lon="141.493385"><ele>146</ele></trkpt>
    <trkpt lat="42.611231" lon="141.493242"><ele>146</ele></trkpt>
    <trkpt lat="42.611085" lon="141.493098"><ele>146</ele></trkpt>
    <trkpt lat="42.610936" lon="141.492962"><ele>146</ele></trkpt>
    <trkpt lat="42.610786" lon="141.492826"><ele>146</ele></trkpt>
    <trkpt lat="42.610635" lon="141.492693"><ele>146</ele></trkpt>
    <trkpt lat="42.610487" lon="141.492556"><ele>146</ele></trkpt>
    <trkpt lat="42.610339" lon="141.492417"><ele>146</ele></trkpt>
    <trkpt lat="42.610188" lon="141.492284"><ele>147</ele></trkpt>
    <trkpt lat="42.610037" lon="141.492150"><ele>147</ele></trkpt>
    <trkpt lat="42.609890" lon="141.492010"><ele>147</ele></trkpt>
    <trkpt lat="42.609742" lon="141.491871"><ele>147</ele></trkpt>
    <trkpt lat="42.609597" lon="141.491725"><ele>147</ele></trkpt>
    <trkpt lat="42.609452" lon="141.491582"><ele>147</ele></trkpt>
    <trkpt lat="42.609302" lon="141.491446"><ele>147</ele></trkpt>
    <trkpt lat="42.609158" lon="141.491300"><ele>147</ele></trkpt>
    <trkpt lat="42.609007" lon="141.491168"><ele>147</ele></trkpt>
    <trkpt lat="42.608858" lon="141.491032"><ele>147</ele></trkpt>
    <trkpt lat="42.608711" lon="141.490890"><ele>147</ele></trkpt>
    <trkpt lat="42.608567" lon="141.490744"><ele>148</ele></trkpt>
    <trkpt lat="42.608419" lon="141.490605"><ele>148</ele></trkpt>
    <trkpt lat="42.608274" lon="141.490460"><ele>148</ele></trkpt>
    <trkpt lat="42.608123" lon="141.490327"><ele>148</ele></trkpt>
    <trkpt lat="42.607974" lon="141.490190"><ele>148</ele></trkpt>
    <trkpt lat="42.607829" lon="141.490045"><ele>148</ele></trkpt>
    <trkpt lat="42.607684" lon="141.489901"><ele>148</ele></trkpt>
    <trkpt lat="42.607535" lon="141.489764"><ele>148</ele></trkpt>
    <trkpt lat="42.607391" lon="141.489618"><ele>148</ele></trkpt>
    <trkpt lat="42.607246" lon="141.489473"><ele>148</ele></trkpt>
    <trkpt lat="42.607101" lon="141.489328"><ele>149</ele></trkpt>
    <trkpt lat="42.606953" lon="141.489190"><ele>149</ele></trkpt>
    <trkpt lat="42.606805" lon="141.489051"><ele>149</ele></trkpt>
    <trkpt lat="42.606658" lon="141.488909"><ele>149</ele></trkpt>
    <trkpt lat="42.606513" lon="141.488765"><ele>149</ele></trkpt>
    <trkpt lat="42.606365" lon="141.488626"><ele>149</ele></trkpt>
    <trkpt lat="42.606216" lon="141.488491"><ele>149</ele></trkpt>
    <trkpt lat="42.606066" lon="141.488355"><ele>149</ele></trkpt>
    <trkpt lat="42.605919" lon="141.488213"><ele>149</ele></trkpt>
    <trkpt lat="42.605774" lon="141.488069"><ele>149</ele></trkpt>
    <trkpt lat="42.605630" lon="141.487924"><ele>150</ele></trkpt>
    <trkpt lat="42.605480" lon="141.487787"><ele>150</ele></trkpt>
    <trkpt lat="42.605332" lon="141.487649"><ele>150</ele></trkpt>
    <trkpt lat="42.605185" lon="141.487508"><ele>150</ele></trkpt>
    <trkpt lat="42.605034" lon="141.487375"><ele>150</ele></trkpt>
    <trkpt lat="42.604888" lon="141.487234"><ele>150</ele></trkpt>
    <trkpt lat="42.604739" lon="141.487097"><ele>150</ele></trkpt>
    <trkpt lat="42.604592" lon="141.486956"><ele>150</ele></trkpt>
    <trkpt lat="42.604446" lon="141.486812"><ele>150</ele></trkpt>
    <trkpt lat="42.604296" lon="141.486677"><ele>150</ele></trkpt>
    <trkpt lat="42.604151" lon="141.486533"><ele>150</ele></trkpt>
    <trkpt lat="42.604001" lon="141.486398"><ele>151</ele></trkpt>
    <trkpt lat="42.603851" lon="141.486264"><ele>151</ele></trkpt>
    <trkpt lat="42.603702" lon="141.486127"><ele>151</ele></trkpt>
    <trkpt lat="42.603553" lon="141.485990"><ele>151</ele></trkpt>
    <trkpt lat="42.603403" lon="141.485854"><ele>151</ele></trkpt>
    <trkpt lat="42.603254" lon="141.485718"><ele>151</ele></trkpt>
    <trkpt lat="42.603105" lon="141.485581"><ele>151</ele></trkpt>
    <trkpt lat="42.602959" lon="141.485438"><ele>151</ele></trkpt>
    <trkpt lat="42.602812" lon="141.485298"><ele>151</ele></trkpt>
    <trkpt lat="42.602666" lon="141.485155"><ele>151</ele></trkpt>
    <trkpt lat="42.602522" lon="141.485009"><ele>151</ele></trkpt>
    <trkpt lat="42.602372" lon="141.484873"><ele>152</ele></trkpt>
    <trkpt lat="42.602227" lon="141.484730"><ele>152</ele></trkpt>
    <trkpt lat="42.602079" lon="141.484589"><ele>152</ele></trkpt>
    <trkpt lat="42.601932" lon="141.484448"><ele>152</ele></trkpt>
    <trkpt lat="42.601782" lon="141.484315"><ele>152</ele></trkpt>
    <trkpt lat="42.601635" lon="141.484174"><ele>152</ele></trkpt>
    <trkpt lat="42.601486" lon="141.484038"><ele>152</ele></trkpt>
    <trkpt lat="42.601337" lon="141.483899"><ele>152</ele></trkpt>
    <trkpt lat="42.601188" lon="141.483762"><ele>152</ele></trkpt>
    <trkpt lat="42.601042" lon="141.483620"><ele>152</ele></trkpt>
    <trkpt lat="42.600892" lon="141.483486"><ele>152</ele></trkpt>
    <trkpt lat="42.600746" lon="141.483343"><ele>153</ele></trkpt>
    <trkpt lat="42.600599" lon="141.483201"><ele>153</ele></trkpt>
    <trkpt lat="42.600454" lon="141.483058"><ele>153</ele></trkpt>
    <trkpt lat="42.600309" lon="141.482912"><ele>153</ele></trkpt>
    <trkpt lat="42.600160" lon="141.482776"><ele>153</ele></trkpt>
    <trkpt lat="42.600009" lon="141.482643"><ele>153</ele></trkpt>
    <trkpt lat="42.599864" lon="141.482498"><ele>153</ele></trkpt>
    <trkpt lat="42.599720" lon="141.482352"><ele>153</ele></trkpt>
    <trkpt lat="42.599573" lon="141.482211"><ele>153</ele></trkpt>
    <trkpt lat="42.599427" lon="141.482068"><ele>153</ele></trkpt>
    <trkpt lat="42.599279" lon="141.481929"><ele>153</ele></trkpt>
    <trkpt lat="42.599133" lon="141.481786"><ele>154</ele></trkpt>
    <trkpt lat="42.598984" lon="141.481651"><ele>154</ele></trkpt>
    <trkpt lat="42.598837" lon="141.481510"><ele>154</ele></trkpt>
    <trkpt lat="42.598692" lon="141.481365"><ele>154</ele></trkpt>
    <trkpt lat="42.598544" lon="141.481226"><ele>154</ele></trkpt>
    <trkpt lat="42.598400" lon="141.481080"><ele>154</ele></trkpt>
    <trkpt lat="42.598249" lon="141.480947"><ele>154</ele></trkpt>
    <trkpt lat="42.598104" lon="141.480803"><ele>154</ele></trkpt>
    <trkpt lat="42.597959" lon="141.480658"><ele>154</ele></trkpt>
    <trkpt lat="42.597812" lon="141.480518"><ele>154</ele></trkpt>
    <trkpt lat="42.597663" lon="141.480380"><ele>154</ele></trkpt>
    <trkpt lat="42.597514" lon="141.480243"><ele>155</ele></trkpt>
    <trkpt lat="42.597364" lon="141.480108"><ele>155</ele></trkpt>
    <trkpt lat="42.597219" lon="141.479964"><ele>155</ele></trkpt>
    <trkpt lat="42.597073" lon="141.479821"><ele>155</ele></trkpt>
    <trkpt lat="42.596929" lon="141.479675"><ele>155</ele></trkpt>
    <trkpt lat="42.596780" lon="141.479537"><ele>155</ele></trkpt>
    <trkpt lat="42.596636" lon="141.479391"><ele>155</ele></trkpt>
    <trkpt lat="42.596490" lon="141.479248"><ele>155</ele></trkpt>
    <trkpt lat="42.596342" lon="141.479110"><ele>155</ele></trkpt>
    <trkpt lat="42.596191" lon="141.478977"><ele>155</ele></trkpt>
    <trkpt lat="42.596042" lon="141.478840"><ele>155</ele></trkpt>
    <trkpt lat="42.595892" lon="141.478705"><ele>156</ele></trkpt>
    <trkpt lat="42.595745" lon="141.478565"><ele>156</ele></trkpt>
    <trkpt lat="42.595596" lon="141.478428"><ele>156</ele></trkpt>
    <trkpt lat="42.595445" lon="141.478295"><ele>156</ele></trkpt>
    <trkpt lat="42.595299" lon="141.478153"><ele>156</ele></trkpt>
    <trkpt lat="42.595154" lon="141.478008"><ele>156</ele></trkpt>
    <trkpt lat="42.595008" lon="141.477866"><ele>156</ele></trkpt>
    <trkpt lat="42.594862" lon="141.477722"><ele>156</ele></trkpt>
    <trkpt lat="42.594716" lon="141.477580"><ele>156</ele></trkpt>
    <trkpt lat="42.594568" lon="141.477441"><ele>156</ele></trkpt>
    <trkpt lat="42.594423" lon="141.477296"><ele>156</ele></trkpt>
    <trkpt lat="42.594278" lon="141.477151"><ele>157</ele></trkpt>
    <trkpt lat="42.594128" lon="141.477016"><ele>157</ele></trkpt>
    <trkpt lat="42.593983" lon="141.476871"><ele>157</ele></trkpt>
    <trkpt lat="42.593834" lon="141.476734"><ele>157</ele></trkpt>
    <trkpt lat="42.593687" lon="141.476594"><ele>157</ele></trkpt>
    <trkpt lat="42.593537" lon="141.476459"><ele>157</ele></trkpt>
    <trkpt lat="42.593391" lon="141.476317"><ele>157</ele></trkpt>
    <trkpt lat="42.593242" lon="141.476181"><ele>157</ele></trkpt>
    <trkpt lat="42.593095" lon="141.476039"><ele>157</ele></trkpt>
    <trkpt lat="42.592949" lon="141.475896"><ele>157</ele></trkpt>
    <trkpt lat="42.592803" lon="141.475753"><ele>157</ele></trkpt>
    <trkpt lat="42.592657" lon="141.475611"><ele>157</ele></trkpt>
    <trkpt lat="42.592507" lon="141.475476"><ele>158</ele></trkpt>
    <trkpt lat="42.592362" lon="141.475331"><ele>158</ele></trkpt>
    <trkpt lat="42.592213" lon="141.475195"><ele>158</ele></trkpt>
    <trkpt lat="42.592063" lon="141.475060"><ele>158</ele></trkpt>
    <trkpt lat="42.591914" lon="141.474924"><ele>158</ele></trkpt>
    <trkpt lat="42.591766" lon="141.474784"><ele>158</ele></trkpt>
    <trkpt lat="42.591622" lon="141.474639"><ele>158</ele></trkpt>
    <trkpt lat="42.591474" lon="141.474498"><ele>158</ele></trkpt>
    <trkpt lat="42.591325" lon="141.474362"><ele>158</ele></trkpt>
    <trkpt lat="42.591177" lon="141.474223"><ele>158</ele></trkpt>
    <trkpt lat="42.591029" lon="141.474084"><ele>158</ele></trkpt>
    <trkpt lat="42.590879" lon="141.473949"><ele>158</ele></trkpt>
    <trkpt lat="42.590729" lon="141.473815"><ele>159</ele></trkpt>
    <trkpt lat="42.590579" lon="141.473679"><ele>159</ele></trkpt>
    <trkpt lat="42.590429" lon="141.473546"><ele>159</ele></trkpt>
    <trkpt lat="42.590278" lon="141.473413"><ele>159</ele></trkpt>
    <trkpt lat="42.590134" lon="141.473267"><ele>159</ele></trkpt>
    <trkpt lat="42.589988" lon="141.473123"><ele>159</ele></trkpt>
    <trkpt lat="42.589843" lon="141.472980"><ele>159</ele></trkpt>
    <trkpt lat="42.589694" lon="141.472843"><ele>159</ele></trkpt>
    <trkpt lat="42.589545" lon="141.472706"><ele>159</ele></trkpt>
    <trkpt lat="42.589398" lon="141.472564"><ele>159</ele></trkpt>
    <trkpt lat="42.589252" lon="141.472423"><ele>159</ele></trkpt>
    <trkpt lat="42.589103" lon="141.472285"><ele>159</ele></trkpt>
    <trkpt lat="42.588955" lon="141.472146"><ele>160</ele></trkpt>
    <trkpt lat="42.588807" lon="141.472008"><ele>160</ele></trkpt>
    <trkpt lat="42.588657" lon="141.471872"><ele>160</ele></trkpt>
    <trkpt lat="42.588509" lon="141.471733"><ele>160</ele></trkpt>
    <trkpt lat="42.588359" lon="141.471600"><ele>160</ele></trkpt>
    <trkpt lat="42.588211" lon="141.471460"><ele>160</ele></trkpt>
    <trkpt lat="42.588066" lon="141.471316"><ele>160</ele></trkpt>
    <trkpt lat="42.587916" lon="141.471181"><ele>160</ele></trkpt>
    <trkpt lat="42.587768" lon="141.471041"><ele>160</ele></trkpt>
    <trkpt lat="42.587624" lon="141.470895"><ele>160</ele></trkpt>
    <trkpt lat="42.587478" lon="141.470753"><ele>160</ele></trkpt>
    <trkpt lat="42.587333" lon="141.470608"><ele>160</ele></trkpt>
    <trkpt lat="42.587189" lon="141.470463"><ele>161</ele></trkpt>
    <trkpt lat="42.587038" lon="141.470330"><ele>161</ele></trkpt>
    <trkpt lat="42.586888" lon="141.470194"><ele>161</ele></trkpt>
    <trkpt lat="42.586743" lon="141.470049"><ele>161</ele></trkpt>
    <trkpt lat="42.586598" lon="141.469906"><ele>161</ele></trkpt>
    <trkpt lat="42.586453" lon="141.469761"><ele>161</ele></trkpt>
    <trkpt lat="42.586307" lon="141.469618"><ele>161</ele></trkpt>
    <trkpt lat="42.586156" lon="141.469486"><ele>161</ele></trkpt>
    <trkpt lat="42.586007" lon="141.469348"><ele>161</ele></trkpt>
    <trkpt lat="42.585860" lon="141.469208"><ele>161</ele></trkpt>
    <trkpt lat="42.585710" lon="141.469073"><ele>161</ele></trkpt>
    <trkpt lat="42.585560" lon="141.468939"><ele>161</ele></trkpt>
    <trkpt lat="42.585409" lon="141.468806"><ele>162</ele></trkpt>
    <trkpt lat="42.585258" lon="141.468672"><ele>162</ele></trkpt>
    <trkpt lat="42.585111" lon="141.468532"><ele>162</ele></trkpt>
    <trkpt lat="42.584960" lon="141.468400"><ele>162</ele></trkpt>
    <trkpt lat="42.584815" lon="141.468254"><ele>162</ele></trkpt>
    <trkpt lat="42.584669" lon="141.468111"><ele>162</ele></trkpt>
    <trkpt lat="42.584522" lon="141.467970"><ele>162</ele></trkpt>
    <trkpt lat="42.584375" lon="141.467831"><ele>162</ele></trkpt>
    <trkpt lat="42.584224" lon="141.467698"><ele>162</ele></trkpt>
    <trkpt lat="42.584077" lon="141.467556"><ele>162</ele></trkpt>
    <trkpt lat="42.583931" lon="141.467414"><ele>162</ele></trkpt>
    <trkpt lat="42.583780" lon="141.467280"><ele>162</ele></trkpt>
    <trkpt lat="42.583631" lon="141.467144"><ele>163</ele></trkpt>
    <trkpt lat="42.583484" lon="141.467004"><ele>163</ele></trkpt>
    <trkpt lat="42.583334" lon="141.466869"><ele>163</ele></trkpt>
    <trkpt lat="42.583186" lon="141.466730"><ele>163</ele></trkpt>
    <trkpt lat="42.583036" lon="141.466595"><ele>163</ele></trkpt>
    <trkpt lat="42.582889" lon="141.466455"><ele>163</ele></trkpt>
    <trkpt lat="42.582744" lon="141.466309"><ele>163</ele></trkpt>
    <trkpt lat="42.582596" lon="141.466170"><ele>163</ele></trkpt>
    <trkpt lat="42.582448" lon="141.466033"><ele>163</ele></trkpt>
    <trkpt lat="42.582299" lon="141.465896"><ele>163</ele></trkpt>
    <trkpt lat="42.582149" lon="141.465761"><ele>163</ele></trkpt>
    <trkpt lat="42.582000" lon="141.465624"><ele>163</ele></trkpt>
    <trkpt lat="42.581856" lon="141.465478"><ele>163</ele></trkpt>
    <trkpt lat="42.581708" lon="141.465338"><ele>164</ele></trkpt>
    <trkpt lat="42.581557" lon="141.465205"><ele>164</ele></trkpt>
    <trkpt lat="42.581406" lon="141.465073"><ele>164</ele></trkpt>
    <trkpt lat="42.581262" lon="141.464927"><ele>164</ele></trkpt>
    <trkpt lat="42.581116" lon="141.464785"><ele>164</ele></trkpt>
    <trkpt lat="42.580969" lon="141.464644"><ele>164</ele></trkpt>
    <trkpt lat="42.580820" lon="141.464506"><ele>164</ele></trkpt>
    <trkpt lat="42.580672" lon="141.464368"><ele>164</ele></trkpt>
    <trkpt lat="42.580522" lon="141.464233"><ele>164</ele></trkpt>
    <trkpt lat="42.580374" lon="141.464094"><ele>164</ele></trkpt>
    <trkpt lat="42.580225" lon="141.463957"><ele>164</ele></trkpt>
    <trkpt lat="42.580075" lon="141.463824"><ele>164</ele></trkpt>
    <trkpt lat="42.579929" lon="141.463681"><ele>164</ele></trkpt>
    <trkpt lat="42.579778" lon="141.463548"><ele>165</ele></trkpt>
    <trkpt lat="42.579631" lon="141.463407"><ele>165</ele></trkpt>
    <trkpt lat="42.579482" lon="141.463270"><ele>165</ele></trkpt>
    <trkpt lat="42.579332" lon="141.463135"><ele>165</ele></trkpt>
    <trkpt lat="42.579182" lon="141.463001"><ele>165</ele></trkpt>
    <trkpt lat="42.579031" lon="141.462868"><ele>165</ele></trkpt>
    <trkpt lat="42.578885" lon="141.462725"><ele>165</ele></trkpt>
    <trkpt lat="42.578734" lon="141.462593"><ele>165</ele></trkpt>
    <trkpt lat="42.578584" lon="141.462456"><ele>165</ele></trkpt>
    <trkpt lat="42.578439" lon="141.462314"><ele>165</ele></trkpt>
    <trkpt lat="42.578291" lon="141.462173"><ele>165</ele></trkpt>
    <trkpt lat="42.578143" lon="141.462035"><ele>165</ele></trkpt>
    <trkpt lat="42.577992" lon="141.461901"><ele>165</ele></trkpt>
    <trkpt lat="42.577853" lon="141.461747"><ele>166</ele></trkpt>
    <trkpt lat="42.577712" lon="141.461596"><ele>166</ele></trkpt>
    <trkpt lat="42.577575" lon="141.461437"><ele>166</ele></trkpt>
    <trkpt lat="42.577435" lon="141.461283"><ele>166</ele></trkpt>
    <trkpt lat="42.577301" lon="141.461122"><ele>166</ele></trkpt>
    <trkpt lat="42.577161" lon="141.460968"><ele>166</ele></trkpt>
    <trkpt lat="42.577020" lon="141.460817"><ele>166</ele></trkpt>
    <trkpt lat="42.576884" lon="141.460656"><ele>166</ele></trkpt>
    <trkpt lat="42.576748" lon="141.460496"><ele>166</ele></trkpt>
    <trkpt lat="42.576612" lon="141.460337"><ele>166</ele></trkpt>
    <trkpt lat="42.576477" lon="141.460175"><ele>166</ele></trkpt>
    <trkpt lat="42.576339" lon="141.460018"><ele>166</ele></trkpt>
    <trkpt lat="42.576205" lon="141.459855"><ele>166</ele></trkpt>
    <trkpt lat="42.576064" lon="141.459703"><ele>167</ele></trkpt>
    <trkpt lat="42.575926" lon="141.459547"><ele>167</ele></trkpt>
    <trkpt lat="42.575788" lon="141.459390"><ele>167</ele></trkpt>
    <trkpt lat="42.575653" lon="141.459230"><ele>167</ele></trkpt>
    <trkpt lat="42.575511" lon="141.459079"><ele>167</ele></trkpt>
    <trkpt lat="42.575373" lon="141.458923"><ele>167</ele></trkpt>
    <trkpt lat="42.575238" lon="141.458761"><ele>167</ele></trkpt>
    <trkpt lat="42.575099" lon="141.458607"><ele>167</ele></trkpt>
    <trkpt lat="42.574958" lon="141.458454"><ele>167</ele></trkpt>
    <trkpt lat="42.574824" lon="141.458291"><ele>167</ele></trkpt>
    <trkpt lat="42.574691" lon="141.458127"><ele>167</ele></trkpt>
    <trkpt lat="42.574550" lon="141.457975"><ele>167</ele></trkpt>
    <trkpt lat="42.574411" lon="141.457821"><ele>167</ele></trkpt>
    <trkpt lat="42.574275" lon="141.457660"><ele>167</ele></trkpt>
    <trkpt lat="42.574139" lon="141.457501"><ele>168</ele></trkpt>
    <trkpt lat="42.574002" lon="141.457343"><ele>168</ele></trkpt>
    <trkpt lat="42.573862" lon="141.457189"><ele>168</ele></trkpt>
    <trkpt lat="42.573724" lon="141.457032"><ele>168</ele></trkpt>
    <trkpt lat="42.573588" lon="141.456873"><ele>168</ele></trkpt>
    <trkpt lat="42.573447" lon="141.456721"><ele>168</ele></trkpt>
    <trkpt lat="42.573310" lon="141.456563"><ele>168</ele></trkpt>
    <trkpt lat="42.573171" lon="141.456407"><ele>168</ele></trkpt>
    <trkpt lat="42.573034" lon="141.456250"><ele>168</ele></trkpt>
    <trkpt lat="42.572900" lon="141.456087"><ele>168</ele></trkpt>
    <trkpt lat="42.572765" lon="141.455925"><ele>168</ele></trkpt>
    <trkpt lat="42.572632" lon="141.455761"><ele>168</ele></trkpt>
    <trkpt lat="42.572497" lon="141.455598"><ele>168</ele></trkpt>
    <trkpt lat="42.572364" lon="141.455435"><ele>168</ele></trkpt>
    <trkpt lat="42.572227" lon="141.455276"><ele>169</ele></trkpt>
    <trkpt lat="42.572087" lon="141.455123"><ele>169</ele></trkpt>
    <trkpt lat="42.571946" lon="141.454971"><ele>169</ele></trkpt>
    <trkpt lat="42.571810" lon="141.454812"><ele>169</ele></trkpt>
    <trkpt lat="42.571672" lon="141.454654"><ele>169</ele></trkpt>
    <trkpt lat="42.571532" lon="141.454501"><ele>169</ele></trkpt>
    <trkpt lat="42.571395" lon="141.454344"><ele>169</ele></trkpt>
    <trkpt lat="42.571255" lon="141.454191"><ele>169</ele></trkpt>
    <trkpt lat="42.571115" lon="141.454037"><ele>169</ele></trkpt>
    <trkpt lat="42.570974" lon="141.453885"><ele>169</ele></trkpt>
    <trkpt lat="42.570838" lon="141.453726"><ele>169</ele></trkpt>
    <trkpt lat="42.570697" lon="141.453574"><ele>169</ele></trkpt>
    <trkpt lat="42.570562" lon="141.453412"><ele>169</ele></trkpt>
    <trkpt lat="42.570429" lon="141.453248"><ele>169</ele></trkpt>
    <trkpt lat="42.570292" lon="141.453090"><ele>170</ele></trkpt>
    <trkpt lat="42.570152" lon="141.452937"><ele>170</ele></trkpt>
    <trkpt lat="42.570015" lon="141.452777"><ele>170</ele></trkpt>
    <trkpt lat="42.569874" lon="141.452626"><ele>170</ele></trkpt>
    <trkpt lat="42.569736" lon="141.452470"><ele>170</ele></trkpt>
    <trkpt lat="42.569600" lon="141.452311"><ele>170</ele></trkpt>
    <trkpt lat="42.569459" lon="141.452159"><ele>170</ele></trkpt>
    <trkpt lat="42.569321" lon="141.452001"><ele>170</ele></trkpt>
    <trkpt lat="42.569186" lon="141.451841"><ele>170</ele></trkpt>
    <trkpt lat="42.569050" lon="141.451680"><ele>170</ele></trkpt>
    <trkpt lat="42.568915" lon="141.451519"><ele>170</ele></trkpt>
    <trkpt lat="42.568778" lon="141.451360"><ele>170</ele></trkpt>
    <trkpt lat="42.568645" lon="141.451197"><ele>170</ele></trkpt>
    <trkpt lat="42.568508" lon="141.451038"><ele>170</ele></trkpt>
    <trkpt lat="42.568373" lon="141.450877"><ele>170</ele></trkpt>
    <trkpt lat="42.568232" lon="141.450725"><ele>171</ele></trkpt>
    <trkpt lat="42.568095" lon="141.450566"><ele>171</ele></trkpt>
    <trkpt lat="42.567960" lon="141.450406"><ele>171</ele></trkpt>
    <trkpt lat="42.567825" lon="141.450244"><ele>171</ele></trkpt>
    <trkpt lat="42.567687" lon="141.450087"><ele>171</ele></trkpt>
    <trkpt lat="42.567553" lon="141.449925"><ele>171</ele></trkpt>
    <trkpt lat="42.567415" lon="141.449769"><ele>171</ele></trkpt>
    <trkpt lat="42.567275" lon="141.449615"><ele>171</ele></trkpt>
    <trkpt lat="42.567137" lon="141.449458"><ele>171</ele></trkpt>
    <trkpt lat="42.567002" lon="141.449297"><ele>171</ele></trkpt>
    <trkpt lat="42.566864" lon="141.449140"><ele>171</ele></trkpt>
    <trkpt lat="42.566729" lon="141.448978"><ele>171</ele></trkpt>
    <trkpt lat="42.566588" lon="141.448826"><ele>171</ele></trkpt>
    <trkpt lat="42.566450" lon="141.448670"><ele>171</ele></trkpt>
    <trkpt lat="42.566313" lon="141.448512"><ele>171</ele></trkpt>
    <trkpt lat="42.566173" lon="141.448359"><ele>172</ele></trkpt>
    <trkpt lat="42.566033" lon="141.448206"><ele>172</ele></trkpt>
    <trkpt lat="42.565899" lon="141.448042"><ele>172</ele></trkpt>
    <trkpt lat="42.565758" lon="141.447891"><ele>172</ele></trkpt>
    <trkpt lat="42.565624" lon="141.447728"><ele>172</ele></trkpt>
    <trkpt lat="42.565487" lon="141.447571"><ele>172</ele></trkpt>
    <trkpt lat="42.565350" lon="141.447412"><ele>172</ele></trkpt>
    <trkpt lat="42.565214" lon="141.447251"><ele>172</ele></trkpt>
    <trkpt lat="42.565076" lon="141.447096"><ele>172</ele></trkpt>
    <trkpt lat="42.564935" lon="141.446943"><ele>172</ele></trkpt>
    <trkpt lat="42.564794" lon="141.446791"><ele>172</ele></trkpt>
    <trkpt lat="42.564653" lon="141.446640"><ele>172</ele></trkpt>
    <trkpt lat="42.564516" lon="141.446482"><ele>172</ele></trkpt>
    <trkpt lat="42.564377" lon="141.446328"><ele>172</ele></trkpt>
    <trkpt lat="42.564243" lon="141.446164"><ele>172</ele></trkpt>
    <trkpt lat="42.564103" lon="141.446010"><ele>173</ele></trkpt>
    <trkpt lat="42.563968" lon="141.445850"><ele>173</ele></trkpt>
    <trkpt lat="42.563830" lon="141.445693"><ele>173</ele></trkpt>
    <trkpt lat="42.563694" lon="141.445534"><ele>173</ele></trkpt>
    <trkpt lat="42.563556" lon="141.445377"><ele>173</ele></trkpt>
    <trkpt lat="42.563417" lon="141.445222"><ele>173</ele></trkpt>
    <trkpt lat="42.563277" lon="141.445069"><ele>173</ele></trkpt>
    <trkpt lat="42.563136" lon="141.444916"><ele>173</ele></trkpt>
    <trkpt lat="42.562997" lon="141.444762"><ele>173</ele></trkpt>
    <trkpt lat="42.562858" lon="141.444606"><ele>173</ele></trkpt>
    <trkpt lat="42.562723" lon="141.444445"><ele>173</ele></trkpt>
    <trkpt lat="42.562584" lon="141.444290"><ele>173</ele></trkpt>
    <trkpt lat="42.562446" lon="141.444134"><ele>173</ele></trkpt>
    <trkpt lat="42.562311" lon="141.443972"><ele>173</ele></trkpt>
    <trkpt lat="42.562175" lon="141.443813"><ele>173</ele></trkpt>
    <trkpt lat="42.562040" lon="141.443652"><ele>173</ele></trkpt>
    <trkpt lat="42.561905" lon="141.443489"><ele>174</ele></trkpt>
    <trkpt lat="42.561769" lon="141.443329"><ele>174</ele></trkpt>
    <trkpt lat="42.561628" lon="141.443178"><ele>174</ele></trkpt>
    <trkpt lat="42.561493" lon="141.443016"><ele>174</ele></trkpt>
    <trkpt lat="42.561357" lon="141.442857"><ele>174</ele></trkpt>
    <trkpt lat="42.561219" lon="141.442700"><ele>174</ele></trkpt>
    <trkpt lat="42.561078" lon="141.442548"><ele>174</ele></trkpt>
    <trkpt lat="42.560940" lon="141.442393"><ele>174</ele></trkpt>
    <trkpt lat="42.560802" lon="141.442235"><ele>174</ele></trkpt>
    <trkpt lat="42.560666" lon="141.442075"><ele>174</ele></trkpt>
    <trkpt lat="42.560530" lon="141.441916"><ele>174</ele></trkpt>
    <trkpt lat="42.560396" lon="141.441753"><ele>174</ele></trkpt>
    <trkpt lat="42.560257" lon="141.441597"><ele>174</ele></trkpt>
    <trkpt lat="42.560123" lon="141.441435"><ele>174</ele></trkpt>
    <trkpt lat="42.559986" lon="141.441276"><ele>174</ele></trkpt>
    <trkpt lat="42.559848" lon="141.441120"><ele>174</ele></trkpt>
    <trkpt lat="42.559713" lon="141.440959"><ele>175</ele></trkpt>
    <trkpt lat="42.559578" lon="141.440797"><ele>175</ele></trkpt>
    <trkpt lat="42.559438" lon="141.440644"><ele>175</ele></trkpt>
    <trkpt lat="42.559305" lon="141.440480"><ele>175</ele></trkpt>
    <trkpt lat="42.559169" lon="141.440320"><ele>175</ele></trkpt>
    <trkpt lat="42.559035" lon="141.440157"><ele>175</ele></trkpt>
    <trkpt lat="42.558896" lon="141.440003"><ele>175</ele></trkpt>
    <trkpt lat="42.558760" lon="141.439843"><ele>175</ele></trkpt>
    <trkpt lat="42.558622" lon="141.439685"><ele>175</ele></trkpt>
    <trkpt lat="42.558482" lon="141.439533"><ele>175</ele></trkpt>
    <trkpt lat="42.558348" lon="141.439370"><ele>175</ele></trkpt>
    <trkpt lat="42.558212" lon="141.439210"><ele>175</ele></trkpt>
    <trkpt lat="42.558074" lon="141.439053"><ele>175</ele></trkpt>
    <trkpt lat="42.557937" lon="141.438895"><ele>175</ele></trkpt>
    <trkpt lat="42.557801" lon="141.438735"><ele>175</ele></trkpt>
    <trkpt lat="42.557663" lon="141.438578"><ele>175</ele></trkpt>
    <trkpt lat="42.557524" lon="141.438423"><ele>176</ele></trkpt>
    <trkpt lat="42.557384" lon="141.438271"><ele>176</ele></trkpt>
    <trkpt lat="42.557249" lon="141.438109"><ele>176</ele></trkpt>
    <trkpt lat="42.557112" lon="141.437951"><ele>176</ele></trkpt>
    <trkpt lat="42.556973" lon="141.437795"><ele>176</ele></trkpt>
    <trkpt lat="42.556837" lon="141.437636"><ele>176</ele></trkpt>
    <trkpt lat="42.556702" lon="141.437474"><ele>176</ele></trkpt>
    <trkpt lat="42.556563" lon="141.437320"><ele>176</ele></trkpt>
    <trkpt lat="42.556429" lon="141.437157"><ele>176</ele></trkpt>
    <trkpt lat="42.556292" lon="141.437000"><ele>176</ele></trkpt>
    <trkpt lat="42.556158" lon="141.436836"><ele>176</ele></trkpt>
    <trkpt lat="42.556024" lon="141.436673"><ele>176</ele></trkpt>
    <trkpt lat="42.555883" lon="141.436521"><ele>176</ele></trkpt>
    <trkpt lat="42.555745" lon="141.436364"><ele>176</ele></trkpt>
    <trkpt lat="42.555604" lon="141.436212"><ele>176</ele></trkpt>
    <trkpt lat="42.555470" lon="141.436051"><ele>176</ele></trkpt>
    <trkpt lat="42.555331" lon="141.435895"><ele>176</ele></trkpt>
    <trkpt lat="42.555192" lon="141.435740"><ele>176</ele></trkpt>
    <trkpt lat="42.555057" lon="141.435579"><ele>177</ele></trkpt>
    <trkpt lat="42.554919" lon="141.435422"><ele>177</ele></trkpt>
    <trkpt lat="42.554779" lon="141.435270"><ele>177</ele></trkpt>
    <trkpt lat="42.554640" lon="141.435114"><ele>177</ele></trkpt>
    <trkpt lat="42.554502" lon="141.434957"><ele>177</ele></trkpt>
    <trkpt lat="42.554369" lon="141.434794"><ele>177</ele></trkpt>
    <trkpt lat="42.554229" lon="141.434640"><ele>177</ele></trkpt>
    <trkpt lat="42.554092" lon="141.434482"><ele>177</ele></trkpt>
    <trkpt lat="42.553958" lon="141.434318"><ele>177</ele></trkpt>
    <trkpt lat="42.553821" lon="141.434160"><ele>177</ele></trkpt>
    <trkpt lat="42.553685" lon="141.434001"><ele>177</ele></trkpt>
    <trkpt lat="42.553548" lon="141.433842"><ele>177</ele></trkpt>
    <trkpt lat="42.553411" lon="141.433684"><ele>177</ele></trkpt>
    <trkpt lat="42.553271" lon="141.433531"><ele>177</ele></trkpt>
    <trkpt lat="42.553132" lon="141.433376"><ele>177</ele></trkpt>
    <trkpt lat="42.552998" lon="141.433213"><ele>177</ele></trkpt>
    <trkpt lat="42.552864" lon="141.433050"><ele>177</ele></trkpt>
    <trkpt lat="42.552726" lon="141.432894"><ele>177</ele></trkpt>
    <trkpt lat="42.552589" lon="141.432736"><ele>178</ele></trkpt>
    <trkpt lat="42.552451" lon="141.432579"><ele>178</ele></trkpt>
    <trkpt lat="42.552314" lon="141.432421"><ele>178</ele></trkpt>
    <trkpt lat="42.552178" lon="141.432260"><ele>178</ele></trkpt>
    <trkpt lat="42.552041" lon="141.432103"><ele>178</ele></trkpt>
    <trkpt lat="42.551907" lon="141.431940"><ele>178</ele></trkpt>
    <trkpt lat="42.551768" lon="141.431784"><ele>178</ele></trkpt>
    <trkpt lat="42.551631" lon="141.431627"><ele>178</ele></trkpt>
    <trkpt lat="42.551494" lon="141.431469"><ele>178</ele></trkpt>
    <trkpt lat="42.551355" lon="141.431313"><ele>178</ele></trkpt>
    <trkpt lat="42.551215" lon="141.431159"><ele>178</ele></trkpt>
    <trkpt lat="42.551076" lon="141.431005"><ele>178</ele></trkpt>
    <trkpt lat="42.550937" lon="141.430850"><ele>178</ele></trkpt>
    <trkpt lat="42.550804" lon="141.430687"><ele>178</ele></trkpt>
    <trkpt lat="42.550662" lon="141.430535"><ele>178</ele></trkpt>
    <trkpt lat="42.550529" lon="141.430372"><ele>178</ele></trkpt>
    <trkpt lat="42.550390" lon="141.430217"><ele>178</ele></trkpt>
    <trkpt lat="42.550254" lon="141.430057"><ele>178</ele></trkpt>
    <trkpt lat="42.550116" lon="141.429900"><ele>179</ele></trkpt>
    <trkpt lat="42.549978" lon="141.429743"><ele>179</ele></trkpt>
    <trkpt lat="42.549841" lon="141.429586"><ele>179</ele></trkpt>
    <trkpt lat="42.549703" lon="141.429430"><ele>179</ele></trkpt>
    <trkpt lat="42.549565" lon="141.429272"><ele>179</ele></trkpt>
    <trkpt lat="42.549432" lon="141.429109"><ele>179</ele></trkpt>
    <trkpt lat="42.549296" lon="141.428949"><ele>179</ele></trkpt>
    <trkpt lat="42.549156" lon="141.428795"><ele>179</ele></trkpt>
    <trkpt lat="42.549017" lon="141.428640"><ele>179</ele></trkpt>
    <trkpt lat="42.548883" lon="141.428477"><ele>179</ele></trkpt>
    <trkpt lat="42.548749" lon="141.428314"><ele>179</ele></trkpt>
    <trkpt lat="42.548614" lon="141.428152"><ele>179</ele></trkpt>
    <trkpt lat="42.548475" lon="141.427998"><ele>179</ele></trkpt>
    <trkpt lat="42.548339" lon="141.427837"><ele>179</ele></trkpt>
    <trkpt lat="42.548198" lon="141.427687"><ele>179</ele></trkpt>
    <trkpt lat="42.548062" lon="141.427526"><ele>179</ele></trkpt>
    <trkpt lat="42.547925" lon="141.427369"><ele>179</ele></trkpt>
    <trkpt lat="42.547783" lon="141.427218"><ele>179</ele></trkpt>
    <trkpt lat="42.547644" lon="141.427063"><ele>179</ele></trkpt>
    <trkpt lat="42.547509" lon="141.426902"><ele>180</ele></trkpt>
    <trkpt lat="42.547372" lon="141.426744"><ele>180</ele></trkpt>
    <trkpt lat="42.547233" lon="141.426589"><ele>180</ele></trkpt>
    <trkpt lat="42.547096" lon="141.426431"><ele>180</ele></trkpt>
    <trkpt lat="42.546959" lon="141.426273"><ele>180</ele></trkpt>
    <trkpt lat="42.546825" lon="141.426111"><ele>180</ele></trkpt>
    <trkpt lat="42.546685" lon="141.425957"><ele>180</ele></trkpt>
    <trkpt lat="42.546551" lon="141.425794"><ele>180</ele></trkpt>
    <trkpt lat="42.546413" lon="141.425637"><ele>180</ele></trkpt>
    <trkpt lat="42.546278" lon="141.425476"><ele>180</ele></trkpt>
    <trkpt lat="42.546138" lon="141.425322"><ele>180</ele></trkpt>
    <trkpt lat="42.546001" lon="141.425164"><ele>180</ele></trkpt>
    <trkpt lat="42.545862" lon="141.425010"><ele>180</ele></trkpt>
    <trkpt lat="42.545726" lon="141.424849"><ele>180</ele></trkpt>
    <trkpt lat="42.545585" lon="141.424698"><ele>180</ele></trkpt>
    <trkpt lat="42.545445" lon="141.424545"><ele>180</ele></trkpt>
    <trkpt lat="42.545308" lon="141.424387"><ele>180</ele></trkpt>
    <trkpt lat="42.545167" lon="141.424234"><ele>180</ele></trkpt>
    <trkpt lat="42.545031" lon="141.424075"><ele>180</ele></trkpt>
    <trkpt lat="42.544891" lon="141.423922"><ele>180</ele></trkpt>
    <trkpt lat="42.544750" lon="141.423771"><ele>180</ele></trkpt>
    <trkpt lat="42.544616" lon="141.423608"><ele>181</ele></trkpt>
    <trkpt lat="42.544481" lon="141.423446"><ele>181</ele></trkpt>
    <trkpt lat="42.544345" lon="141.423287"><ele>181</ele></trkpt>
    <trkpt lat="42.544211" lon="141.423124"><ele>181</ele></trkpt>
    <trkpt lat="42.544072" lon="141.422968"><ele>181</ele></trkpt>
    <trkpt lat="42.543936" lon="141.422809"><ele>181</ele></trkpt>
    <trkpt lat="42.543801" lon="141.422647"><ele>181</ele></trkpt>
    <trkpt lat="42.543666" lon="141.422487"><ele>181</ele></trkpt>
    <trkpt lat="42.543527" lon="141.422332"><ele>181</ele></trkpt>
    <trkpt lat="42.543389" lon="141.422174"><ele>181</ele></trkpt>
    <trkpt lat="42.543254" lon="141.422013"><ele>181</ele></trkpt>
    <trkpt lat="42.543116" lon="141.421858"><ele>181</ele></trkpt>
    <trkpt lat="42.542977" lon="141.421702"><ele>181</ele></trkpt>
    <trkpt lat="42.542837" lon="141.421549"><ele>181</ele></trkpt>
    <trkpt lat="42.542703" lon="141.421385"><ele>181</ele></trkpt>
    <trkpt lat="42.542563" lon="141.421233"><ele>181</ele></trkpt>
    <trkpt lat="42.542423" lon="141.421079"><ele>181</ele></trkpt>
    <trkpt lat="42.542288" lon="141.420918"><ele>181</ele></trkpt>
    <trkpt lat="42.542148" lon="141.420766"><ele>181</ele></trkpt>
    <trkpt lat="42.542007" lon="141.420613"><ele>181</ele></trkpt>
    <trkpt lat="42.541872" lon="141.420453"><ele>181</ele></trkpt>
    <trkpt lat="42.541733" lon="141.420298"><ele>182</ele></trkpt>
    <trkpt lat="42.541595" lon="141.420141"><ele>182</ele></trkpt>
    <trkpt lat="42.541461" lon="141.419977"><ele>182</ele></trkpt>
    <trkpt lat="42.541322" lon="141.419823"><ele>182</ele></trkpt>
    <trkpt lat="42.541185" lon="141.419665"><ele>182</ele></trkpt>
    <trkpt lat="42.541046" lon="141.419509"><ele>182</ele></trkpt>
    <trkpt lat="42.540908" lon="141.419354"><ele>182</ele></trkpt>
    <trkpt lat="42.540770" lon="141.419197"><ele>182</ele></trkpt>
    <trkpt lat="42.540629" lon="141.419045"><ele>182</ele></trkpt>
    <trkpt lat="42.540493" lon="141.418885"><ele>182</ele></trkpt>
    <trkpt lat="42.540360" lon="141.418721"><ele>182</ele></trkpt>
    <trkpt lat="42.540224" lon="141.418562"><ele>182</ele></trkpt>
    <trkpt lat="42.540084" lon="141.418409"><ele>182</ele></trkpt>
    <trkpt lat="42.539947" lon="141.418250"><ele>182</ele></trkpt>
    <trkpt lat="42.539812" lon="141.418089"><ele>182</ele></trkpt>
    <trkpt lat="42.539672" lon="141.417935"><ele>182</ele></trkpt>
    <trkpt lat="42.539536" lon="141.417775"><ele>182</ele></trkpt>
    <trkpt lat="42.539400" lon="141.417616"><ele>182</ele></trkpt>
    <trkpt lat="42.539262" lon="141.417458"><ele>182</ele></trkpt>
    <trkpt lat="42.539126" lon="141.417299"><ele>182</ele></trkpt>
    <trkpt lat="42.538987" lon="141.417145"><ele>182</ele></trkpt>
    <trkpt lat="42.538852" lon="141.416983"><ele>182</ele></trkpt>
    <trkpt lat="42.538715" lon="141.416825"><ele>182</ele></trkpt>
    <trkpt lat="42.538579" lon="141.416666"><ele>183</ele></trkpt>
    <trkpt lat="42.538440" lon="141.416510"><ele>183</ele></trkpt>
    <trkpt lat="42.538305" lon="141.416349"><ele>183</ele></trkpt>
    <trkpt lat="42.538170" lon="141.416188"><ele>183</ele></trkpt>
    <trkpt lat="42.538029" lon="141.416035"><ele>183</ele></trkpt>
    <trkpt lat="42.537894" lon="141.415874"><ele>183</ele></trkpt>
    <trkpt lat="42.537759" lon="141.415714"><ele>183</ele></trkpt>
    <trkpt lat="42.537624" lon="141.415552"><ele>183</ele></trkpt>
    <trkpt lat="42.537484" lon="141.415399"><ele>183</ele></trkpt>
    <trkpt lat="42.537343" lon="141.415247"><ele>183</ele></trkpt>
    <trkpt lat="42.537206" lon="141.415090"><ele>183</ele></trkpt>
    <trkpt lat="42.537068" lon="141.414933"><ele>183</ele></trkpt>
    <trkpt lat="42.536929" lon="141.414777"><ele>183</ele></trkpt>
    <trkpt lat="42.536791" lon="141.414621"><ele>183</ele></trkpt>
    <trkpt lat="42.536650" lon="141.414470"><ele>183</ele></trkpt>
    <trkpt lat="42.536512" lon="141.414314"><ele>183</ele></trkpt>
    <trkpt lat="42.536378" lon="141.414150"><ele>183</ele></trkpt>
    <trkpt lat="42.536241" lon="141.413992"><ele>183</ele></trkpt>
    <trkpt lat="42.536105" lon="141.413832"><ele>183</ele></trkpt>
    <trkpt lat="42.535970" lon="141.413671"><ele>183</ele></trkpt>
    <trkpt lat="42.535830" lon="141.413518"><ele>183</ele></trkpt>
    <trkpt lat="42.535696" lon="141.413355"><ele>183</ele></trkpt>
    <trkpt lat="42.535561" lon="141.413194"><ele>183</ele></trkpt>
    <trkpt lat="42.535427" lon="141.413030"><ele>183</ele></trkpt>
    <trkpt lat="42.535289" lon="141.412874"><ele>184</ele></trkpt>
    <trkpt lat="42.535149" lon="141.412721"><ele>184</ele></trkpt>
    <trkpt lat="42.535008" lon="141.412570"><ele>184</ele></trkpt>
    <trkpt lat="42.534870" lon="141.412413"><ele>184</ele></trkpt>
    <trkpt lat="42.534730" lon="141.412260"><ele>184</ele></trkpt>
    <trkpt lat="42.534592" lon="141.412103"><ele>184</ele></trkpt>
    <trkpt lat="42.534459" lon="141.411939"><ele>184</ele></trkpt>
    <trkpt lat="42.534322" lon="141.411781"><ele>184</ele></trkpt>
    <trkpt lat="42.534181" lon="141.411630"><ele>184</ele></trkpt>
    <trkpt lat="42.534041" lon="141.411476"><ele>184</ele></trkpt>
    <trkpt lat="42.533904" lon="141.411317"><ele>184</ele></trkpt>
    <trkpt lat="42.533770" lon="141.411155"><ele>184</ele></trkpt>
    <trkpt lat="42.533673" lon="141.411361"><ele>184</ele></trkpt>
    <trkpt lat="42.533575" lon="141.411565"><ele>184</ele></trkpt>
    <trkpt lat="42.533484" lon="141.411776"><ele>184</ele></trkpt>
    <trkpt lat="42.533394" lon="141.411987"><ele>184</ele></trkpt>
    <trkpt lat="42.533303" lon="141.412197"><ele>184</ele></trkpt>
    <trkpt lat="42.533204" lon="141.412401"><ele>184</ele></trkpt>
    <trkpt lat="42.533106" lon="141.412606"><ele>184</ele></trkpt>
    <trkpt lat="42.533016" lon="141.412817"><ele>184</ele></trkpt>
    <trkpt lat="42.532921" lon="141.413025"><ele>184</ele></trkpt>
    <trkpt lat="42.532829" lon="141.413235"><ele>184</ele></trkpt>
    <trkpt lat="42.532731" lon="141.413439"><ele>184</ele></trkpt>
    <trkpt lat="42.532641" lon="141.413651"><ele>184</ele></trkpt>
    <trkpt lat="42.532543" lon="141.413855"><ele>184</ele></trkpt>
    <trkpt lat="42.532447" lon="141.414061"><ele>184</ele></trkpt>
    <trkpt lat="42.532353" lon="141.414270"><ele>185</ele></trkpt>
    <trkpt lat="42.532255" lon="141.414475"><ele>185</ele></trkpt>
    <trkpt lat="42.532160" lon="141.414681"><ele>185</ele></trkpt>
    <trkpt lat="42.532064" lon="141.414888"><ele>185</ele></trkpt>
    <trkpt lat="42.531972" lon="141.415097"><ele>185</ele></trkpt>
    <trkpt lat="42.531872" lon="141.415301"><ele>185</ele></trkpt>
    <trkpt lat="42.531782" lon="141.415512"><ele>185</ele></trkpt>
    <trkpt lat="42.531692" lon="141.415723"><ele>185</ele></trkpt>
    <trkpt lat="42.531595" lon="141.415929"><ele>185</ele></trkpt>
    <trkpt lat="42.531496" lon="141.416133"><ele>185</ele></trkpt>
    <trkpt lat="42.531396" lon="141.416336"><ele>185</ele></trkpt>
    <trkpt lat="42.531306" lon="141.416546"><ele>185</ele></trkpt>
    <trkpt lat="42.531216" lon="141.416758"><ele>185</ele></trkpt>
    <trkpt lat="42.531116" lon="141.416962"><ele>185</ele></trkpt>
    <trkpt lat="42.531017" lon="141.417165"><ele>185</ele></trkpt>
    <trkpt lat="42.530924" lon="141.417374"><ele>185</ele></trkpt>
    <trkpt lat="42.530830" lon="141.417582"><ele>185</ele></trkpt>
    <trkpt lat="42.530732" lon="141.417786"><ele>185</ele></trkpt>
    <trkpt lat="42.530633" lon="141.417991"><ele>185</ele></trkpt>
    <trkpt lat="42.530538" lon="141.418198"><ele>185</ele></trkpt>
    <trkpt lat="42.530447" lon="141.418408"><ele>185</ele></trkpt>
    <trkpt lat="42.530352" lon="141.418615"><ele>185</ele></trkpt>
    <trkpt lat="42.530253" lon="141.418819"><ele>185</ele></trkpt>
    <trkpt lat="42.530162" lon="141.419030"><ele>185</ele></trkpt>
    <trkpt lat="42.530064" lon="141.419234"><ele>185</ele></trkpt>
    <trkpt lat="42.529971" lon="141.419444"><ele>185</ele></trkpt>
    <trkpt lat="42.529871" lon="141.419646"><ele>185</ele></trkpt>
    <trkpt lat="42.529773" lon="141.419851"><ele>185</ele></trkpt>
    <trkpt lat="42.529678" lon="141.420058"><ele>186</ele></trkpt>
    <trkpt lat="42.529585" lon="141.420267"><ele>186</ele></trkpt>
    <trkpt lat="42.529491" lon="141.420475"><ele>186</ele></trkpt>
    <trkpt lat="42.529400" lon="141.420685"><ele>186</ele></trkpt>
    <trkpt lat="42.529303" lon="141.420891"><ele>186</ele></trkpt>
    <trkpt lat="42.529203" lon="141.421094"><ele>186</ele></trkpt>
    <trkpt lat="42.529105" lon="141.421299"><ele>186</ele></trkpt>
    <trkpt lat="42.529005" lon="141.421502"><ele>186</ele></trkpt>
    <trkpt lat="42.528905" lon="141.421705"><ele>186</ele></trkpt>
    <trkpt lat="42.528809" lon="141.421911"><ele>186</ele></trkpt>
    <trkpt lat="42.528712" lon="141.422116"><ele>186</ele></trkpt>
    <trkpt lat="42.528620" lon="141.422326"><ele>186</ele></trkpt>
    <trkpt lat="42.528528" lon="141.422536"><ele>186</ele></trkpt>
    <trkpt lat="42.528433" lon="141.422743"><ele>186</ele></trkpt>
    <trkpt lat="42.528339" lon="141.422951"><ele>186</ele></trkpt>
    <trkpt lat="42.528244" lon="141.423159"><ele>186</ele></trkpt>
    <trkpt lat="42.528145" lon="141.423362"><ele>186</ele></trkpt>
    <trkpt lat="42.528044" lon="141.423564"><ele>186</ele></trkpt>
    <trkpt lat="42.527947" lon="141.423770"><ele>186</ele></trkpt>
    <trkpt lat="42.527854" lon="141.423978"><ele>186</ele></trkpt>
    <trkpt lat="42.527758" lon="141.424185"><ele>186</ele></trkpt>
    <trkpt lat="42.527668" lon="141.424396"><ele>186</ele></trkpt>
    <trkpt lat="42.527577" lon="141.424606"><ele>186</ele></trkpt>
    <trkpt lat="42.527483" lon="141.424815"><ele>186</ele></trkpt>
    <trkpt lat="42.527386" lon="141.425020"><ele>186</ele></trkpt>
    <trkpt lat="42.527294" lon="141.425230"><ele>186</ele></trkpt>
    <trkpt lat="42.527197" lon="141.425435"><ele>186</ele></trkpt>
    <trkpt lat="42.527096" lon="141.425638"><ele>186</ele></trkpt>
    <trkpt lat="42.527006" lon="141.425849"><ele>186</ele></trkpt>
    <trkpt lat="42.526906" lon="141.426052"><ele>186</ele></trkpt>
    <trkpt lat="42.526806" lon="141.426254"><ele>186</ele></trkpt>
    <trkpt lat="42.526711" lon="141.426462"><ele>186</ele></trkpt>
    <trkpt lat="42.526615" lon="141.426668"><ele>187</ele></trkpt>
    <trkpt lat="42.526515" lon="141.426871"><ele>187</ele></trkpt>
    <trkpt lat="42.526423" lon="141.427081"><ele>187</ele></trkpt>
    <trkpt lat="42.526326" lon="141.427287"><ele>187</ele></trkpt>
    <trkpt lat="42.526231" lon="141.427494"><ele>187</ele></trkpt>
    <trkpt lat="42.526132" lon="141.427697"><ele>187</ele></trkpt>
    <trkpt lat="42.526042" lon="141.427909"><ele>187</ele></trkpt>
    <trkpt lat="42.525950" lon="141.428119"><ele>187</ele></trkpt>
    <trkpt lat="42.525856" lon="141.428326"><ele>187</ele></trkpt>
    <trkpt lat="42.525758" lon="141.428531"><ele>187</ele></trkpt>
    <trkpt lat="42.525659" lon="141.428735"><ele>187</ele></trkpt>
    <trkpt lat="42.525560" lon="141.428939"><ele>187</ele></trkpt>
    <trkpt lat="42.525464" lon="141.429145"><ele>187</ele></trkpt>
    <trkpt lat="42.525367" lon="141.429351"><ele>187</ele></trkpt>
    <trkpt lat="42.525277" lon="141.429562"><ele>187</ele></trkpt>
    <trkpt lat="42.525177" lon="141.429765"><ele>187</ele></trkpt>
    <trkpt lat="42.525085" lon="141.429974"><ele>187</ele></trkpt>
    <trkpt lat="42.524994" lon="141.430185"><ele>187</ele></trkpt>
    <trkpt lat="42.524898" lon="141.430391"><ele>187</ele></trkpt>
    <trkpt lat="42.524801" lon="141.430597"><ele>187</ele></trkpt>
    <trkpt lat="42.524712" lon="141.430809"><ele>187</ele></trkpt>
    <trkpt lat="42.524616" lon="141.431015"><ele>187</ele></trkpt>
    <trkpt lat="42.524517" lon="141.431219"><ele>187</ele></trkpt>
    <trkpt lat="42.524423" lon="141.431427"><ele>187</ele></trkpt>
    <trkpt lat="42.524333" lon="141.431638"><ele>187</ele></trkpt>
    <trkpt lat="42.524242" lon="141.431849"><ele>187</ele></trkpt>
    <trkpt lat="42.524152" lon="141.432060"><ele>187</ele></trkpt>
    <trkpt lat="42.524062" lon="141.432272"><ele>187</ele></trkpt>
    <trkpt lat="42.523969" lon="141.432481"><ele>187</ele></trkpt>
    <trkpt lat="42.523872" lon="141.432686"><ele>187</ele></trkpt>
    <trkpt lat="42.523779" lon="141.432895"><ele>187</ele></trkpt>
    <trkpt lat="42.523681" lon="141.433099"><ele>187</ele></trkpt>
    <trkpt lat="42.523591" lon="141.433311"><ele>187</ele></trkpt>
    <trkpt lat="42.523501" lon="141.433522"><ele>187</ele></trkpt>
    <trkpt lat="42.523403" lon="141.433727"><ele>187</ele></trkpt>
    <trkpt lat="42.523303" lon="141.433930"><ele>187</ele></trkpt>
    <trkpt lat="42.523212" lon="141.434140"><ele>187</ele></trkpt>
    <trkpt lat="42.523119" lon="141.434349"><ele>188</ele></trkpt>
    <trkpt lat="42.523021" lon="141.434554"><ele>188</ele></trkpt>
    <trkpt lat="42.522923" lon="141.434758"><ele>188</ele></trkpt>
    <trkpt lat="42.522826" lon="141.434964"><ele>188</ele></trkpt>
    <trkpt lat="42.522736" lon="141.435175"><ele>188</ele></trkpt>
    <trkpt lat="42.522636" lon="141.435378"><ele>188</ele></trkpt>
    <trkpt lat="42.522543" lon="141.435587"><ele>188</ele></trkpt>
    <trkpt lat="42.522450" lon="141.435796"><ele>188</ele></trkpt>
    <trkpt lat="42.522358" lon="141.436006"><ele>188</ele></trkpt>
    <trkpt lat="42.522266" lon="141.436215"><ele>188</ele></trkpt>
    <trkpt lat="42.522168" lon="141.436420"><ele>188</ele></trkpt>
    <trkpt lat="42.522076" lon="141.436630"><ele>188</ele></trkpt>
    <trkpt lat="42.521978" lon="141.436834"><ele>188</ele></trkpt>
    <trkpt lat="42.521883" lon="141.437041"><ele>188</ele></trkpt>
    <trkpt lat="42.521790" lon="141.437250"><ele>188</ele></trkpt>
    <trkpt lat="42.521700" lon="141.437462"><ele>188</ele></trkpt>
    <trkpt lat="42.521603" lon="141.437667"><ele>188</ele></trkpt>
    <trkpt lat="42.521506" lon="141.437872"><ele>188</ele></trkpt>
    <trkpt lat="42.521412" lon="141.438081"><ele>188</ele></trkpt>
    <trkpt lat="42.521319" lon="141.438289"><ele>188</ele></trkpt>
    <trkpt lat="42.521227" lon="141.438499"><ele>188</ele></trkpt>
    <trkpt lat="42.521132" lon="141.438706"><ele>188</ele></trkpt>
    <trkpt lat="42.521041" lon="141.438917"><ele>188</ele></trkpt>
    <trkpt lat="42.520950" lon="141.439127"><ele>188</ele></trkpt>
    <trkpt lat="42.520859" lon="141.439338"><ele>188</ele></trkpt>
    <trkpt lat="42.520759" lon="141.439541"><ele>188</ele></trkpt>
    <trkpt lat="42.520661" lon="141.439746"><ele>188</ele></trkpt>
    <trkpt lat="42.520570" lon="141.439956"><ele>188</ele></trkpt>
    <trkpt lat="42.520479" lon="141.440167"><ele>188</ele></trkpt>
    <trkpt lat="42.520380" lon="141.440371"><ele>188</ele></trkpt>
    <trkpt lat="42.520289" lon="141.440581"><ele>188</ele></trkpt>
    <trkpt lat="42.520196" lon="141.440789"><ele>188</ele></trkpt>
    <trkpt lat="42.520101" lon="141.440997"><ele>188</ele></trkpt>
    <trkpt lat="42.520007" lon="141.441205"><ele>188</ele></trkpt>
    <trkpt lat="42.519913" lon="141.441413"><ele>188</ele></trkpt>
    <trkpt lat="42.519820" lon="141.441622"><ele>188</ele></trkpt>
    <trkpt lat="42.519726" lon="141.441830"><ele>188</ele></trkpt>
    <trkpt lat="42.519632" lon="141.442038"><ele>188</ele></trkpt>
    <trkpt lat="42.519537" lon="141.442245"><ele>188</ele></trkpt>
    <trkpt lat="42.519442" lon="141.442452"><ele>188</ele></trkpt>
    <trkpt lat="42.519349" lon="141.442661"><ele>188</ele></trkpt>
    <trkpt lat="42.519250" lon="141.442865"><ele>188</ele></trkpt>
    <trkpt lat="42.519157" lon="141.443074"><ele>188</ele></trkpt>
    <trkpt lat="42.519059" lon="141.443278"><ele>188</ele></trkpt>
    <trkpt lat="42.518960" lon="141.443482"><ele>188</ele></trkpt>
    <trkpt lat="42.518865" lon="141.443689"><ele>189</ele></trkpt>
    <trkpt lat="42.518773" lon="141.443899"><ele>189</ele></trkpt>
    <trkpt lat="42.518683" lon="141.444110"><ele>189</ele></trkpt>
    <trkpt lat="42.518587" lon="141.444317"><ele>189</ele></trkpt>
    <trkpt lat="42.518488" lon="141.444520"><ele>189</ele></trkpt>
    <trkpt lat="42.518395" lon="141.444729"><ele>189</ele></trkpt>
    <trkpt lat="42.518295" lon="141.444932"><ele>189</ele></trkpt>
    <trkpt lat="42.518197" lon="141.445137"><ele>189</ele></trkpt>
    <trkpt lat="42.518103" lon="141.445345"><ele>189</ele></trkpt>
    <trkpt lat="42.518011" lon="141.445554"><ele>189</ele></trkpt>
    <trkpt lat="42.517921" lon="141.445765"><ele>189</ele></trkpt>
    <trkpt lat="42.517829" lon="141.445976"><ele>189</ele></trkpt>
    <trkpt lat="42.517730" lon="141.446179"><ele>189</ele></trkpt>
    <trkpt lat="42.517630" lon="141.446382"><ele>189</ele></trkpt>
    <trkpt lat="42.517535" lon="141.446589"><ele>189</ele></trkpt>
    <trkpt lat="42.517439" lon="141.446795"><ele>189</ele></trkpt>
    <trkpt lat="42.517345" lon="141.447003"><ele>189</ele></trkpt>
    <trkpt lat="42.517249" lon="141.447210"><ele>189</ele></trkpt>
    <trkpt lat="42.517155" lon="141.447418"><ele>189</ele></trkpt>
    <trkpt lat="42.517061" lon="141.447626"><ele>189</ele></trkpt>
    <trkpt lat="42.516968" lon="141.447835"><ele>189</ele></trkpt>
    <trkpt lat="42.516871" lon="141.448040"><ele>189</ele></trkpt>
    <trkpt lat="42.516751" lon="141.447858"><ele>189</ele></trkpt>
    <trkpt lat="42.516631" lon="141.447677"><ele>189</ele></trkpt>
    <trkpt lat="42.516512" lon="141.447494"><ele>189</ele></trkpt>
    <trkpt lat="42.516384" lon="141.447322"><ele>189</ele></trkpt>
    <trkpt lat="42.516260" lon="141.447145"><ele>189</ele></trkpt>
    <trkpt lat="42.516133" lon="141.446972"><ele>189</ele></trkpt>
    <trkpt lat="42.516007" lon="141.446798"><ele>189</ele></trkpt>
    <trkpt lat="42.515881" lon="141.446624"><ele>189</ele></trkpt>
    <trkpt lat="42.515761" lon="141.446443"><ele>189</ele></trkpt>
    <trkpt lat="42.515636" lon="141.446267"><ele>189</ele></trkpt>
    <trkpt lat="42.515509" lon="141.446094"><ele>189</ele></trkpt>
    <trkpt lat="42.515388" lon="141.445913"><ele>189</ele></trkpt>
    <trkpt lat="42.515269" lon="141.445730"><ele>189</ele></trkpt>
    <trkpt lat="42.515147" lon="141.445551"><ele>189</ele></trkpt>
    <trkpt lat="42.515024" lon="141.445374"><ele>189</ele></trkpt>
    <trkpt lat="42.514898" lon="141.445200"><ele>189</ele></trkpt>
    <trkpt lat="42.514770" lon="141.445027"><ele>189</ele></trkpt>
    <trkpt lat="42.514647" lon="141.444850"><ele>189</ele></trkpt>
    <trkpt lat="42.514519" lon="141.444678"><ele>189</ele></trkpt>
    <trkpt lat="42.514394" lon="141.444503"><ele>189</ele></trkpt>
    <trkpt lat="42.514273" lon="141.444322"><ele>189</ele></trkpt>
    <trkpt lat="42.514149" lon="141.444145"><ele>189</ele></trkpt>
    <trkpt lat="42.514022" lon="141.443973"><ele>189</ele></trkpt>
    <trkpt lat="42.513894" lon="141.443801"><ele>189</ele></trkpt>
    <trkpt lat="42.513775" lon="141.443618"><ele>189</ele></trkpt>
    <trkpt lat="42.513649" lon="141.443444"><ele>189</ele></trkpt>
    <trkpt lat="42.513524" lon="141.443268"><ele>189</ele></trkpt>
    <trkpt lat="42.513398" lon="141.443094"><ele>189</ele></trkpt>
    <trkpt lat="42.513278" lon="141.442913"><ele>189</ele></trkpt>
    <trkpt lat="42.513159" lon="141.442730"><ele>189</ele></trkpt>
    <trkpt lat="42.513033" lon="141.442555"><ele>189</ele></trkpt>
    <trkpt lat="42.512909" lon="141.442378"><ele>189</ele></trkpt>
    <trkpt lat="42.512788" lon="141.442199"><ele>189</ele></trkpt>
    <trkpt lat="42.512661" lon="141.442025"><ele>189</ele></trkpt>
    <trkpt lat="42.512539" lon="141.441847"><ele>189</ele></trkpt>
    <trkpt lat="42.512411" lon="141.441675"><ele>189</ele></trkpt>
    <trkpt lat="42.512288" lon="141.441497"><ele>189</ele></trkpt>
    <trkpt lat="42.512160" lon="141.441325"><ele>189</ele></trkpt>
    <trkpt lat="42.512035" lon="141.441150"><ele>189</ele></trkpt>
    <trkpt lat="42.511915" lon="141.440968"><ele>189</ele></trkpt>
    <trkpt lat="42.511794" lon="141.440787"><ele>189</ele></trkpt>
    <trkpt lat="42.511671" lon="141.440610"><ele>189</ele></trkpt>
    <trkpt lat="42.511551" lon="141.440427"><ele>189</ele></trkpt>
    <trkpt lat="42.511431" lon="141.440246"><ele>189</ele></trkpt>
    <trkpt lat="42.511311" lon="141.440064"><ele>190</ele></trkpt>
    <trkpt lat="42.511188" lon="141.439887"><ele>190</ele></trkpt>
    <trkpt lat="42.511061" lon="141.439714"><ele>190</ele></trkpt>
    <trkpt lat="42.510933" lon="141.439542"><ele>190</ele></trkpt>
    <trkpt lat="42.510806" lon="141.439369"><ele>190</ele></trkpt>
    <trkpt lat="42.510684" lon="141.439190"><ele>190</ele></trkpt>
    <trkpt lat="42.510559" lon="141.439014"><ele>190</ele></trkpt>
    <trkpt lat="42.510434" lon="141.438838"><ele>190</ele></trkpt>
    <trkpt lat="42.510308" lon="141.438664"><ele>190</ele></trkpt>
    <trkpt lat="42.510181" lon="141.438492"><ele>190</ele></trkpt>
    <trkpt lat="42.510055" lon="141.438318"><ele>190</ele></trkpt>
    <trkpt lat="42.509929" lon="141.438144"><ele>190</ele></trkpt>
    <trkpt lat="42.509805" lon="141.437968"><ele>190</ele></trkpt>
    <trkpt lat="42.509679" lon="141.437793"><ele>190</ele></trkpt>
    <trkpt lat="42.509560" lon="141.437610"><ele>190</ele></trkpt>
    <trkpt lat="42.509437" lon="141.437433"><ele>190</ele></trkpt>
    <trkpt lat="42.509312" lon="141.437256"><ele>190</ele></trkpt>
    <trkpt lat="42.509193" lon="141.437074"><ele>190</ele></trkpt>
    <trkpt lat="42.509068" lon="141.436898"><ele>190</ele></trkpt>
    <trkpt lat="42.508948" lon="141.436716"><ele>190</ele></trkpt>
    <trkpt lat="42.508825" lon="141.436538"><ele>190</ele></trkpt>
    <trkpt lat="42.508702" lon="141.436360"><ele>190</ele></trkpt>
    <trkpt lat="42.508580" lon="141.436181"><ele>190</ele></trkpt>
    <trkpt lat="42.508453" lon="141.436008"><ele>190</ele></trkpt>
    <trkpt lat="42.508326" lon="141.435836"><ele>190</ele></trkpt>
    <trkpt lat="42.508202" lon="141.435659"><ele>190</ele></trkpt>
    <trkpt lat="42.508074" lon="141.435487"><ele>190</ele></trkpt>
    <trkpt lat="42.507951" lon="141.435309"><ele>190</ele></trkpt>
    <trkpt lat="42.507823" lon="141.435137"><ele>190</ele></trkpt>
    <trkpt lat="42.507704" lon="141.434955"><ele>190</ele></trkpt>
    <trkpt lat="42.507580" lon="141.434778"><ele>190</ele></trkpt>
    <trkpt lat="42.507454" lon="141.434604"><ele>190</ele></trkpt>
    <trkpt lat="42.507333" lon="141.434424"><ele>190</ele></trkpt>
    <trkpt lat="42.507211" lon="141.434244"><ele>190</ele></trkpt>
    <trkpt lat="42.507090" lon="141.434064"><ele>190</ele></trkpt>
    <trkpt lat="42.506969" lon="141.433883"><ele>190</ele></trkpt>
    <trkpt lat="42.506842" lon="141.433710"><ele>190</ele></trkpt>
    <trkpt lat="42.506722" lon="141.433528"><ele>190</ele></trkpt>
    <trkpt lat="42.506595" lon="141.433356"><ele>190</ele></trkpt>
    <trkpt lat="42.506475" lon="141.433174"><ele>190</ele></trkpt>
    <trkpt lat="42.506347" lon="141.433002"><ele>190</ele></trkpt>
    <trkpt lat="42.506226" lon="141.432822"><ele>190</ele></trkpt>
    <trkpt lat="42.506099" lon="141.432649"><ele>190</ele></trkpt>
    <trkpt lat="42.505974" lon="141.432474"><ele>190</ele></trkpt>
    <trkpt lat="42.505847" lon="141.432301"><ele>190</ele></trkpt>
    <trkpt lat="42.505728" lon="141.432119"><ele>190</ele></trkpt>
    <trkpt lat="42.505602" lon="141.431944"><ele>190</ele></trkpt>
    <trkpt lat="42.505475" lon="141.431771"><ele>190</ele></trkpt>
    <trkpt lat="42.505355" lon="141.431589"><ele>190</ele></trkpt>
    <trkpt lat="42.505235" lon="141.431408"><ele>190</ele></trkpt>
    <trkpt lat="42.505110" lon="141.431232"><ele>190</ele></trkpt>
    <trkpt lat="42.504983" lon="141.431060"><ele>190</ele></trkpt>
    <trkpt lat="42.504856" lon="141.430887"><ele>190</ele></trkpt>
    <trkpt lat="42.504730" lon="141.430712"><ele>190</ele></trkpt>
    <trkpt lat="42.504607" lon="141.430535"><ele>190</ele></trkpt>
    <trkpt lat="42.504486" lon="141.430355"><ele>190</ele></trkpt>
    <trkpt lat="42.504359" lon="141.430181"><ele>190</ele></trkpt>
    <trkpt lat="42.504234" lon="141.430006"><ele>190</ele></trkpt>
    <trkpt lat="42.504108" lon="141.429831"><ele>190</ele></trkpt>
    <trkpt lat="42.503988" lon="141.429650"><ele>190</ele></trkpt>
    <trkpt lat="42.503866" lon="141.429471"><ele>190</ele></trkpt>
    <trkpt lat="42.503740" lon="141.429296"><ele>190</ele></trkpt>
    <trkpt lat="42.503620" lon="141.429114"><ele>190</ele></trkpt>
    <trkpt lat="42.503500" lon="141.428934"><ele>190</ele></trkpt>
    <trkpt lat="42.503375" lon="141.428757"><ele>190</ele></trkpt>
    <trkpt lat="42.503250" lon="141.428582"><ele>190</ele></trkpt>
    <trkpt lat="42.503125" lon="141.428407"><ele>190</ele></trkpt>
    <trkpt lat="42.503004" lon="141.428227"><ele>190</ele></trkpt>
    <trkpt lat="42.502882" lon="141.428047"><ele>190</ele></trkpt>
    <trkpt lat="42.502759" lon="141.427869"><ele>190</ele></trkpt>
    <trkpt lat="42.502634" lon="141.427694"><ele>190</ele></trkpt>
    <trkpt lat="42.502514" lon="141.427512"><ele>190</ele></trkpt>
    <trkpt lat="42.502391" lon="141.427334"><ele>190</ele></trkpt>
    <trkpt lat="42.502265" lon="141.427160"><ele>190</ele></trkpt>
    <trkpt lat="42.502138" lon="141.426987"><ele>190</ele></trkpt>
    <trkpt lat="42.502013" lon="141.426811"><ele>190</ele></trkpt>
    <trkpt lat="42.501886" lon="141.426639"><ele>190</ele></trkpt>
    <trkpt lat="42.501766" lon="141.426457"><ele>190</ele></trkpt>
    <trkpt lat="42.501639" lon="141.426285"><ele>190</ele></trkpt>
    <trkpt lat="42.501517" lon="141.426105"><ele>190</ele></trkpt>
    <trkpt lat="42.501390" lon="141.425933"><ele>190</ele></trkpt>
    <trkpt lat="42.501266" lon="141.425756"><ele>190</ele></trkpt>
    <trkpt lat="42.501145" lon="141.425575"><ele>190</ele></trkpt>
    <trkpt lat="42.501017" lon="141.425404"><ele>190</ele></trkpt>
    <trkpt lat="42.500897" lon="141.425223"><ele>190</ele></trkpt>
    <trkpt lat="42.500773" lon="141.425046"><ele>190</ele></trkpt>
    <trkpt lat="42.500647" lon="141.424871"><ele>190</ele></trkpt>
    <trkpt lat="42.500523" lon="141.424694"><ele>190</ele></trkpt>
    <trkpt lat="42.500395" lon="141.424523"><ele>190</ele></trkpt>
    <trkpt lat="42.500274" lon="141.424343"><ele>190</ele></trkpt>
    <trkpt lat="42.500154" lon="141.424161"><ele>190</ele></trkpt>
    <trkpt lat="42.500030" lon="141.423984"><ele>190</ele></trkpt>
    <trkpt lat="42.499903" lon="141.423812"><ele>190</ele></trkpt>
    <trkpt lat="42.499775" lon="141.423640"><ele>190</ele></trkpt>
    <trkpt lat="42.499651" lon="141.423464"><ele>190</ele></trkpt>
    <trkpt lat="42.499528" lon="141.423285"><ele>190</ele></trkpt>
    <trkpt lat="42.499401" lon="141.423112"><ele>190</ele></trkpt>
    <trkpt lat="42.499281" lon="141.422931"><ele>190</ele></trkpt>
    <trkpt lat="42.499153" lon="141.422759"><ele>190</ele></trkpt>
    <trkpt lat="42.499031" lon="141.422581"><ele>190</ele></trkpt>
    <trkpt lat="42.498912" lon="141.422398"><ele>190</ele></trkpt>
    <trkpt lat="42.498785" lon="141.422225"><ele>190</ele></trkpt>
    <trkpt lat="42.498666" lon="141.422042"><ele>190</ele></trkpt>
    <trkpt lat="42.498544" lon="141.421862"><ele>190</ele></trkpt>
    <trkpt lat="42.498420" lon="141.421686"><ele>190</ele></trkpt>
    <trkpt lat="42.498299" lon="141.421505"><ele>190</ele></trkpt>
    <trkpt lat="42.498174" lon="141.421329"><ele>190</ele></trkpt>
    <trkpt lat="42.498054" lon="141.421147"><ele>190</ele></trkpt>
    <trkpt lat="42.497933" lon="141.420968"><ele>190</ele></trkpt>
    <trkpt lat="42.497812" lon="141.420787"><ele>190</ele></trkpt>
    <trkpt lat="42.497685" lon="141.420614"><ele>190</ele></trkpt>
    <trkpt lat="42.497562" lon="141.420436"><ele>190</ele></trkpt>
    <trkpt lat="42.497434" lon="141.420264"><ele>190</ele></trkpt>
    <trkpt lat="42.497309" lon="141.420089"><ele>190</ele></trkpt>
    <trkpt lat="42.497185" lon="141.419913"><ele>190</ele></trkpt>
    <trkpt lat="42.497059" lon="141.419738"><ele>190</ele></trkpt>
    <trkpt lat="42.496932" lon="141.419565"><ele>190</ele></trkpt>
    <trkpt lat="42.496810" lon="141.419387"><ele>190</ele></trkpt>
    <trkpt lat="42.496682" lon="141.419215"><ele>190</ele></trkpt>
    <trkpt lat="42.496561" lon="141.419035"><ele>190</ele></trkpt>
    <trkpt lat="42.496436" lon="141.418859"><ele>190</ele></trkpt>
    <trkpt lat="42.496314" lon="141.418680"><ele>190</ele></trkpt>
    <trkpt lat="42.496191" lon="141.418502"><ele>190</ele></trkpt>
    <trkpt lat="42.496064" lon="141.418329"><ele>190</ele></trkpt>
    <trkpt lat="42.495943" lon="141.418149"><ele>190</ele></trkpt>
    <trkpt lat="42.495816" lon="141.417976"><ele>190</ele></trkpt>
    <trkpt lat="42.495690" lon="141.417802"><ele>190</ele></trkpt>
    <trkpt lat="42.495567" lon="141.417625"><ele>190</ele></trkpt>
    <trkpt lat="42.495444" lon="141.417447"><ele>190</ele></trkpt>
    <trkpt lat="42.495316" lon="141.417275"><ele>190</ele></trkpt>
    <trkpt lat="42.495190" lon="141.417100"><ele>190</ele></trkpt>
    <trkpt lat="42.495065" lon="141.416925"><ele>190</ele></trkpt>
    <trkpt lat="42.494939" lon="141.416751"><ele>190</ele></trkpt>
    <trkpt lat="42.494811" lon="141.416579"><ele>190</ele></trkpt>
    <trkpt lat="42.494687" lon="141.416403"><ele>190</ele></trkpt>
    <trkpt lat="42.494565" lon="141.416223"><ele>190</ele></trkpt>
    <trkpt lat="42.494446" lon="141.416041"><ele>190</ele></trkpt>
    <trkpt lat="42.494322" lon="141.415864"><ele>190</ele></trkpt>
    <trkpt lat="42.494198" lon="141.415688"><ele>190</ele></trkpt>
    <trkpt lat="42.494079" lon="141.415505"><ele>190</ele></trkpt>
    <trkpt lat="42.493957" lon="141.415325"><ele>190</ele></trkpt>
    <trkpt lat="42.493837" lon="141.415143"><ele>190</ele></trkpt>
    <trkpt lat="42.493715" lon="141.414965"><ele>190</ele></trkpt>
    <trkpt lat="42.493593" lon="141.414785"><ele>190</ele></trkpt>
    <trkpt lat="42.493468" lon="141.414609"><ele>190</ele></trkpt>
    <trkpt lat="42.493348" lon="141.414427"><ele>190</ele></trkpt>
    <trkpt lat="42.493229" lon="141.414245"><ele>190</ele></trkpt>
    <trkpt lat="42.493102" lon="141.414072"><ele>190</ele></trkpt>
    <trkpt lat="42.492975" lon="141.413899"><ele>190</ele></trkpt>
    <trkpt lat="42.492855" lon="141.413717"><ele>190</ele></trkpt>
    <trkpt lat="42.492736" lon="141.413535"><ele>190</ele></trkpt>
    <trkpt lat="42.492611" lon="141.413360"><ele>190</ele></trkpt>
    <trkpt lat="42.492486" lon="141.413184"><ele>190</ele></trkpt>
    <trkpt lat="42.492359" lon="141.413011"><ele>190</ele></trkpt>
    <trkpt lat="42.492233" lon="141.412837"><ele>190</ele></trkpt>
    <trkpt lat="42.492110" lon="141.412659"><ele>190</ele></trkpt>
    <trkpt lat="42.491986" lon="141.412483"><ele>190</ele></trkpt>
    <trkpt lat="42.491862" lon="141.412305"><ele>190</ele></trkpt>
    <trkpt lat="42.491737" lon="141.412130"><ele>190</ele></trkpt>
    <trkpt lat="42.491618" lon="141.411947"><ele>190</ele></trkpt>
    <trkpt lat="42.491498" lon="141.411766"><ele>190</ele></trkpt>
    <trkpt lat="42.491377" lon="141.411586"><ele>190</ele></trkpt>
    <trkpt lat="42.491252" lon="141.411410"><ele>190</ele></trkpt>
    <trkpt lat="42.491126" lon="141.411236"><ele>190</ele></trkpt>
    <trkpt lat="42.491002" lon="141.411059"><ele>190</ele></trkpt>
    <trkpt lat="42.490874" lon="141.410888"><ele>190</ele></trkpt>
    <trkpt lat="42.490749" lon="141.410713"><ele>190</ele></trkpt>
    <trkpt lat="42.490621" lon="141.410541"><ele>190</ele></trkpt>
    <trkpt lat="42.490502" lon="141.410359"><ele>190</ele></trkpt>
    <trkpt lat="42.490379" lon="141.410180"><ele>190</ele></trkpt>
    <trkpt lat="42.490251" lon="141.410009"><ele>190</ele></trkpt>
    <trkpt lat="42.490124" lon="141.409836"><ele>190</ele></trkpt>
    <trkpt lat="42.490001" lon="141.409658"><ele>190</ele></trkpt>
    <trkpt lat="42.489879" lon="141.409479"><ele>190</ele></trkpt>
    <trkpt lat="42.489760" lon="141.409296"><ele>190</ele></trkpt>
    <trkpt lat="42.489640" lon="141.409114"><ele>190</ele></trkpt>
    <trkpt lat="42.489516" lon="141.408938"><ele>190</ele></trkpt>
    <trkpt lat="42.489393" lon="141.408760"><ele>190</ele></trkpt>
    <trkpt lat="42.489270" lon="141.408582"><ele>190</ele></trkpt>
    <trkpt lat="42.489149" lon="141.408402"><ele>189</ele></trkpt>
    <trkpt lat="42.489022" lon="141.408229"><ele>189</ele></trkpt>
    <trkpt lat="42.488897" lon="141.408053"><ele>189</ele></trkpt>
    <trkpt lat="42.488771" lon="141.407879"><ele>189</ele></trkpt>
    <trkpt lat="42.488647" lon="141.407703"><ele>189</ele></trkpt>
    <trkpt lat="42.488528" lon="141.407520"><ele>189</ele></trkpt>
    <trkpt lat="42.488405" lon="141.407342"><ele>189</ele></trkpt>
    <trkpt lat="42.488286" lon="141.407159"><ele>189</ele></trkpt>
    <trkpt lat="42.488165" lon="141.406978"><ele>189</ele></trkpt>
    <trkpt lat="42.488046" lon="141.406796"><ele>189</ele></trkpt>
    <trkpt lat="42.487920" lon="141.406621"><ele>189</ele></trkpt>
    <trkpt lat="42.487799" lon="141.406441"><ele>189</ele></trkpt>
    <trkpt lat="42.487679" lon="141.406259"><ele>189</ele></trkpt>
    <trkpt lat="42.487556" lon="141.406081"><ele>189</ele></trkpt>
    <trkpt lat="42.487434" lon="141.405901"><ele>189</ele></trkpt>
    <trkpt lat="42.487309" lon="141.405726"><ele>189</ele></trkpt>
    <trkpt lat="42.487182" lon="141.405553"><ele>189</ele></trkpt>
    <trkpt lat="42.487055" lon="141.405380"><ele>189</ele></trkpt>
    <trkpt lat="42.486929" lon="141.405207"><ele>189</ele></trkpt>
    <trkpt lat="42.486806" lon="141.405029"><ele>189</ele></trkpt>
    <trkpt lat="42.486685" lon="141.404849"><ele>189</ele></trkpt>
    <trkpt lat="42.486559" lon="141.404674"><ele>189</ele></trkpt>
    <trkpt lat="42.486434" lon="141.404499"><ele>189</ele></trkpt>
    <trkpt lat="42.486315" lon="141.404316"><ele>189</ele></trkpt>
    <trkpt lat="42.486189" lon="141.404142"><ele>189</ele></trkpt>
    <trkpt lat="42.486067" lon="141.403962"><ele>189</ele></trkpt>
    <trkpt lat="42.485943" lon="141.403786"><ele>189</ele></trkpt>
    <trkpt lat="42.485817" lon="141.403612"><ele>189</ele></trkpt>
    <trkpt lat="42.485696" lon="141.403432"><ele>189</ele></trkpt>
    <trkpt lat="42.485575" lon="141.403252"><ele>189</ele></trkpt>
    <trkpt lat="42.485449" lon="141.403078"><ele>189</ele></trkpt>
    <trkpt lat="42.485329" lon="141.402896"><ele>189</ele></trkpt>
    <trkpt lat="42.485202" lon="141.402723"><ele>189</ele></trkpt>
    <trkpt lat="42.485078" lon="141.402547"><ele>189</ele></trkpt>
    <trkpt lat="42.484956" lon="141.402367"><ele>189</ele></trkpt>
    <trkpt lat="42.484836" lon="141.402185"><ele>189</ele></trkpt>
    <trkpt lat="42.484716" lon="141.402003"><ele>189</ele></trkpt>
    <trkpt lat="42.484592" lon="141.401827"><ele>189</ele></trkpt>
    <trkpt lat="42.484465" lon="141.401654"><ele>189</ele></trkpt>
    <trkpt lat="42.484580" lon="141.401466"><ele>189</ele></trkpt>
    <trkpt lat="42.484696" lon="141.401279"><ele>189</ele></trkpt>
    <trkpt lat="42.484811" lon="141.401092"><ele>189</ele></trkpt>
    <trkpt lat="42.484929" lon="141.400908"><ele>189</ele></trkpt>
    <trkpt lat="42.485045" lon="141.400721"><ele>189</ele></trkpt>
    <trkpt lat="42.485163" lon="141.400537"><ele>189</ele></trkpt>
    <trkpt lat="42.485285" lon="141.400358"><ele>189</ele></trkpt>
    <trkpt lat="42.485404" lon="141.400176"><ele>189</ele></trkpt>
    <trkpt lat="42.485520" lon="141.399989"><ele>189</ele></trkpt>
    <trkpt lat="42.485637" lon="141.399804"><ele>189</ele></trkpt>
    <trkpt lat="42.485759" lon="141.399625"><ele>189</ele></trkpt>
    <trkpt lat="42.485877" lon="141.399441"><ele>189</ele></trkpt>
    <trkpt lat="42.485994" lon="141.399255"><ele>189</ele></trkpt>
    <trkpt lat="42.486113" lon="141.399073"><ele>189</ele></trkpt>
    <trkpt lat="42.486234" lon="141.398893"><ele>189</ele></trkpt>
    <trkpt lat="42.486351" lon="141.398707"><ele>189</ele></trkpt>
    <trkpt lat="42.486471" lon="141.398525"><ele>189</ele></trkpt>
    <trkpt lat="42.486593" lon="141.398346"><ele>189</ele></trkpt>
    <trkpt lat="42.486708" lon="141.398159"><ele>189</ele></trkpt>
    <trkpt lat="42.486831" lon="141.397980"><ele>189</ele></trkpt>
    <trkpt lat="42.486953" lon="141.397802"><ele>189</ele></trkpt>
    <trkpt lat="42.487068" lon="141.397614"><ele>189</ele></trkpt>
    <trkpt lat="42.487186" lon="141.397430"><ele>189</ele></trkpt>
    <trkpt lat="42.487307" lon="141.397249"><ele>189</ele></trkpt>
    <trkpt lat="42.487423" lon="141.397063"><ele>189</ele></trkpt>
    <trkpt lat="42.487545" lon="141.396884"><ele>189</ele></trkpt>
    <trkpt lat="42.487664" lon="141.396700"><ele>188</ele></trkpt>
    <trkpt lat="42.487779" lon="141.396513"><ele>188</ele></trkpt>
    <trkpt lat="42.487896" lon="141.396328"><ele>188</ele></trkpt>
    <trkpt lat="42.488016" lon="141.396146"><ele>188</ele></trkpt>
    <trkpt lat="42.488132" lon="141.395960"><ele>188</ele></trkpt>
    <trkpt lat="42.488253" lon="141.395779"><ele>188</ele></trkpt>
    <trkpt lat="42.488375" lon="141.395600"><ele>188</ele></trkpt>
    <trkpt lat="42.488494" lon="141.395417"><ele>188</ele></trkpt>
    <trkpt lat="42.488614" lon="141.395235"><ele>188</ele></trkpt>
    <trkpt lat="42.488736" lon="141.395056"><ele>188</ele></trkpt>
    <trkpt lat="42.488858" lon="141.394877"><ele>188</ele></trkpt>
    <trkpt lat="42.488973" lon="141.394690"><ele>188</ele></trkpt>
    <trkpt lat="42.489087" lon="141.394501"><ele>188</ele></trkpt>
    <trkpt lat="42.489206" lon="141.394318"><ele>188</ele></trkpt>
    <trkpt lat="42.489328" lon="141.394138"><ele>188</ele></trkpt>
    <trkpt lat="42.489443" lon="141.393951"><ele>188</ele></trkpt>
    <trkpt lat="42.489559" lon="141.393765"><ele>188</ele></trkpt>
    <trkpt lat="42.489676" lon="141.393580"><ele>188</ele></trkpt>
    <trkpt lat="42.489797" lon="141.393399"><ele>188</ele></trkpt>
    <trkpt lat="42.489919" lon="141.393219"><ele>188</ele></trkpt>
    <trkpt lat="42.490040" lon="141.393040"><ele>188</ele></trkpt>
    <trkpt lat="42.490157" lon="141.392854"><ele>188</ele></trkpt>
    <trkpt lat="42.490274" lon="141.392669"><ele>188</ele></trkpt>
    <trkpt lat="42.490392" lon="141.392484"><ele>188</ele></trkpt>
    <trkpt lat="42.490507" lon="141.392297"><ele>188</ele></trkpt>
    <trkpt lat="42.490625" lon="141.392112"><ele>188</ele></trkpt>
    <trkpt lat="42.490742" lon="141.391928"><ele>188</ele></trkpt>
    <trkpt lat="42.490860" lon="141.391743"><ele>188</ele></trkpt>
    <trkpt lat="42.490977" lon="141.391558"><ele>188</ele></trkpt>
    <trkpt lat="42.491095" lon="141.391374"><ele>188</ele></trkpt>
    <trkpt lat="42.491209" lon="141.391186"><ele>188</ele></trkpt>
    <trkpt lat="42.491327" lon="141.391001"><ele>188</ele></trkpt>
    <trkpt lat="42.491441" lon="141.390812"><ele>188</ele></trkpt>
    <trkpt lat="42.491561" lon="141.390631"><ele>188</ele></trkpt>
    <trkpt lat="42.491676" lon="141.390444"><ele>188</ele></trkpt>
    <trkpt lat="42.491794" lon="141.390260"><ele>188</ele></trkpt>
    <trkpt lat="42.491913" lon="141.390076"><ele>188</ele></trkpt>
    <trkpt lat="42.492036" lon="141.389898"><ele>188</ele></trkpt>
    <trkpt lat="42.492154" lon="141.389714"><ele>188</ele></trkpt>
    <trkpt lat="42.492269" lon="141.389527"><ele>188</ele></trkpt>
    <trkpt lat="42.492387" lon="141.389343"><ele>188</ele></trkpt>
    <trkpt lat="42.492505" lon="141.389158"><ele>188</ele></trkpt>
    <trkpt lat="42.492625" lon="141.388977"><ele>188</ele></trkpt>
    <trkpt lat="42.492744" lon="141.388793"><ele>188</ele></trkpt>
    <trkpt lat="42.492862" lon="141.388610"><ele>188</ele></trkpt>
    <trkpt lat="42.492981" lon="141.388426"><ele>188</ele></trkpt>
    <trkpt lat="42.493097" lon="141.388241"><ele>187</ele></trkpt>
    <trkpt lat="42.493217" lon="141.388059"><ele>187</ele></trkpt>
    <trkpt lat="42.493333" lon="141.387872"><ele>187</ele></trkpt>
    <trkpt lat="42.493452" lon="141.387690"><ele>187</ele></trkpt>
    <trkpt lat="42.493574" lon="141.387510"><ele>187</ele></trkpt>
    <trkpt lat="42.493692" lon="141.387326"><ele>187</ele></trkpt>
    <trkpt lat="42.493807" lon="141.387138"><ele>187</ele></trkpt>
    <trkpt lat="42.493927" lon="141.386957"><ele>187</ele></trkpt>
    <trkpt lat="42.494050" lon="141.386778"><ele>187</ele></trkpt>
    <trkpt lat="42.494171" lon="141.386598"><ele>187</ele></trkpt>
    <trkpt lat="42.494289" lon="141.386414"><ele>187</ele></trkpt>
    <trkpt lat="42.494411" lon="141.386236"><ele>187</ele></trkpt>
    <trkpt lat="42.494527" lon="141.386049"><ele>187</ele></trkpt>
    <trkpt lat="42.494641" lon="141.385860"><ele>187</ele></trkpt>
    <trkpt lat="42.494764" lon="141.385682"><ele>187</ele></trkpt>
    <trkpt lat="42.494878" lon="141.385493"><ele>187</ele></trkpt>
    <trkpt lat="42.494997" lon="141.385310"><ele>187</ele></trkpt>
    <trkpt lat="42.495116" lon="141.385127"><ele>187</ele></trkpt>
    <trkpt lat="42.495237" lon="141.384947"><ele>187</ele></trkpt>
    <trkpt lat="42.495358" lon="141.384766"><ele>187</ele></trkpt>
    <trkpt lat="42.495475" lon="141.384581"><ele>187</ele></trkpt>
    <trkpt lat="42.495591" lon="141.384395"><ele>187</ele></trkpt>
    <trkpt lat="42.495713" lon="141.384216"><ele>187</ele></trkpt>
    <trkpt lat="42.495833" lon="141.384034"><ele>187</ele></trkpt>
    <trkpt lat="42.495954" lon="141.383853"><ele>187</ele></trkpt>
    <trkpt lat="42.496072" lon="141.383669"><ele>187</ele></trkpt>
    <trkpt lat="42.496192" lon="141.383488"><ele>187</ele></trkpt>
    <trkpt lat="42.496306" lon="141.383299"><ele>187</ele></trkpt>
    <trkpt lat="42.496425" lon="141.383115"><ele>187</ele></trkpt>
    <trkpt lat="42.496539" lon="141.382928"><ele>187</ele></trkpt>
    <trkpt lat="42.496655" lon="141.382741"><ele>187</ele></trkpt>
    <trkpt lat="42.496773" lon="141.382557"><ele>187</ele></trkpt>
    <trkpt lat="42.496894" lon="141.382377"><ele>187</ele></trkpt>
    <trkpt lat="42.497008" lon="141.382188"><ele>187</ele></trkpt>
    <trkpt lat="42.497123" lon="141.382000"><ele>187</ele></trkpt>
    <trkpt lat="42.497242" lon="141.381817"><ele>187</ele></trkpt>
    <trkpt lat="42.497364" lon="141.381637"><ele>186</ele></trkpt>
    <trkpt lat="42.497482" lon="141.381453"><ele>186</ele></trkpt>
    <trkpt lat="42.497603" lon="141.381273"><ele>186</ele></trkpt>
    <trkpt lat="42.497721" lon="141.381090"><ele>186</ele></trkpt>
    <trkpt lat="42.497838" lon="141.380904"><ele>186</ele></trkpt>
    <trkpt lat="42.497958" lon="141.380722"><ele>186</ele></trkpt>
    <trkpt lat="42.498072" lon="141.380533"><ele>186</ele></trkpt>
    <trkpt lat="42.498193" lon="141.380353"><ele>186</ele></trkpt>
    <trkpt lat="42.498316" lon="141.380175"><ele>186</ele></trkpt>
    <trkpt lat="42.498435" lon="141.379992"><ele>186</ele></trkpt>
    <trkpt lat="42.498552" lon="141.379807"><ele>186</ele></trkpt>
    <trkpt lat="42.498675" lon="141.379628"><ele>186</ele></trkpt>
    <trkpt lat="42.498798" lon="141.379450"><ele>186</ele></trkpt>
    <trkpt lat="42.498920" lon="141.379271"><ele>186</ele></trkpt>
    <trkpt lat="42.499034" lon="141.379083"><ele>186</ele></trkpt>
    <trkpt lat="42.499152" lon="141.378898"><ele>186</ele></trkpt>
    <trkpt lat="42.499267" lon="141.378711"><ele>186</ele></trkpt>
    <trkpt lat="42.499390" lon="141.378533"><ele>186</ele></trkpt>
    <trkpt lat="42.499506" lon="141.378347"><ele>186</ele></trkpt>
    <trkpt lat="42.499628" lon="141.378168"><ele>186</ele></trkpt>
    <trkpt lat="42.499751" lon="141.377990"><ele>186</ele></trkpt>
    <trkpt lat="42.499865" lon="141.377801"><ele>186</ele></trkpt>
    <trkpt lat="42.499981" lon="141.377615"><ele>186</ele></trkpt>
    <trkpt lat="42.500102" lon="141.377434"><ele>186</ele></trkpt>
    <trkpt lat="42.500225" lon="141.377256"><ele>186</ele></trkpt>
    <trkpt lat="42.500340" lon="141.377068"><ele>186</ele></trkpt>
    <trkpt lat="42.500462" lon="141.376889"><ele>186</ele></trkpt>
    <trkpt lat="42.500578" lon="141.376703"><ele>186</ele></trkpt>
    <trkpt lat="42.500696" lon="141.376519"><ele>186</ele></trkpt>
    <trkpt lat="42.500815" lon="141.376335"><ele>186</ele></trkpt>
    <trkpt lat="42.500935" lon="141.376154"><ele>186</ele></trkpt>
    <trkpt lat="42.501049" lon="141.375965"><ele>186</ele></trkpt>
    <trkpt lat="42.501169" lon="141.375784"><ele>185</ele></trkpt>
    <trkpt lat="42.501285" lon="141.375596"><ele>185</ele></trkpt>
    <trkpt lat="42.501407" lon="141.375418"><ele>185</ele></trkpt>
    <trkpt lat="42.501522" lon="141.375231"><ele>185</ele></trkpt>
    <trkpt lat="42.501644" lon="141.375051"><ele>185</ele></trkpt>
    <trkpt lat="42.501764" lon="141.374869"><ele>185</ele></trkpt>
    <trkpt lat="42.501882" lon="141.374685"><ele>185</ele></trkpt>
    <trkpt lat="42.501998" lon="141.374499"><ele>185</ele></trkpt>
    <trkpt lat="42.502113" lon="141.374311"><ele>185</ele></trkpt>
    <trkpt lat="42.502227" lon="141.374122"><ele>185</ele></trkpt>
    <trkpt lat="42.502350" lon="141.373944"><ele>185</ele></trkpt>
    <trkpt lat="42.502469" lon="141.373761"><ele>185</ele></trkpt>
    <trkpt lat="42.502587" lon="141.373577"><ele>185</ele></trkpt>
    <trkpt lat="42.502705" lon="141.373393"><ele>185</ele></trkpt>
    <trkpt lat="42.502822" lon="141.373208"><ele>185</ele></trkpt>
    <trkpt lat="42.502938" lon="141.373021"><ele>185</ele></trkpt>
    <trkpt lat="42.503059" lon="141.372841"><ele>185</ele></trkpt>
    <trkpt lat="42.503180" lon="141.372661"><ele>185</ele></trkpt>
    <trkpt lat="42.503301" lon="141.372480"><ele>185</ele></trkpt>
    <trkpt lat="42.503415" lon="141.372292"><ele>185</ele></trkpt>
    <trkpt lat="42.503535" lon="141.372109"><ele>185</ele></trkpt>
    <trkpt lat="42.503651" lon="141.371923"><ele>185</ele></trkpt>
    <trkpt lat="42.503765" lon="141.371734"><ele>185</ele></trkpt>
    <trkpt lat="42.503886" lon="141.371553"><ele>185</ele></trkpt>
    <trkpt lat="42.504007" lon="141.371373"><ele>185</ele></trkpt>
    <trkpt lat="42.504122" lon="141.371185"><ele>185</ele></trkpt>
    <trkpt lat="42.504236" lon="141.370997"><ele>185</ele></trkpt>
    <trkpt lat="42.504352" lon="141.370810"><ele>185</ele></trkpt>
    <trkpt lat="42.504472" lon="141.370629"><ele>185</ele></trkpt>
    <trkpt lat="42.504591" lon="141.370446"><ele>184</ele></trkpt>
    <trkpt lat="42.504711" lon="141.370264"><ele>184</ele></trkpt>
    <trkpt lat="42.504834" lon="141.370085"><ele>184</ele></trkpt>
    <trkpt lat="42.504952" lon="141.369902"><ele>184</ele></trkpt>
    <trkpt lat="42.505074" lon="141.369723"><ele>184</ele></trkpt>
    <trkpt lat="42.505196" lon="141.369544"><ele>184</ele></trkpt>
    <trkpt lat="42.505312" lon="141.369357"><ele>184</ele></trkpt>
    <trkpt lat="42.505431" lon="141.369174"><ele>184</ele></trkpt>
    <trkpt lat="42.505548" lon="141.368988"><ele>184</ele></trkpt>
    <trkpt lat="42.505664" lon="141.368802"><ele>184</ele></trkpt>
    <trkpt lat="42.505783" lon="141.368619"><ele>184</ele></trkpt>
    <trkpt lat="42.505905" lon="141.368440"><ele>184</ele></trkpt>
    <trkpt lat="42.506023" lon="141.368255"><ele>184</ele></trkpt>
    <trkpt lat="42.506138" lon="141.368068"><ele>184</ele></trkpt>
    <trkpt lat="42.506257" lon="141.367885"><ele>184</ele></trkpt>
    <trkpt lat="42.506380" lon="141.367707"><ele>184</ele></trkpt>
    <trkpt lat="42.506496" lon="141.367521"><ele>184</ele></trkpt>
    <trkpt lat="42.506611" lon="141.367333"><ele>184</ele></trkpt>
    <trkpt lat="42.506730" lon="141.367150"><ele>184</ele></trkpt>
    <trkpt lat="42.506849" lon="141.366968"><ele>184</ele></trkpt>
    <trkpt lat="42.506970" lon="141.366787"><ele>184</ele></trkpt>
    <trkpt lat="42.507086" lon="141.366601"><ele>184</ele></trkpt>
    <trkpt lat="42.507205" lon="141.366417"><ele>184</ele></trkpt>
    <trkpt lat="42.507328" lon="141.366239"><ele>184</ele></trkpt>
    <trkpt lat="42.507444" lon="141.366053"><ele>184</ele></trkpt>
    <trkpt lat="42.507566" lon="141.365874"><ele>184</ele></trkpt>
    <trkpt lat="42.507680" lon="141.365685"><ele>183</ele></trkpt>
    <trkpt lat="42.507814" lon="141.365848"><ele>183</ele></trkpt>
    <trkpt lat="42.507948" lon="141.366011"><ele>183</ele></trkpt>
    <trkpt lat="42.508078" lon="141.366181"><ele>183</ele></trkpt>
    <trkpt lat="42.508206" lon="141.366351"><ele>183</ele></trkpt>
    <trkpt lat="42.508334" lon="141.366522"><ele>183</ele></trkpt>
    <trkpt lat="42.508469" lon="141.366683"><ele>183</ele></trkpt>
    <trkpt lat="42.508603" lon="141.366847"><ele>183</ele></trkpt>
    <trkpt lat="42.508732" lon="141.367017"><ele>183</ele></trkpt>
    <trkpt lat="42.508866" lon="141.367179"><ele>183</ele></trkpt>
    <trkpt lat="42.509001" lon="141.367340"><ele>183</ele></trkpt>
    <trkpt lat="42.509131" lon="141.367509"><ele>183</ele></trkpt>
    <trkpt lat="42.509266" lon="141.367671"><ele>183</ele></trkpt>
    <trkpt lat="42.509397" lon="141.367838"><ele>183</ele></trkpt>
    <trkpt lat="42.509533" lon="141.367998"><ele>183</ele></trkpt>
    <trkpt lat="42.509662" lon="141.368167"><ele>183</ele></trkpt>
    <trkpt lat="42.509790" lon="141.368338"><ele>183</ele></trkpt>
    <trkpt lat="42.509926" lon="141.368499"><ele>183</ele></trkpt>
    <trkpt lat="42.510059" lon="141.368663"><ele>183</ele></trkpt>
    <trkpt lat="42.510195" lon="141.368823"><ele>183</ele></trkpt>
    <trkpt lat="42.510326" lon="141.368989"><ele>183</ele></trkpt>
    <trkpt lat="42.510459" lon="141.369154"><ele>183</ele></trkpt>
    <trkpt lat="42.510592" lon="141.369318"><ele>183</ele></trkpt>
    <trkpt lat="42.510727" lon="141.369480"><ele>183</ele></trkpt>
    <trkpt lat="42.510863" lon="141.369640"><ele>182</ele></trkpt>
    <trkpt lat="42.510997" lon="141.369803"><ele>182</ele></trkpt>
    <trkpt lat="42.511127" lon="141.369971"><ele>182</ele></trkpt>
    <trkpt lat="42.511257" lon="141.370139"><ele>182</ele></trkpt>
    <trkpt lat="42.511389" lon="141.370305"><ele>182</ele></trkpt>
    <trkpt lat="42.511524" lon="141.370467"><ele>182</ele></trkpt>
    <trkpt lat="42.511659" lon="141.370628"><ele>182</ele></trkpt>
    <trkpt lat="42.511788" lon="141.370798"><ele>182</ele></trkpt>
    <trkpt lat="42.511923" lon="141.370958"><ele>182</ele></trkpt>
    <trkpt lat="42.512058" lon="141.371120"><ele>182</ele></trkpt>
    <trkpt lat="42.512189" lon="141.371288"><ele>182</ele></trkpt>
    <trkpt lat="42.512321" lon="141.371452"><ele>182</ele></trkpt>
    <trkpt lat="42.512455" lon="141.371616"><ele>182</ele></trkpt>
    <trkpt lat="42.512590" lon="141.371777"><ele>182</ele></trkpt>
    <trkpt lat="42.512723" lon="141.371941"><ele>182</ele></trkpt>
    <trkpt lat="42.512855" lon="141.372108"><ele>182</ele></trkpt>
    <trkpt lat="42.512985" lon="141.372275"><ele>182</ele></trkpt>
    <trkpt lat="42.513120" lon="141.372438"><ele>182</ele></trkpt>
    <trkpt lat="42.513248" lon="141.372609"><ele>182</ele></trkpt>
    <trkpt lat="42.513376" lon="141.372780"><ele>182</ele></trkpt>
    <trkpt lat="42.513506" lon="141.372949"><ele>182</ele></trkpt>
    <trkpt lat="42.513634" lon="141.373120"><ele>182</ele></trkpt>
    <trkpt lat="42.513766" lon="141.373286"><ele>182</ele></trkpt>
    <trkpt lat="42.513901" lon="141.373447"><ele>181</ele></trkpt>
    <trkpt lat="42.514034" lon="141.373611"><ele>181</ele></trkpt>
    <trkpt lat="42.514166" lon="141.373777"><ele>181</ele></trkpt>
    <trkpt lat="42.514295" lon="141.373947"><ele>181</ele></trkpt>
    <trkpt lat="42.514425" lon="141.374116"><ele>181</ele></trkpt>
    <trkpt lat="42.514561" lon="141.374276"><ele>181</ele></trkpt>
    <trkpt lat="42.514691" lon="141.374444"><ele>181</ele></trkpt>
    <trkpt lat="42.514823" lon="141.374610"><ele>181</ele></trkpt>
    <trkpt lat="42.514951" lon="141.374781"><ele>181</ele></trkpt>
    <trkpt lat="42.515087" lon="141.374941"><ele>181</ele></trkpt>
    <trkpt lat="42.515221" lon="141.375103"><ele>181</ele></trkpt>
    <trkpt lat="42.515356" lon="141.375264"><ele>181</ele></trkpt>
    <trkpt lat="42.515488" lon="141.375431"><ele>181</ele></trkpt>
    <trkpt lat="42.515619" lon="141.375598"><ele>181</ele></trkpt>
    <trkpt lat="42.515748" lon="141.375768"><ele>181</ele></trkpt>
    <trkpt lat="42.515883" lon="141.375928"><ele>181</ele></trkpt>
    <trkpt lat="42.516013" lon="141.376098"><ele>181</ele></trkpt>
    <trkpt lat="42.516144" lon="141.376265"><ele>181</ele></trkpt>
    <trkpt lat="42.516273" lon="141.376435"><ele>181</ele></trkpt>
    <trkpt lat="42.516405" lon="141.376601"><ele>181</ele></trkpt>
    <trkpt lat="42.516533" lon="141.376772"><ele>181</ele></trkpt>
    <trkpt lat="42.516667" lon="141.376935"><ele>180</ele></trkpt>
    <trkpt lat="42.516800" lon="141.377099"><ele>180</ele></trkpt>
    <trkpt lat="42.516929" lon="141.377270"><ele>180</ele></trkpt>
    <trkpt lat="42.517062" lon="141.377433"><ele>180</ele></trkpt>
    <trkpt lat="42.517192" lon="141.377601"><ele>180</ele></trkpt>
    <trkpt lat="42.517329" lon="141.377761"><ele>180</ele></trkpt>
    <trkpt lat="42.517459" lon="141.377928"><ele>180</ele></trkpt>
    <trkpt lat="42.517588" lon="141.378099"><ele>180</ele></trkpt>
    <trkpt lat="42.517724" lon="141.378259"><ele>180</ele></trkpt>
    <trkpt lat="42.517853" lon="141.378429"><ele>180</ele></trkpt>
    <trkpt lat="42.517983" lon="141.378597"><ele>180</ele></trkpt>
    <trkpt lat="42.518116" lon="141.378761"><ele>180</ele></trkpt>
    <trkpt lat="42.518251" lon="141.378922"><ele>180</ele></trkpt>
    <trkpt lat="42.518383" lon="141.379088"><ele>180</ele></trkpt>
    <trkpt lat="42.518516" lon="141.379253"><ele>180</ele></trkpt>
    <trkpt lat="42.518649" lon="141.379417"><ele>180</ele></trkpt>
    <trkpt lat="42.518781" lon="141.379583"><ele>180</ele></trkpt>
    <trkpt lat="42.518911" lon="141.379751"><ele>180</ele></trkpt>
    <trkpt lat="42.519041" lon="141.379920"><ele>180</ele></trkpt>
    <trkpt lat="42.519172" lon="141.380087"><ele>180</ele></trkpt>
    <trkpt lat="42.519301" lon="141.380258"><ele>179</ele></trkpt>
    <trkpt lat="42.519435" lon="141.380420"><ele>179</ele></trkpt>
    <trkpt lat="42.519565" lon="141.380589"><ele>179</ele></trkpt>
    <trkpt lat="42.519699" lon="141.380752"><ele>179</ele></trkpt>
    <trkpt lat="42.519830" lon="141.380920"><ele>179</ele></trkpt>
    <trkpt lat="42.519962" lon="141.381085"><ele>179</ele></trkpt>
    <trkpt lat="42.520097" lon="141.381246"><ele>179</ele></trkpt>
    <trkpt lat="42.520227" lon="141.381415"><ele>179</ele></trkpt>
    <trkpt lat="42.520355" lon="141.381586"><ele>179</ele></trkpt>
    <trkpt lat="42.520487" lon="141.381751"><ele>179</ele></trkpt>
    <trkpt lat="42.520619" lon="141.381917"><ele>179</ele></trkpt>
    <trkpt lat="42.520750" lon="141.382085"><ele>179</ele></trkpt>
    <trkpt lat="42.520879" lon="141.382255"><ele>179</ele></trkpt>
    <trkpt lat="42.521015" lon="141.382415"><ele>179</ele></trkpt>
    <trkpt lat="42.521145" lon="141.382583"><ele>179</ele></trkpt>
    <trkpt lat="42.521275" lon="141.382752"><ele>179</ele></trkpt>
    <trkpt lat="42.521406" lon="141.382920"><ele>179</ele></trkpt>
    <trkpt lat="42.521541" lon="141.383080"><ele>179</ele></trkpt>
    <trkpt lat="42.521674" lon="141.383245"><ele>179</ele></trkpt>
    <trkpt lat="42.521805" lon="141.383411"><ele>179</ele></trkpt>
    <trkpt lat="42.521940" lon="141.383573"><ele>178</ele></trkpt>
    <trkpt lat="42.522071" lon="141.383741"><ele>178</ele></trkpt>
    <trkpt lat="42.522200" lon="141.383910"><ele>178</ele></trkpt>
    <trkpt lat="42.522332" lon="141.384076"><ele>178</ele></trkpt>
    <trkpt lat="42.522468" lon="141.384236"><ele>178</ele></trkpt>
    <trkpt lat="42.522597" lon="141.384405"><ele>178</ele></trkpt>
    <trkpt lat="42.522734" lon="141.384564"><ele>178</ele></trkpt>
    <trkpt lat="42.522864" lon="141.384732"><ele>178</ele></trkpt>
    <trkpt lat="42.522993" lon="141.384903"><ele>178</ele></trkpt>
    <trkpt lat="42.523129" lon="141.385063"><ele>178</ele></trkpt>
    <trkpt lat="42.523259" lon="141.385231"><ele>178</ele></trkpt>
    <trkpt lat="42.523393" lon="141.385395"><ele>178</ele></trkpt>
    <trkpt lat="42.523528" lon="141.385555"><ele>178</ele></trkpt>
    <trkpt lat="42.523659" lon="141.385722"><ele>178</ele></trkpt>
    <trkpt lat="42.523795" lon="141.385883"><ele>178</ele></trkpt>
    <trkpt lat="42.523928" lon="141.386047"><ele>178</ele></trkpt>
    <trkpt lat="42.524056" lon="141.386218"><ele>178</ele></trkpt>
    <trkpt lat="42.524192" lon="141.386377"><ele>178</ele></trkpt>
    <trkpt lat="42.524326" lon="141.386541"><ele>177</ele></trkpt>
    <trkpt lat="42.524461" lon="141.386702"><ele>177</ele></trkpt>
    <trkpt lat="42.524592" lon="141.386869"><ele>177</ele></trkpt>
    <trkpt lat="42.524721" lon="141.387039"><ele>177</ele></trkpt>
    <trkpt lat="42.524850" lon="141.387209"><ele>177</ele></trkpt>
    <trkpt lat="42.524984" lon="141.387373"><ele>177</ele></trkpt>
    <trkpt lat="42.525116" lon="141.387538"><ele>177</ele></trkpt>
    <trkpt lat="42.525245" lon="141.387708"><ele>177</ele></trkpt>
    <trkpt lat="42.525377" lon="141.387874"><ele>177</ele></trkpt>
    <trkpt lat="42.525505" lon="141.388045"><ele>177</ele></trkpt>
    <trkpt lat="42.525636" lon="141.388212"><ele>177</ele></trkpt>
    <trkpt lat="42.525772" lon="141.388372"><ele>177</ele></trkpt>
    <trkpt lat="42.525906" lon="141.388535"><ele>177</ele></trkpt>
    <trkpt lat="42.526034" lon="141.388706"><ele>177</ele></trkpt>
    <trkpt lat="42.526163" lon="141.388877"><ele>177</ele></trkpt>
    <trkpt lat="42.526299" lon="141.389037"><ele>177</ele></trkpt>
    <trkpt lat="42.526434" lon="141.389198"><ele>177</ele></trkpt>
    <trkpt lat="42.526563" lon="141.389367"><ele>177</ele></trkpt>
    <trkpt lat="42.526695" lon="141.389533"><ele>176</ele></trkpt>
    <trkpt lat="42.526831" lon="141.389692"><ele>176</ele></trkpt>
    <trkpt lat="42.526960" lon="141.389863"><ele>176</ele></trkpt>
    <trkpt lat="42.527091" lon="141.390030"><ele>176</ele></trkpt>
    <trkpt lat="42.527226" lon="141.390192"><ele>176</ele></trkpt>
    <trkpt lat="42.527360" lon="141.390355"><ele>176</ele></trkpt>
    <trkpt lat="42.527489" lon="141.390525"><ele>176</ele></trkpt>
    <trkpt lat="42.527623" lon="141.390687"><ele>176</ele></trkpt>
    <trkpt lat="42.527757" lon="141.390850"><ele>176</ele></trkpt>
    <trkpt lat="42.527890" lon="141.391014"><ele>176</ele></trkpt>
    <trkpt lat="42.528024" lon="141.391177"><ele>176</ele></trkpt>
    <trkpt lat="42.528160" lon="141.391337"><ele>176</ele></trkpt>
    <trkpt lat="42.528292" lon="141.391503"><ele>176</ele></trkpt>
    <trkpt lat="42.528420" lon="141.391674"><ele>176</ele></trkpt>
    <trkpt lat="42.528551" lon="141.391842"><ele>176</ele></trkpt>
    <trkpt lat="42.528682" lon="141.392008"><ele>176</ele></trkpt>
    <trkpt lat="42.528812" lon="141.392178"><ele>176</ele></trkpt>
    <trkpt lat="42.528946" lon="141.392341"><ele>175</ele></trkpt>
    <trkpt lat="42.529077" lon="141.392508"><ele>175</ele></trkpt>
    <trkpt lat="42.529211" lon="141.392670"><ele>175</ele></trkpt>
    <trkpt lat="42.529347" lon="141.392829"><ele>175</ele></trkpt>
    <trkpt lat="42.529476" lon="141.393000"><ele>175</ele></trkpt>
    <trkpt lat="42.529607" lon="141.393167"><ele>175</ele></trkpt>
    <trkpt lat="42.529738" lon="141.393335"><ele>175</ele></trkpt>
    <trkpt lat="42.529871" lon="141.393499"><ele>175</ele></trkpt>
    <trkpt lat="42.530007" lon="141.393659"><ele>175</ele></trkpt>
    <trkpt lat="42.530140" lon="141.393823"><ele>175</ele></trkpt>
    <trkpt lat="42.530275" lon="141.393985"><ele>175</ele></trkpt>
    <trkpt lat="42.530407" lon="141.394150"><ele>175</ele></trkpt>
    <trkpt lat="42.530541" lon="141.394313"><ele>175</ele></trkpt>
    <trkpt lat="42.530677" lon="141.394473"><ele>175</ele></trkpt>
    <trkpt lat="42.530810" lon="141.394637"><ele>175</ele></trkpt>
    <trkpt lat="42.530944" lon="141.394800"><ele>175</ele></trkpt>
    <trkpt lat="42.531074" lon="141.394969"><ele>175</ele></trkpt>
    <trkpt lat="42.531204" lon="141.395137"><ele>174</ele></trkpt>
    <trkpt lat="42.531335" lon="141.395304"><ele>174</ele></trkpt>
    <trkpt lat="42.531468" lon="141.395468"><ele>174</ele></trkpt>
    <trkpt lat="42.531600" lon="141.395635"><ele>174</ele></trkpt>
    <trkpt lat="42.531732" lon="141.395801"><ele>174</ele></trkpt>
    <trkpt lat="42.531867" lon="141.395962"><ele>174</ele></trkpt>
    <trkpt lat="42.532002" lon="141.396123"><ele>174</ele></trkpt>
    <trkpt lat="42.532130" lon="141.396294"><ele>174</ele></trkpt>
    <trkpt lat="42.532261" lon="141.396462"><ele>174</ele></trkpt>
    <trkpt lat="42.532389" lon="141.396632"><ele>174</ele></trkpt>
    <trkpt lat="42.532520" lon="141.396801"><ele>174</ele></trkpt>
    <trkpt lat="42.532654" lon="141.396963"><ele>174</ele></trkpt>
    <trkpt lat="42.532789" lon="141.397124"><ele>174</ele></trkpt>
    <trkpt lat="42.532921" lon="141.397290"><ele>174</ele></trkpt>
    <trkpt lat="42.533055" lon="141.397453"><ele>174</ele></trkpt>
    <trkpt lat="42.533187" lon="141.397619"><ele>174</ele></trkpt>
    <trkpt lat="42.533315" lon="141.397790"><ele>173</ele></trkpt>
    <trkpt lat="42.533448" lon="141.397955"><ele>173</ele></trkpt>
    <trkpt lat="42.533577" lon="141.398125"><ele>173</ele></trkpt>
    <trkpt lat="42.533707" lon="141.398294"><ele>173</ele></trkpt>
    <trkpt lat="42.533838" lon="141.398460"><ele>173</ele></trkpt>
    <trkpt lat="42.533968" lon="141.398629"><ele>173</ele></trkpt>
    <trkpt lat="42.534100" lon="141.398795"><ele>173</ele></trkpt>
    <trkpt lat="42.534230" lon="141.398964"><ele>173</ele></trkpt>
    <trkpt lat="42.534362" lon="141.399129"><ele>173</ele></trkpt>
    <trkpt lat="42.534496" lon="141.399293"><ele>173</ele></trkpt>
    <trkpt lat="42.534631" lon="141.399454"><ele>173</ele></trkpt>
    <trkpt lat="42.534763" lon="141.399620"><ele>173</ele></trkpt>
    <trkpt lat="42.534891" lon="141.399791"><ele>173</ele></trkpt>
    <trkpt lat="42.535022" lon="141.399959"><ele>173</ele></trkpt>
    <trkpt lat="42.535151" lon="141.400128"><ele>173</ele></trkpt>
    <trkpt lat="42.535284" lon="141.400293"><ele>173</ele></trkpt>
    <trkpt lat="42.535415" lon="141.400460"><ele>172</ele></trkpt>
    <trkpt lat="42.535545" lon="141.400629"><ele>172</ele></trkpt>
    <trkpt lat="42.535681" lon="141.400788"><ele>172</ele></trkpt>
    <trkpt lat="42.535811" lon="141.400957"><ele>172</ele></trkpt>
    <trkpt lat="42.535944" lon="141.401121"><ele>172</ele></trkpt>
    <trkpt lat="42.536080" lon="141.401282"><ele>172</ele></trkpt>
    <trkpt lat="42.536209" lon="141.401451"><ele>172</ele></trkpt>
    <trkpt lat="42.536342" lon="141.401616"><ele>172</ele></trkpt>
    <trkpt lat="42.536478" lon="141.401776"><ele>172</ele></trkpt>
    <trkpt lat="42.536609" lon="141.401943"><ele>172</ele></trkpt>
    <trkpt lat="42.536740" lon="141.402110"><ele>172</ele></trkpt>
    <trkpt lat="42.536872" lon="141.402276"><ele>172</ele></trkpt>
    <trkpt lat="42.537001" lon="141.402446"><ele>172</ele></trkpt>
    <trkpt lat="42.537137" lon="141.402606"><ele>172</ele></trkpt>
    <trkpt lat="42.537271" lon="141.402768"><ele>172</ele></trkpt>
    <trkpt lat="42.537405" lon="141.402931"><ele>171</ele></trkpt>
    <trkpt lat="42.537535" lon="141.403100"><ele>171</ele></trkpt>
    <trkpt lat="42.537665" lon="141.403269"><ele>171</ele></trkpt>
    <trkpt lat="42.537801" lon="141.403429"><ele>171</ele></trkpt>
    <trkpt lat="42.537934" lon="141.403594"><ele>171</ele></trkpt>
    <trkpt lat="42.538068" lon="141.403755"><ele>171</ele></trkpt>
    <trkpt lat="42.538199" lon="141.403923"><ele>171</ele></trkpt>
    <trkpt lat="42.538330" lon="141.404090"><ele>171</ele></trkpt>
    <trkpt lat="42.538458" lon="141.404261"><ele>171</ele></trkpt>
    <trkpt lat="42.538593" lon="141.404423"><ele>171</ele></trkpt>
    <trkpt lat="42.538722" lon="141.404594"><ele>171</ele></trkpt>
    <trkpt lat="42.538853" lon="141.404760"><ele>171</ele></trkpt>
    <trkpt lat="42.538986" lon="141.404925"><ele>171</ele></trkpt>
    <trkpt lat="42.539120" lon="141.405088"><ele>171</ele></trkpt>
    <trkpt lat="42.539249" lon="141.405258"><ele>171</ele></trkpt>
    <trkpt lat="42.539378" lon="141.405428"><ele>170</ele></trkpt>
    <trkpt lat="42.539510" lon="141.405593"><ele>170</ele></trkpt>
    <trkpt lat="42.539641" lon="141.405762"><ele>170</ele></trkpt>
    <trkpt lat="42.539774" lon="141.405925"><ele>170</ele></trkpt>
    <trkpt lat="42.539903" lon="141.406095"><ele>170</ele></trkpt>
    <trkpt lat="42.540038" lon="141.406256"><ele>170</ele></trkpt>
    <trkpt lat="42.540172" lon="141.406419"><ele>170</ele></trkpt>
    <trkpt lat="42.540307" lon="141.406581"><ele>170</ele></trkpt>
    <trkpt lat="42.540438" lon="141.406749"><ele>170</ele></trkpt>
    <trkpt lat="42.540567" lon="141.406919"><ele>170</ele></trkpt>
    <trkpt lat="42.540695" lon="141.407090"><ele>170</ele></trkpt>
    <trkpt lat="42.540830" lon="141.407251"><ele>170</ele></trkpt>
    <trkpt lat="42.540959" lon="141.407421"><ele>170</ele></trkpt>
    <trkpt lat="42.541095" lon="141.407581"><ele>170</ele></trkpt>
    <trkpt lat="42.541231" lon="141.407741"><ele>170</ele></trkpt>
    <trkpt lat="42.541366" lon="141.407902"><ele>169</ele></trkpt>
    <trkpt lat="42.541495" lon="141.408072"><ele>169</ele></trkpt>
    <trkpt lat="42.541632" lon="141.408231"><ele>169</ele></trkpt>
    <trkpt lat="42.541767" lon="141.408392"><ele>169</ele></trkpt>
    <trkpt lat="42.541902" lon="141.408553"><ele>169</ele></trkpt>
    <trkpt lat="42.542037" lon="141.408714"><ele>169</ele></trkpt>
    <trkpt lat="42.542170" lon="141.408879"><ele>169</ele></trkpt>
    <trkpt lat="42.542299" lon="141.409049"><ele>169</ele></trkpt>
    <trkpt lat="42.542435" lon="141.409209"><ele>169</ele></trkpt>
    <trkpt lat="42.542568" lon="141.409373"><ele>169</ele></trkpt>
    <trkpt lat="42.542701" lon="141.409537"><ele>169</ele></trkpt>
    <trkpt lat="42.542835" lon="141.409700"><ele>169</ele></trkpt>
    <trkpt lat="42.542969" lon="141.409863"><ele>169</ele></trkpt>
    <trkpt lat="42.543098" lon="141.410033"><ele>169</ele></trkpt>
    <trkpt lat="42.543228" lon="141.410202"><ele>168</ele></trkpt>
    <trkpt lat="42.543361" lon="141.410366"><ele>168</ele></trkpt>
    <trkpt lat="42.543492" lon="141.410534"><ele>168</ele></trkpt>
    <trkpt lat="42.543627" lon="141.410694"><ele>168</ele></trkpt>
    <trkpt lat="42.543760" lon="141.410860"><ele>168</ele></trkpt>
    <trkpt lat="42.543891" lon="141.411026"><ele>168</ele></trkpt>
    <trkpt lat="42.544022" lon="141.411194"><ele>168</ele></trkpt>
    <trkpt lat="42.544157" lon="141.411355"><ele>168</ele></trkpt>
    <trkpt lat="42.544293" lon="141.411514"><ele>168</ele></trkpt>
    <trkpt lat="42.544429" lon="141.411674"><ele>168</ele></trkpt>
    <trkpt lat="42.544560" lon="141.411842"><ele>168</ele></trkpt>
    <trkpt lat="42.544690" lon="141.412011"><ele>168</ele></trkpt>
    <trkpt lat="42.544819" lon="141.412181"><ele>168</ele></trkpt>
    <trkpt lat="42.544948" lon="141.412350"><ele>168</ele></trkpt>
    <trkpt lat="42.545085" lon="141.412509"><ele>167</ele></trkpt>
    <trkpt lat="42.545215" lon="141.412678"><ele>167</ele></trkpt>
    <trkpt lat="42.545345" lon="141.412846"><ele>167</ele></trkpt>
    <trkpt lat="42.545476" lon="141.413014"><ele>167</ele></trkpt>
    <trkpt lat="42.545606" lon="141.413182"><ele>167</ele></trkpt>
    <trkpt lat="42.545735" lon="141.413352"><ele>167</ele></trkpt>
    <trkpt lat="42.545868" lon="141.413517"><ele>167</ele></trkpt>
    <trkpt lat="42.546000" lon="141.413682"><ele>167</ele></trkpt>
    <trkpt lat="42.546134" lon="141.413846"><ele>167</ele></trkpt>
    <trkpt lat="42.546267" lon="141.414010"><ele>167</ele></trkpt>
    <trkpt lat="42.546402" lon="141.414172"><ele>167</ele></trkpt>
    <trkpt lat="42.546535" lon="141.414335"><ele>167</ele></trkpt>
    <trkpt lat="42.546666" lon="141.414502"><ele>167</ele></trkpt>
    <trkpt lat="42.546795" lon="141.414673"><ele>166</ele></trkpt>
    <trkpt lat="42.546931" lon="141.414833"><ele>166</ele></trkpt>
    <trkpt lat="42.547062" lon="141.415000"><ele>166</ele></trkpt>
    <trkpt lat="42.547194" lon="141.415166"><ele>166</ele></trkpt>
    <trkpt lat="42.547330" lon="141.415326"><ele>166</ele></trkpt>
    <trkpt lat="42.547466" lon="141.415486"><ele>166</ele></trkpt>
    <trkpt lat="42.547596" lon="141.415654"><ele>166</ele></trkpt>
    <trkpt lat="42.547732" lon="141.415813"><ele>166</ele></trkpt>
    <trkpt lat="42.547868" lon="141.415975"><ele>166</ele></trkpt>
    <trkpt lat="42.548000" lon="141.416140"><ele>166</ele></trkpt>
    <trkpt lat="42.548129" lon="141.416310"><ele>166</ele></trkpt>
    <trkpt lat="42.548257" lon="141.416481"><ele>166</ele></trkpt>
    <trkpt lat="42.548387" lon="141.416651"><ele>166</ele></trkpt>
    <trkpt lat="42.548517" lon="141.416818"><ele>166</ele></trkpt>
    <trkpt lat="42.548653" lon="141.416979"><ele>165</ele></trkpt>
    <trkpt lat="42.548788" lon="141.417141"><ele>165</ele></trkpt>
    <trkpt lat="42.548916" lon="141.417312"><ele>165</ele></trkpt>
    <trkpt lat="42.549052" lon="141.417471"><ele>165</ele></trkpt>
    <trkpt lat="42.549182" lon="141.417640"><ele>165</ele></trkpt>
    <trkpt lat="42.549311" lon="141.417810"><ele>165</ele></trkpt>
    <trkpt lat="42.549441" lon="141.417979"><ele>165</ele></trkpt>
    <trkpt lat="42.549570" lon="141.418149"><ele>165</ele></trkpt>
    <trkpt lat="42.549706" lon="141.418309"><ele>165</ele></trkpt>
    <trkpt lat="42.549841" lon="141.418471"><ele>165</ele></trkpt>
    <trkpt lat="42.549976" lon="141.418632"><ele>165</ele></trkpt>
    <trkpt lat="42.550108" lon="141.418798"><ele>165</ele></trkpt>
    <trkpt lat="42.550240" lon="141.418963"><ele>165</ele></trkpt>
    <trkpt lat="42.550369" lon="141.419134"><ele>164</ele></trkpt>
    <trkpt lat="42.550505" lon="141.419293"><ele>164</ele></trkpt>
    <trkpt lat="42.550635" lon="141.419462"><ele>164</ele></trkpt>
    <trkpt lat="42.550768" lon="141.419627"><ele>164</ele></trkpt>
    <trkpt lat="42.550904" lon="141.419786"><ele>164</ele></trkpt>
    <trkpt lat="42.551039" lon="141.419947"><ele>164</ele></trkpt>
    <trkpt lat="42.551175" lon="141.420107"><ele>164</ele></trkpt>
    <trkpt lat="42.551306" lon="141.420275"><ele>164</ele></trkpt>
    <trkpt lat="42.551441" lon="141.420436"><ele>164</ele></trkpt>
    <trkpt lat="42.551575" lon="141.420598"><ele>164</ele></trkpt>
    <trkpt lat="42.551707" lon="141.420764"><ele>164</ele></trkpt>
    <trkpt lat="42.551839" lon="141.420931"><ele>164</ele></trkpt>
    <trkpt lat="42.551970" lon="141.421098"><ele>164</ele></trkpt>
    <trkpt lat="42.552106" lon="141.421257"><ele>163</ele></trkpt>
    <trkpt lat="42.552238" lon="141.421423"><ele>163</ele></trkpt>
    <trkpt lat="42.552368" lon="141.421592"><ele>163</ele></trkpt>
    <trkpt lat="42.552503" lon="141.421753"><ele>163</ele></trkpt>
    <trkpt lat="42.552632" lon="141.421924"><ele>163</ele></trkpt>
    <trkpt lat="42.552764" lon="141.422089"><ele>163</ele></trkpt>
    <trkpt lat="42.552896" lon="141.422256"><ele>163</ele></trkpt>
    <trkpt lat="42.553027" lon="141.422422"><ele>163</ele></trkpt>
    <trkpt lat="42.553158" lon="141.422590"><ele>163</ele></trkpt>
    <trkpt lat="42.553288" lon="141.422758"><ele>163</ele></trkpt>
    <trkpt lat="42.553424" lon="141.422919"><ele>163</ele></trkpt>
    <trkpt lat="42.553560" lon="141.423079"><ele>163</ele></trkpt>
    <trkpt lat="42.553695" lon="141.423240"><ele>162</ele></trkpt>
    <trkpt lat="42.553829" lon="141.423402"><ele>162</ele></trkpt>
    <trkpt lat="42.553745" lon="141.423617"><ele>162</ele></trkpt>
    <trkpt lat="42.553661" lon="141.423833"><ele>162</ele></trkpt>
    <trkpt lat="42.553577" lon="141.424049"><ele>162</ele></trkpt>
    <trkpt lat="42.553495" lon="141.424266"><ele>162</ele></trkpt>
    <trkpt lat="42.553414" lon="141.424484"><ele>162</ele></trkpt>
    <trkpt lat="42.553325" lon="141.424696"><ele>162</ele></trkpt>
    <trkpt lat="42.553239" lon="141.424911"><ele>162</ele></trkpt>
    <trkpt lat="42.553160" lon="141.425130"><ele>162</ele></trkpt>
    <trkpt lat="42.553080" lon="141.425349"><ele>162</ele></trkpt>
    <trkpt lat="42.553000" lon="141.425568"><ele>162</ele></trkpt>
    <trkpt lat="42.552912" lon="141.425781"><ele>162</ele></trkpt>
    <trkpt lat="42.552831" lon="141.425999"><ele>161</ele></trkpt>
    <trkpt lat="42.552749" lon="141.426216"><ele>161</ele></trkpt>
    <trkpt lat="42.552671" lon="141.426436"><ele>161</ele></trkpt>
    <trkpt lat="42.552586" lon="141.426651"><ele>161</ele></trkpt>
    <trkpt lat="42.552505" lon="141.426869"><ele>161</ele></trkpt>
    <trkpt lat="42.552421" lon="141.427085"><ele>161</ele></trkpt>
    <trkpt lat="42.552342" lon="141.427304"><ele>161</ele></trkpt>
    <trkpt lat="42.552260" lon="141.427522"><ele>161</ele></trkpt>
    <trkpt lat="42.552181" lon="141.427741"><ele>161</ele></trkpt>
    <trkpt lat="42.552098" lon="141.427957"><ele>161</ele></trkpt>
    <trkpt lat="42.552008" lon="141.428169"><ele>161</ele></trkpt>
    <trkpt lat="42.551920" lon="141.428382"><ele>161</ele></trkpt>
    <trkpt lat="42.551836" lon="141.428598"><ele>160</ele></trkpt>
    <trkpt lat="42.551756" lon="141.428817"><ele>160</ele></trkpt>
    <trkpt lat="42.551669" lon="141.429030"><ele>160</ele></trkpt>
    <trkpt lat="42.551579" lon="141.429242"><ele>160</ele></trkpt>
    <trkpt lat="42.551494" lon="141.429457"><ele>160</ele></trkpt>
    <trkpt lat="42.551411" lon="141.429674"><ele>160</ele></trkpt>
    <trkpt lat="42.551330" lon="141.429892"><ele>160</ele></trkpt>
    <trkpt lat="42.551246" lon="141.430107"><ele>160</ele></trkpt>
    <trkpt lat="42.551156" lon="141.430319"><ele>160</ele></trkpt>
    <trkpt lat="42.551078" lon="141.430539"><ele>160</ele></trkpt>
    <trkpt lat="42.550990" lon="141.430752"><ele>160</ele></trkpt>
    <trkpt lat="42.550901" lon="141.430964"><ele>160</ele></trkpt>
    <trkpt lat="42.550817" lon="141.431180"><ele>159</ele></trkpt>
    <trkpt lat="42.550736" lon="141.431398"><ele>159</ele></trkpt>
    <trkpt lat="42.550648" lon="141.431611"><ele>159</ele></trkpt>
    <trkpt lat="42.550561" lon="141.431825"><ele>159</ele></trkpt>
    <trkpt lat="42.550472" lon="141.432037"><ele>159</ele></trkpt>
    <trkpt lat="42.550393" lon="141.432256"><ele>159</ele></trkpt>
    <trkpt lat="42.550312" lon="141.432474"><ele>159</ele></trkpt>
    <trkpt lat="42.550225" lon="141.432688"><ele>159</ele></trkpt>
    <trkpt lat="42.550139" lon="141.432902"><ele>159</ele></trkpt>
    <trkpt lat="42.550055" lon="141.433118"><ele>159</ele></trkpt>
    <trkpt lat="42.549976" lon="141.433338"><ele>159</ele></trkpt>
    <trkpt lat="42.549888" lon="141.433550"><ele>159</ele></trkpt>
    <trkpt lat="42.549803" lon="141.433766"><ele>158</ele></trkpt>
    <trkpt lat="42.549723" lon="141.433984"><ele>158</ele></trkpt>
    <trkpt lat="42.549634" lon="141.434197"><ele>158</ele></trkpt>
    <trkpt lat="42.549548" lon="141.434411"><ele>158</ele></trkpt>
    <trkpt lat="42.549467" lon="141.434629"><ele>158</ele></trkpt>
    <trkpt lat="42.549380" lon="141.434842"><ele>158</ele></trkpt>
    <trkpt lat="42.549293" lon="141.435056"><ele>158</ele></trkpt>
    <trkpt lat="42.549210" lon="141.435273"><ele>158</ele></trkpt>
    <trkpt lat="42.549121" lon="141.435485"><ele>158</ele></trkpt>
    <trkpt lat="42.549040" lon="141.435703"><ele>158</ele></trkpt>
    <trkpt lat="42.548960" lon="141.435922"><ele>158</ele></trkpt>
    <trkpt lat="42.548875" lon="141.436136"><ele>158</ele></trkpt>
    <trkpt lat="42.548788" lon="141.436350"><ele>157</ele></trkpt>
    <trkpt lat="42.548702" lon="141.436565"><ele>157</ele></trkpt>
    <trkpt lat="42.548617" lon="141.436780"><ele>157</ele></trkpt>
    <trkpt lat="42.548532" lon="141.436995"><ele>157</ele></trkpt>
    <trkpt lat="42.548445" lon="141.437209"><ele>157</ele></trkpt>
    <trkpt lat="42.548360" lon="141.437424"><ele>157</ele></trkpt>
    <trkpt lat="42.548277" lon="141.437641"><ele>157</ele></trkpt>
    <trkpt lat="42.548189" lon="141.437854"><ele>157</ele></trkpt>
    <trkpt lat="42.548103" lon="141.438068"><ele>157</ele></trkpt>
    <trkpt lat="42.548018" lon="141.438283"><ele>157</ele></trkpt>
    <trkpt lat="42.547938" lon="141.438502"><ele>157</ele></trkpt>
    <trkpt lat="42.547857" lon="141.438720"><ele>156</ele></trkpt>
    <trkpt lat="42.547773" lon="141.438935"><ele>156</ele></trkpt>
    <trkpt lat="42.547685" lon="141.439148"><ele>156</ele></trkpt>
    <trkpt lat="42.547598" lon="141.439362"><ele>156</ele></trkpt>
    <trkpt lat="42.547513" lon="141.439577"><ele>156</ele></trkpt>
    <trkpt lat="42.547431" lon="141.439795"><ele>156</ele></trkpt>
    <trkpt lat="42.547345" lon="141.440010"><ele>156</ele></trkpt>
    <trkpt lat="42.547265" lon="141.440228"><ele>156</ele></trkpt>
    <trkpt lat="42.547183" lon="141.440445"><ele>156</ele></trkpt>
    <trkpt lat="42.547100" lon="141.440661"><ele>156</ele></trkpt>
    <trkpt lat="42.547012" lon="141.440874"><ele>156</ele></trkpt>
    <trkpt lat="42.546924" lon="141.441088"><ele>156</ele></trkpt>
    <trkpt lat="42.546838" lon="141.441302"><ele>155</ele></trkpt>
    <trkpt lat="42.546755" lon="141.441519"><ele>155</ele></trkpt>
    <trkpt lat="42.546672" lon="141.441735"><ele>155</ele></trkpt>
    <trkpt lat="42.546591" lon="141.441953"><ele>155</ele></trkpt>
    <trkpt lat="42.546502" lon="141.442166"><ele>155</ele></trkpt>
    <trkpt lat="42.546414" lon="141.442378"><ele>155</ele></trkpt>
    <trkpt lat="42.546328" lon="141.442593"><ele>155</ele></trkpt>
    <trkpt lat="42.546243" lon="141.442808"><ele>155</ele></trkpt>
    <trkpt lat="42.546164" lon="141.443027"><ele>155</ele></trkpt>
    <trkpt lat="42.546075" lon="141.443239"><ele>155</ele></trkpt>
    <trkpt lat="42.545992" lon="141.443456"><ele>155</ele></trkpt>
    <trkpt lat="42.545910" lon="141.443673"><ele>154</ele></trkpt>
    <trkpt lat="42.545829" lon="141.443891"><ele>154</ele></trkpt>
    <trkpt lat="42.545745" lon="141.444107"><ele>154</ele></trkpt>
    <trkpt lat="42.545657" lon="141.444320"><ele>154</ele></trkpt>
    <trkpt lat="42.545576" lon="141.444538"><ele>154</ele></trkpt>
    <trkpt lat="42.545490" lon="141.444753"><ele>154</ele></trkpt>
    <trkpt lat="42.545411" lon="141.444972"><ele>154</ele></trkpt>
    <trkpt lat="42.545327" lon="141.445188"><ele>154</ele></trkpt>
    <trkpt lat="42.545245" lon="141.445405"><ele>154</ele></trkpt>
    <trkpt lat="42.545160" lon="141.445620"><ele>154</ele></trkpt>
    <trkpt lat="42.545073" lon="141.445834"><ele>154</ele></trkpt>
    <trkpt lat="42.544991" lon="141.446051"><ele>153</ele></trkpt>
    <trkpt lat="42.544905" lon="141.446266"><ele>153</ele></trkpt>
    <trkpt lat="42.544823" lon="141.446483"><ele>153</ele></trkpt>
    <trkpt lat="42.544741" lon="141.446700"><ele>153</ele></trkpt>
    <trkpt lat="42.544658" lon="141.446917"><ele>153</ele></trkpt>
    <trkpt lat="42.544576" lon="141.447134"><ele>153</ele></trkpt>
    <trkpt lat="42.544495" lon="141.447352"><ele>153</ele></trkpt>
    <trkpt lat="42.544411" lon="141.447568"><ele>153</ele></trkpt>
    <trkpt lat="42.544323" lon="141.447780"><ele>153</ele></trkpt>
    <trkpt lat="42.544243" lon="141.447999"><ele>153</ele></trkpt>
    <trkpt lat="42.544157" lon="141.448213"><ele>153</ele></trkpt>
    <trkpt lat="42.544076" lon="141.448432"><ele>152</ele></trkpt>
    <trkpt lat="42.543991" lon="141.448646"><ele>152</ele></trkpt>
    <trkpt lat="42.543901" lon="141.448858"><ele>152</ele></trkpt>
    <trkpt lat="42.543815" lon="141.449073"><ele>152</ele></trkpt>
    <trkpt lat="42.543727" lon="141.449285"><ele>152</ele></trkpt>
    <trkpt lat="42.543641" lon="141.449500"><ele>152</ele></trkpt>
    <trkpt lat="42.543557" lon="141.449716"><ele>152</ele></trkpt>
    <trkpt lat="42.543477" lon="141.449935"><ele>152</ele></trkpt>
    <trkpt lat="42.543390" lon="141.450148"><ele>152</ele></trkpt>
    <trkpt lat="42.543304" lon="141.450363"><ele>152</ele></trkpt>
    <trkpt lat="42.543225" lon="141.450582"><ele>152</ele></trkpt>
    <trkpt lat="42.543141" lon="141.450797"><ele>151</ele></trkpt>
    <trkpt lat="42.543060" lon="141.451016"><ele>151</ele></trkpt>
    <trkpt lat="42.542982" lon="141.451236"><ele>151</ele></trkpt>
    <trkpt lat="42.542894" lon="141.451448"><ele>151</ele></trkpt>
    <trkpt lat="42.542814" lon="141.451667"><ele>151</ele></trkpt>
    <trkpt lat="42.542730" lon="141.451883"><ele>151</ele></trkpt>
    <trkpt lat="42.542651" lon="141.452102"><ele>151</ele></trkpt>
    <trkpt lat="42.542562" lon="141.452315"><ele>151</ele></trkpt>
    <trkpt lat="42.542477" lon="141.452530"><ele>151</ele></trkpt>
    <trkpt lat="42.542392" lon="141.452745"><ele>151</ele></trkpt>
    <trkpt lat="42.542304" lon="141.452958"><ele>151</ele></trkpt>
    <trkpt lat="42.542218" lon="141.453172"><ele>150</ele></trkpt>
    <trkpt lat="42.542136" lon="141.453389"><ele>150</ele></trkpt>
    <trkpt lat="42.542051" lon="141.453605"><ele>150</ele></trkpt>
    <trkpt lat="42.541963" lon="141.453818"><ele>150</ele></trkpt>
    <trkpt lat="42.541881" lon="141.454034"><ele>150</ele></trkpt>
    <trkpt lat="42.541797" lon="141.454250"><ele>150</ele></trkpt>
    <trkpt lat="42.541708" lon="141.454463"><ele>150</ele></trkpt>
    <trkpt lat="42.541622" lon="141.454677"><ele>150</ele></trkpt>
    <trkpt lat="42.541535" lon="141.454891"><ele>150</ele></trkpt>
    <trkpt lat="42.541446" lon="141.455103"><ele>150</ele></trkpt>
    <trkpt lat="42.541361" lon="141.455318"><ele>149</ele></trkpt>
    <trkpt lat="42.541275" lon="141.455532"><ele>149</ele></trkpt>
    <trkpt lat="42.541192" lon="141.455749"><ele>149</ele></trkpt>
    <trkpt lat="42.541108" lon="141.455965"><ele>149</ele></trkpt>
    <trkpt lat="42.541029" lon="141.456184"><ele>149</ele></trkpt>
    <trkpt lat="42.540941" lon="141.456397"><ele>149</ele></trkpt>
    <trkpt lat="42.540858" lon="141.456614"><ele>149</ele></trkpt>
    <trkpt lat="42.540769" lon="141.456826"><ele>149</ele></trkpt>
    <trkpt lat="42.540687" lon="141.457043"><ele>149</ele></trkpt>
    <trkpt lat="42.540603" lon="141.457259"><ele>149</ele></trkpt>
    <trkpt lat="42.540516" lon="141.457473"><ele>149</ele></trkpt>
    <trkpt lat="42.540435" lon="141.457691"><ele>148</ele></trkpt>
    <trkpt lat="42.540607" lon="141.457761"><ele>148</ele></trkpt>
    <trkpt lat="42.540781" lon="141.457826"><ele>148</ele></trkpt>
    <trkpt lat="42.540953" lon="141.457895"><ele>148</ele></trkpt>
    <trkpt lat="42.541125" lon="141.457966"><ele>148</ele></trkpt>
    <trkpt lat="42.541298" lon="141.458033"><ele>148</ele></trkpt>
    <trkpt lat="42.541472" lon="141.458096"><ele>148</ele></trkpt>
    <trkpt lat="42.541643" lon="141.458171"><ele>148</ele></trkpt>
    <trkpt lat="42.541815" lon="141.458242"><ele>148</ele></trkpt>
    <trkpt lat="42.541987" lon="141.458317"><ele>148</ele></trkpt>
    <trkpt lat="42.542160" lon="141.458379"><ele>147</ele></trkpt>
    <trkpt lat="42.542332" lon="141.458450"><ele>147</ele></trkpt>
    <trkpt lat="42.542506" lon="141.458516"><ele>147</ele></trkpt>
    <trkpt lat="42.542679" lon="141.458582"><ele>147</ele></trkpt>
    <trkpt lat="42.542850" lon="141.458658"><ele>147</ele></trkpt>
    <trkpt lat="42.543023" lon="141.458726"><ele>147</ele></trkpt>
    <trkpt lat="42.543194" lon="141.458802"><ele>147</ele></trkpt>
    <trkpt lat="42.543365" lon="141.458877"><ele>147</ele></trkpt>
    <trkpt lat="42.543536" lon="141.458949"><ele>147</ele></trkpt>
    <trkpt lat="42.543709" lon="141.459020"><ele>147</ele></trkpt>
    <trkpt lat="42.543880" lon="141.459095"><ele>146</ele></trkpt>
    <trkpt lat="42.544051" lon="141.459171"><ele>146</ele></trkpt>
    <trkpt lat="42.544223" lon="141.459240"><ele>146</ele></trkpt>
    <trkpt lat="42.544397" lon="141.459301"><ele>146</ele></trkpt>
    <trkpt lat="42.544570" lon="141.459369"><ele>146</ele></trkpt>
    <trkpt lat="42.544744" lon="141.459433"><ele>146</ele></trkpt>
    <trkpt lat="42.544917" lon="141.459496"><ele>146</ele></trkpt>
    <trkpt lat="42.545089" lon="141.459572"><ele>146</ele></trkpt>
    <trkpt lat="42.545261" lon="141.459639"><ele>146</ele></trkpt>
    <trkpt lat="42.545435" lon="141.459701"><ele>146</ele></trkpt>
    <trkpt lat="42.545608" lon="141.459769"><ele>146</ele></trkpt>
    <trkpt lat="42.545779" lon="141.459847"><ele>145</ele></trkpt>
    <trkpt lat="42.545951" lon="141.459917"><ele>145</ele></trkpt>
    <trkpt lat="42.546124" lon="141.459982"><ele>145</ele></trkpt>
    <trkpt lat="42.546295" lon="141.460059"><ele>145</ele></trkpt>
    <trkpt lat="42.546466" lon="141.460135"><ele>145</ele></trkpt>
    <trkpt lat="42.546640" lon="141.460198"><ele>145</ele></trkpt>
    <trkpt lat="42.546814" lon="141.460260"><ele>145</ele></trkpt>
    <trkpt lat="42.546985" lon="141.460336"><ele>145</ele></trkpt>
    <trkpt lat="42.547155" lon="141.460413"><ele>145</ele></trkpt>
    <trkpt lat="42.547329" lon="141.460478"><ele>145</ele></trkpt>
    <trkpt lat="42.547503" lon="141.460539"><ele>144</ele></trkpt>
    <trkpt lat="42.547674" lon="141.460616"><ele>144</ele></trkpt>
    <trkpt lat="42.547847" lon="141.460680"><ele>144</ele></trkpt>
    <trkpt lat="42.548020" lon="141.460748"><ele>144</ele></trkpt>
    <trkpt lat="42.548191" lon="141.460823"><ele>144</ele></trkpt>
    <trkpt lat="42.548362" lon="141.460900"><ele>144</ele></trkpt>
    <trkpt lat="42.548534" lon="141.460970"><ele>144</ele></trkpt>
    <trkpt lat="42.548705" lon="141.461045"><ele>144</ele></trkpt>
    <trkpt lat="42.548877" lon="141.461116"><ele>144</ele></trkpt>
    <trkpt lat="42.549049" lon="141.461188"><ele>144</ele></trkpt>
    <trkpt lat="42.549221" lon="141.461259"><ele>143</ele></trkpt>
    <trkpt lat="42.549394" lon="141.461326"><ele>143</ele></trkpt>
    <trkpt lat="42.549568" lon="141.461387"><ele>143</ele></trkpt>
    <trkpt lat="42.549741" lon="141.461455"><ele>143</ele></trkpt>
    <trkpt lat="42.549915" lon="141.461518"><ele>143</ele></trkpt>
    <trkpt lat="42.550089" lon="141.461580"><ele>143</ele></trkpt>
    <trkpt lat="42.550262" lon="141.461647"><ele>143</ele></trkpt>
    <trkpt lat="42.550434" lon="141.461717"><ele>143</ele></trkpt>
    <trkpt lat="42.550605" lon="141.461791"><ele>143</ele></trkpt>
    <trkpt lat="42.550779" lon="141.461855"><ele>143</ele></trkpt>
    <trkpt lat="42.550952" lon="141.461924"><ele>142</ele></trkpt>
    <trkpt lat="42.551125" lon="141.461988"><ele>142</ele></trkpt>
    <trkpt lat="42.551299" lon="141.462049"><ele>142</ele></trkpt>
    <trkpt lat="42.551471" lon="141.462122"><ele>142</ele></trkpt>
    <trkpt lat="42.551645" lon="141.462185"><ele>142</ele></trkpt>
    <trkpt lat="42.551816" lon="141.462261"><ele>142</ele></trkpt>
    <trkpt lat="42.551987" lon="141.462333"><ele>142</ele></trkpt>
    <trkpt lat="42.552160" lon="141.462404"><ele>142</ele></trkpt>
    <trkpt lat="42.552332" lon="141.462475"><ele>142</ele></trkpt>
    <trkpt lat="42.552504" lon="141.462545"><ele>141</ele></trkpt>
    <trkpt lat="42.552676" lon="141.462615"><ele>141</ele></trkpt>
    <trkpt lat="42.552848" lon="141.462686"><ele>141</ele></trkpt>
    <trkpt lat="42.553020" lon="141.462758"><ele>141</ele></trkpt>
    <trkpt lat="42.553194" lon="141.462820"><ele>141</ele></trkpt>
    <trkpt lat="42.553365" lon="141.462896"><ele>141</ele></trkpt>
    <trkpt lat="42.553537" lon="141.462968"><ele>141</ele></trkpt>
    <trkpt lat="42.553710" lon="141.463033"><ele>141</ele></trkpt>
    <trkpt lat="42.553883" lon="141.463101"><ele>141</ele></trkpt>
    <trkpt lat="42.554056" lon="141.463166"><ele>141</ele></trkpt>
    <trkpt lat="42.554230" lon="141.463230"><ele>140</ele></trkpt>
    <trkpt lat="42.554404" lon="141.463292"><ele>140</ele></trkpt>
    <trkpt lat="42.554577" lon="141.463358"><ele>140</ele></trkpt>
    <trkpt lat="42.554750" lon="141.463426"><ele>140</ele></trkpt>
    <trkpt lat="42.554924" lon="141.463489"><ele>140</ele></trkpt>
    <trkpt lat="42.555094" lon="141.463567"><ele>140</ele></trkpt>
    <trkpt lat="42.555265" lon="141.463643"><ele>140</ele></trkpt>
    <trkpt lat="42.555437" lon="141.463713"><ele>140</ele></trkpt>
    <trkpt lat="42.555610" lon="141.463782"><ele>140</ele></trkpt>
    <trkpt lat="42.555781" lon="141.463860"><ele>140</ele></trkpt>
    <trkpt lat="42.555952" lon="141.463935"><ele>139</ele></trkpt>
    <trkpt lat="42.556125" lon="141.464001"><ele>139</ele></trkpt>
    <trkpt lat="42.556299" lon="141.464063"><ele>139</ele></trkpt>
    <trkpt lat="42.556472" lon="141.464128"><ele>139</ele></trkpt>
    <trkpt lat="42.556644" lon="141.464201"><ele>139</ele></trkpt>
    <trkpt lat="42.556816" lon="141.464270"><ele>139</ele></trkpt>
    <trkpt lat="42.556988" lon="141.464342"><ele>139</ele></trkpt>
    <trkpt lat="42.557161" lon="141.464411"><ele>139</ele></trkpt>
    <trkpt lat="42.557334" lon="141.464476"><ele>139</ele></trkpt>
    <trkpt lat="42.557507" lon="141.464544"><ele>138</ele></trkpt>
    <trkpt lat="42.557681" lon="141.464606"><ele>138</ele></trkpt>
    <trkpt lat="42.557855" lon="141.464668"><ele>138</ele></trkpt>
    <trkpt lat="42.558028" lon="141.464735"><ele>138</ele></trkpt>
    <trkpt lat="42.558198" lon="141.464812"><ele>138</ele></trkpt>
    <trkpt lat="42.558373" lon="141.464873"><ele>138</ele></trkpt>
    <trkpt lat="42.558543" lon="141.464950"><ele>138</ele></trkpt>
    <trkpt lat="42.558714" lon="141.465025"><ele>138</ele></trkpt>
    <trkpt lat="42.558887" lon="141.465096"><ele>138</ele></trkpt>
    <trkpt lat="42.559059" lon="141.465163"><ele>138</ele></trkpt>
    <trkpt lat="42.559233" lon="141.465229"><ele>137</ele></trkpt>
    <trkpt lat="42.559404" lon="141.465303"><ele>137</ele></trkpt>
    <trkpt lat="42.559578" lon="141.465368"><ele>137</ele></trkpt>
    <trkpt lat="42.559751" lon="141.465433"><ele>137</ele></trkpt>
    <trkpt lat="42.559924" lon="141.465499"><ele>137</ele></trkpt>
    <trkpt lat="42.560097" lon="141.465568"><ele>137</ele></trkpt>
    <trkpt lat="42.560268" lon="141.465644"><ele>137</ele></trkpt>
    <trkpt lat="42.560440" lon="141.465714"><ele>137</ele></trkpt>
    <trkpt lat="42.560614" lon="141.465776"><ele>137</ele></trkpt>
    <trkpt lat="42.560785" lon="141.465852"><ele>136</ele></trkpt>
    <trkpt lat="42.560956" lon="141.465928"><ele>136</ele></trkpt>
    <trkpt lat="42.561128" lon="141.465997"><ele>136</ele></trkpt>
    <trkpt lat="42.561301" lon="141.466065"><ele>136</ele></trkpt>
    <trkpt lat="42.561475" lon="141.466128"><ele>136</ele></trkpt>
    <trkpt lat="42.561648" lon="141.466195"><ele>136</ele></trkpt>
    <trkpt lat="42.561821" lon="141.466260"><ele>136</ele></trkpt>
    <trkpt lat="42.561992" lon="141.466335"><ele>136</ele></trkpt>
    <trkpt lat="42.562163" lon="141.466410"><ele>136</ele></trkpt>
    <trkpt lat="42.562336" lon="141.466479"><ele>136</ele></trkpt>
    <trkpt lat="42.562507" lon="141.466553"><ele>135</ele></trkpt>
    <trkpt lat="42.562678" lon="141.466630"><ele>135</ele></trkpt>
    <trkpt lat="42.562850" lon="141.466700"><ele>135</ele></trkpt>
    <trkpt lat="42.563023" lon="141.466770"><ele>135</ele></trkpt>
    <trkpt lat="42.563194" lon="141.466843"><ele>135</ele></trkpt>
    <trkpt lat="42.563366" lon="141.466915"><ele>135</ele></trkpt>
    <trkpt lat="42.563537" lon="141.466991"><ele>135</ele></trkpt>
    <trkpt lat="42.563710" lon="141.467057"><ele>135</ele></trkpt>
    <trkpt lat="42.563883" lon="141.467123"><ele>135</ele></trkpt>
    <trkpt lat="42.564057" lon="141.467188"><ele>134</ele></trkpt>
    <trkpt lat="42.564229" lon="141.467259"><ele>134</ele></trkpt>
    <trkpt lat="42.564401" lon="141.467328"><ele>134</ele></trkpt>
    <trkpt lat="42.564574" lon="141.467397"><ele>134</ele></trkpt>
    <trkpt lat="42.564747" lon="141.467464"><ele>134</ele></trkpt>
    <trkpt lat="42.564919" lon="141.467533"><ele>134</ele></trkpt>
    <trkpt lat="42.565090" lon="141.467610"><ele>134</ele></trkpt>
    <trkpt lat="42.565262" lon="141.467681"><ele>134</ele></trkpt>
    <trkpt lat="42.565433" lon="141.467757"><ele>134</ele></trkpt>
    <trkpt lat="42.565604" lon="141.467833"><ele>133</ele></trkpt>
    <trkpt lat="42.565775" lon="141.467910"><ele>133</ele></trkpt>
    <trkpt lat="42.565946" lon="141.467985"><ele>133</ele></trkpt>
    <trkpt lat="42.566031" lon="141.467770"><ele>133</ele></trkpt>
    <trkpt lat="42.566117" lon="141.467556"><ele>133</ele></trkpt>
    <trkpt lat="42.566197" lon="141.467337"><ele>133</ele></trkpt>
    <trkpt lat="42.566282" lon="141.467122"><ele>133</ele></trkpt>
    <trkpt lat="42.566368" lon="141.466907"><ele>133</ele></trkpt>
    <trkpt lat="42.566450" lon="141.466690"><ele>133</ele></trkpt>
    <trkpt lat="42.566528" lon="141.466470"><ele>132</ele></trkpt>
    <trkpt lat="42.566616" lon="141.466257"><ele>132</ele></trkpt>
    <trkpt lat="42.566697" lon="141.466039"><ele>132</ele></trkpt>
    <trkpt lat="42.566785" lon="141.465826"><ele>132</ele></trkpt>
    <trkpt lat="42.566867" lon="141.465609"><ele>132</ele></trkpt>
    <trkpt lat="42.566947" lon="141.465390"><ele>132</ele></trkpt>
    <trkpt lat="42.567028" lon="141.465172"><ele>132</ele></trkpt>
    <trkpt lat="42.567110" lon="141.464954"><ele>132</ele></trkpt>
    <trkpt lat="42.567193" lon="141.464737"><ele>132</ele></trkpt>
    <trkpt lat="42.567278" lon="141.464522"><ele>131</ele></trkpt>
    <trkpt lat="42.567359" lon="141.464304"><ele>131</ele></trkpt>
    <trkpt lat="42.567445" lon="141.464090"><ele>131</ele></trkpt>
    <trkpt lat="42.567530" lon="141.463875"><ele>131</ele></trkpt>
    <trkpt lat="42.567618" lon="141.463661"><ele>131</ele></trkpt>
    <trkpt lat="42.567700" lon="141.463444"><ele>131</ele></trkpt>
    <trkpt lat="42.567783" lon="141.463228"><ele>131</ele></trkpt>
    <trkpt lat="42.567864" lon="141.463009"><ele>131</ele></trkpt>
    <trkpt lat="42.567952" lon="141.462797"><ele>131</ele></trkpt>
    <trkpt lat="42.568039" lon="141.462583"><ele>130</ele></trkpt>
    <trkpt lat="42.568126" lon="141.462369"><ele>130</ele></trkpt>
    <trkpt lat="42.568204" lon="141.462149"><ele>130</ele></trkpt>
    <trkpt lat="42.568283" lon="141.461930"><ele>130</ele></trkpt>
    <trkpt lat="42.568364" lon="141.461711"><ele>130</ele></trkpt>
    <trkpt lat="42.568452" lon="141.461498"><ele>130</ele></trkpt>
    <trkpt lat="42.568529" lon="141.461278"><ele>130</ele></trkpt>
    <trkpt lat="42.568614" lon="141.461062"><ele>130</ele></trkpt>
    <trkpt lat="42.568699" lon="141.460847"><ele>130</ele></trkpt>
    <trkpt lat="42.568782" lon="141.460631"><ele>129</ele></trkpt>
    <trkpt lat="42.568863" lon="141.460413"><ele>129</ele></trkpt>
    <trkpt lat="42.568950" lon="141.460198"><ele>129</ele></trkpt>
    <trkpt lat="42.569031" lon="141.459981"><ele>129</ele></trkpt>
    <trkpt lat="42.569109" lon="141.459760"><ele>129</ele></trkpt>
    <trkpt lat="42.569188" lon="141.459541"><ele>129</ele></trkpt>
    <trkpt lat="42.569272" lon="141.459325"><ele>129</ele></trkpt>
    <trkpt lat="42.569356" lon="141.459109"><ele>129</ele></trkpt>
    <trkpt lat="42.569435" lon="141.458890"><ele>129</ele></trkpt>
    <trkpt lat="42.569521" lon="141.458675"><ele>128</ele></trkpt>
    <trkpt lat="42.569605" lon="141.458460"><ele>128</ele></trkpt>
    <trkpt lat="42.569689" lon="141.458243"><ele>128</ele></trkpt>
    <trkpt lat="42.569774" lon="141.458028"><ele>128</ele></trkpt>
    <trkpt lat="42.569855" lon="141.457810"><ele>128</ele></trkpt>
    <trkpt lat="42.569934" lon="141.457590"><ele>128</ele></trkpt>
    <trkpt lat="42.570021" lon="141.457377"><ele>128</ele></trkpt>
    <trkpt lat="42.570100" lon="141.457157"><ele>128</ele></trkpt>
    <trkpt lat="42.570187" lon="141.456944"><ele>128</ele></trkpt>
    <trkpt lat="42.570268" lon="141.456726"><ele>127</ele></trkpt>
    <trkpt lat="42.570348" lon="141.456507"><ele>127</ele></trkpt>
    <trkpt lat="42.570427" lon="141.456288"><ele>127</ele></trkpt>
    <trkpt lat="42.570508" lon="141.456069"><ele>127</ele></trkpt>
    <trkpt lat="42.570596" lon="141.455856"><ele>127</ele></trkpt>
    <trkpt lat="42.570678" lon="141.455639"><ele>127</ele></trkpt>
    <trkpt lat="42.570766" lon="141.455426"><ele>127</ele></trkpt>
    <trkpt lat="42.570850" lon="141.455210"><ele>127</ele></trkpt>
    <trkpt lat="42.570929" lon="141.454990"><ele>127</ele></trkpt>
    <trkpt lat="42.571006" lon="141.454770"><ele>126</ele></trkpt>
    <trkpt lat="42.571092" lon="141.454556"><ele>126</ele></trkpt>
    <trkpt lat="42.571176" lon="141.454340"><ele>126</ele></trkpt>
    <trkpt lat="42.571257" lon="141.454122"><ele>126</ele></trkpt>
    <trkpt lat="42.571336" lon="141.453902"><ele>126</ele></trkpt>
    <trkpt lat="42.571420" lon="141.453686"><ele>126</ele></trkpt>
    <trkpt lat="42.571504" lon="141.453470"><ele>126</ele></trkpt>
    <trkpt lat="42.571587" lon="141.453253"><ele>126</ele></trkpt>
    <trkpt lat="42.571665" lon="141.453033"><ele>125</ele></trkpt>
    <trkpt lat="42.571749" lon="141.452818"><ele>125</ele></trkpt>
    <trkpt lat="42.571828" lon="141.452598"><ele>125</ele></trkpt>
    <trkpt lat="42.571909" lon="141.452380"><ele>125</ele></trkpt>
    <trkpt lat="42.571992" lon="141.452163"><ele>125</ele></trkpt>
    <trkpt lat="42.572070" lon="141.451943"><ele>125</ele></trkpt>
    <trkpt lat="42.572157" lon="141.451729"><ele>125</ele></trkpt>
    <trkpt lat="42.572238" lon="141.451511"><ele>125</ele></trkpt>
    <trkpt lat="42.572326" lon="141.451298"><ele>125</ele></trkpt>
    <trkpt lat="42.572408" lon="141.451081"><ele>124</ele></trkpt>
    <trkpt lat="42.572492" lon="141.450865"><ele>124</ele></trkpt>
    <trkpt lat="42.572572" lon="141.450646"><ele>124</ele></trkpt>
    <trkpt lat="42.572652" lon="141.450428"><ele>124</ele></trkpt>
    <trkpt lat="42.572730" lon="141.450207"><ele>124</ele></trkpt>
    <trkpt lat="42.572817" lon="141.449993"><ele>124</ele></trkpt>
    <trkpt lat="42.572897" lon="141.449775"><ele>124</ele></trkpt>
    <trkpt lat="42.572979" lon="141.449557"><ele>124</ele></trkpt>
    <trkpt lat="42.573063" lon="141.449341"><ele>124</ele></trkpt>
    <trkpt lat="42.573141" lon="141.449121"><ele>123</ele></trkpt>
    <trkpt lat="42.573227" lon="141.448907"><ele>123</ele></trkpt>
    <trkpt lat="42.573305" lon="141.448687"><ele>123</ele></trkpt>
    <trkpt lat="42.573389" lon="141.448471"><ele>123</ele></trkpt>
    <trkpt lat="42.573475" lon="141.448256"><ele>123</ele></trkpt>
    <trkpt lat="42.573553" lon="141.448036"><ele>123</ele></trkpt>
    <trkpt lat="42.573631" lon="141.447816"><ele>123</ele></trkpt>
    <trkpt lat="42.573719" lon="141.447603"><ele>123</ele></trkpt>
    <trkpt lat="42.573806" lon="141.447389"><ele>122</ele></trkpt>
    <trkpt lat="42.573889" lon="141.447172"><ele>122</ele></trkpt>
    <trkpt lat="42.573970" lon="141.446955"><ele>122</ele></trkpt>
    <trkpt lat="42.574049" lon="141.446735"><ele>122</ele></trkpt>
    <trkpt lat="42.574135" lon="141.446521"><ele>122</ele></trkpt>
    <trkpt lat="42.574213" lon="141.446301"><ele>122</ele></trkpt>
    <trkpt lat="42.574299" lon="141.446086"><ele>122</ele></trkpt>
    <trkpt lat="42.574384" lon="141.445871"><ele>122</ele></trkpt>
    <trkpt lat="42.574249" lon="141.445710"><ele>122</ele></trkpt>
    <trkpt lat="42.574117" lon="141.445544"><ele>121</ele></trkpt>
    <trkpt lat="42.573986" lon="141.445377"><ele>121</ele></trkpt>
    <trkpt lat="42.573857" lon="141.445207"><ele>121</ele></trkpt>
    <trkpt lat="42.573729" lon="141.445035"><ele>121</ele></trkpt>
    <trkpt lat="42.573595" lon="141.444873"><ele>121</ele></trkpt>
    <trkpt lat="42.573460" lon="141.444710"><ele>121</ele></trkpt>
    <trkpt lat="42.573328" lon="141.444544"><ele>121</ele></trkpt>
    <trkpt lat="42.573199" lon="141.444374"><ele>121</ele></trkpt>
    <trkpt lat="42.573068" lon="141.444207"><ele>120</ele></trkpt>
    <trkpt lat="42.572934" lon="141.444044"><ele>120</ele></trkpt>
    <trkpt lat="42.572800" lon="141.443881"><ele>120</ele></trkpt>
    <trkpt lat="42.572673" lon="141.443708"><ele>120</ele></trkpt>
    <trkpt lat="42.572542" lon="141.443542"><ele>120</ele></trkpt>
    <trkpt lat="42.572409" lon="141.443377"><ele>120</ele></trkpt>
    <trkpt lat="42.572279" lon="141.443208"><ele>120</ele></trkpt>
    <trkpt lat="42.572152" lon="141.443036"><ele>120</ele></trkpt>
    <trkpt lat="42.572020" lon="141.442869"><ele>120</ele></trkpt>
    <trkpt lat="42.571892" lon="141.442698"><ele>119</ele></trkpt>
    <trkpt lat="42.571763" lon="141.442528"><ele>119</ele></trkpt>
    <trkpt lat="42.571633" lon="141.442359"><ele>119</ele></trkpt>
    <trkpt lat="42.571500" lon="141.442194"><ele>119</ele></trkpt>
    <trkpt lat="42.571365" lon="141.442032"><ele>119</ele></trkpt>
    <trkpt lat="42.571235" lon="141.441863"><ele>119</ele></trkpt>
    <trkpt lat="42.571102" lon="141.441699"><ele>119</ele></trkpt>
    <trkpt lat="42.570974" lon="141.441528"><ele>119</ele></trkpt>
    <trkpt lat="42.570845" lon="141.441357"><ele>118</ele></trkpt>
    <trkpt lat="42.570717" lon="141.441185"><ele>118</ele></trkpt>
    <trkpt lat="42.570586" lon="141.441018"><ele>118</ele></trkpt>
    <trkpt lat="42.570456" lon="141.440850"><ele>118</ele></trkpt>
    <trkpt lat="42.570328" lon="141.440679"><ele>118</ele></trkpt>
    <trkpt lat="42.570198" lon="141.440510"><ele>118</ele></trkpt>
    <trkpt lat="42.570064" lon="141.440347"><ele>118</ele></trkpt>
    <trkpt lat="42.569934" lon="141.440177"><ele>118</ele></trkpt>
    <trkpt lat="42.569806" lon="141.440006"><ele>117</ele></trkpt>
    <trkpt lat="42.569678" lon="141.439834"><ele>117</ele></trkpt>
    <trkpt lat="42.569548" lon="141.439666"><ele>117</ele></trkpt>
    <trkpt lat="42.569421" lon="141.439493"><ele>117</ele></trkpt>
    <trkpt lat="42.569287" lon="141.439330"><ele>117</ele></trkpt>
    <trkpt lat="42.569153" lon="141.439166"><ele>117</ele></trkpt>
    <trkpt lat="42.569025" lon="141.438995"><ele>117</ele></trkpt>
    <trkpt lat="42.568897" lon="141.438824"><ele>117</ele></trkpt>
    <trkpt lat="42.568765" lon="141.438658"><ele>117</ele></trkpt>
    <trkpt lat="42.568632" lon="141.438493"><ele>116</ele></trkpt>
    <trkpt lat="42.568497" lon="141.438332"><ele>116</ele></trkpt>
    <trkpt lat="42.568367" lon="141.438163"><ele>116</ele></trkpt>
    <trkpt lat="42.568234" lon="141.437999"><ele>116</ele></trkpt>
    <trkpt lat="42.568106" lon="141.437827"><ele>116</ele></trkpt>
    <trkpt lat="42.567977" lon="141.437656"><ele>116</ele></trkpt>
    <trkpt lat="42.567846" lon="141.437490"><ele>116</ele></trkpt>
    <trkpt lat="42.567714" lon="141.437324"><ele>116</ele></trkpt>
    <trkpt lat="42.567584" lon="141.437155"><ele>115</ele></trkpt>
    <trkpt lat="42.567451" lon="141.436991"><ele>115</ele></trkpt>
    <trkpt lat="42.567319" lon="141.436824"><ele>115</ele></trkpt>
    <trkpt lat="42.567186" lon="141.436661"><ele>115</ele></trkpt>
    <trkpt lat="42.567057" lon="141.436491"><ele>115</ele></trkpt>
    <trkpt lat="42.566926" lon="141.436323"><ele>115</ele></trkpt>
    <trkpt lat="42.566795" lon="141.436155"><ele>115</ele></trkpt>
    <trkpt lat="42.566661" lon="141.435992"><ele>115</ele></trkpt>
    <trkpt lat="42.566533" lon="141.435821"><ele>114</ele></trkpt>
    <trkpt lat="42.566399" lon="141.435658"><ele>114</ele></trkpt>
    <trkpt lat="42.566271" lon="141.435487"><ele>114</ele></trkpt>
    <trkpt lat="42.566136" lon="141.435325"><ele>114</ele></trkpt>
    <trkpt lat="42.566009" lon="141.435152"><ele>114</ele></trkpt>
    <trkpt lat="42.565876" lon="141.434988"><ele>114</ele></trkpt>
    <trkpt lat="42.565747" lon="141.434818"><ele>114</ele></trkpt>
    <trkpt lat="42.565613" lon="141.434655"><ele>114</ele></trkpt>
    <trkpt lat="42.565482" lon="141.434488"><ele>113</ele></trkpt>
    <trkpt lat="42.565351" lon="141.434321"><ele>113</ele></trkpt>
    <trkpt lat="42.565222" lon="141.434150"><ele>113</ele></trkpt>
    <trkpt lat="42.565090" lon="141.433983"><ele>113</ele></trkpt>
    <trkpt lat="42.564960" lon="141.433815"><ele>113</ele></trkpt>
    <trkpt lat="42.564829" lon="141.433647"><ele>113</ele></trkpt>
    <trkpt lat="42.564702" lon="141.433475"><ele>113</ele></trkpt>
    <trkpt lat="42.564571" lon="141.433308"><ele>113</ele></trkpt>
    <trkpt lat="42.564438" lon="141.433143"><ele>112</ele></trkpt>
    <trkpt lat="42.564307" lon="141.432976"><ele>112</ele></trkpt>
    <trkpt lat="42.564178" lon="141.432805"><ele>112</ele></trkpt>
    <trkpt lat="42.564047" lon="141.432638"><ele>112</ele></trkpt>
    <trkpt lat="42.563917" lon="141.432470"><ele>112</ele></trkpt>
    <trkpt lat="42.563787" lon="141.432301"><ele>112</ele></trkpt>
    <trkpt lat="42.563657" lon="141.432133"><ele>112</ele></trkpt>
    <trkpt lat="42.563528" lon="141.431962"><ele>112</ele></trkpt>
    <trkpt lat="42.563400" lon="141.431791"><ele>111</ele></trkpt>
    <trkpt lat="42.563271" lon="141.431620"><ele>111</ele></trkpt>
    <trkpt lat="42.563141" lon="141.431451"><ele>111</ele></trkpt>
    <trkpt lat="42.563013" lon="141.431279"><ele>111</ele></trkpt>
    <trkpt lat="42.562881" lon="141.431113"><ele>111</ele></trkpt>
    <trkpt lat="42.562750" lon="141.430947"><ele>111</ele></trkpt>
    <trkpt lat="42.562615" lon="141.430784"><ele>111</ele></trkpt>
    <trkpt lat="42.562489" lon="141.430611"><ele>111</ele></trkpt>
    <trkpt lat="42.562355" lon="141.430448"><ele>110</ele></trkpt>
    <trkpt lat="42.562222" lon="141.430284"><ele>110</ele></trkpt>
    <trkpt lat="42.562092" lon="141.430115"><ele>110</ele></trkpt>
    <trkpt lat="42.561958" lon="141.429951"><ele>110</ele></trkpt>
    <trkpt lat="42.561824" lon="141.429789"><ele>110</ele></trkpt>
    <trkpt lat="42.561690" lon="141.429627"><ele>110</ele></trkpt>
    <trkpt lat="42.561560" lon="141.429457"><ele>110</ele></trkpt>
    <trkpt lat="42.561432" lon="141.429285"><ele>110</ele></trkpt>
    <trkpt lat="42.561300" lon="141.429120"><ele>109</ele></trkpt>
    <trkpt lat="42.561166" lon="141.428957"><ele>109</ele></trkpt>
    <trkpt lat="42.561032" lon="141.428794"><ele>109</ele></trkpt>
    <trkpt lat="42.560899" lon="141.428630"><ele>109</ele></trkpt>
    <trkpt lat="42.560765" lon="141.428466"><ele>109</ele></trkpt>
    <trkpt lat="42.560631" lon="141.428304"><ele>109</ele></trkpt>
    <trkpt lat="42.560503" lon="141.428133"><ele>109</ele></trkpt>
    <trkpt lat="42.560376" lon="141.427960"><ele>109</ele></trkpt>
    <trkpt lat="42.560246" lon="141.427790"><ele>108</ele></trkpt>
    <trkpt lat="42.560116" lon="141.427621"><ele>108</ele></trkpt>
    <trkpt lat="42.559984" lon="141.427456"><ele>108</ele></trkpt>
    <trkpt lat="42.559830" lon="141.427582"><ele>108</ele></trkpt>
    <trkpt lat="42.559679" lon="141.427714"><ele>108</ele></trkpt>
    <trkpt lat="42.559526" lon="141.427842"><ele>108</ele></trkpt>
    <trkpt lat="42.559375" lon="141.427975"><ele>108</ele></trkpt>
    <trkpt lat="42.559222" lon="141.428103"><ele>108</ele></trkpt>
    <trkpt lat="42.559068" lon="141.428230"><ele>107</ele></trkpt>
    <trkpt lat="42.558917" lon="141.428363"><ele>107</ele></trkpt>
    <trkpt lat="42.558766" lon="141.428495"><ele>107</ele></trkpt>
    <trkpt lat="42.558613" lon="141.428625"><ele>107</ele></trkpt>
    <trkpt lat="42.558459" lon="141.428750"><ele>107</ele></trkpt>
    <trkpt lat="42.558309" lon="141.428885"><ele>107</ele></trkpt>
    <trkpt lat="42.558158" lon="141.429018"><ele>107</ele></trkpt>
    <trkpt lat="42.558010" lon="141.429157"><ele>107</ele></trkpt>
    <trkpt lat="42.557862" lon="141.429296"><ele>106</ele></trkpt>
    <trkpt lat="42.557709" lon="141.429423"><ele>106</ele></trkpt>
    <trkpt lat="42.557557" lon="141.429554"><ele>106</ele></trkpt>
    <trkpt lat="42.557409" lon="141.429692"><ele>106</ele></trkpt>
    <trkpt lat="42.557254" lon="141.429817"><ele>106</ele></trkpt>
    <trkpt lat="42.557101" lon="141.429945"><ele>106</ele></trkpt>
    <trkpt lat="42.556952" lon="141.430081"><ele>106</ele></trkpt>
    <trkpt lat="42.556799" lon="141.430211"><ele>106</ele></trkpt>
    <trkpt lat="42.556650" lon="141.430348"><ele>105</ele></trkpt>
    <trkpt lat="42.556501" lon="141.430484"><ele>105</ele></trkpt>
    <trkpt lat="42.556350" lon="141.430616"><ele>105</ele></trkpt>
    <trkpt lat="42.556200" lon="141.430751"><ele>105</ele></trkpt>
    <trkpt lat="42.556046" lon="141.430877"><ele>105</ele></trkpt>
    <trkpt lat="42.555893" lon="141.431006"><ele>105</ele></trkpt>
    <trkpt lat="42.555744" lon="141.431142"><ele>105</ele></trkpt>
    <trkpt lat="42.555592" lon="141.431274"><ele>105</ele></trkpt>
    <trkpt lat="42.555444" lon="141.431413"><ele>104</ele></trkpt>
    <trkpt lat="42.555293" lon="141.431544"><ele>104</ele></trkpt>
    <trkpt lat="42.555142" lon="141.431677"><ele>104</ele></trkpt>
    <trkpt lat="42.554991" lon="141.431810"><ele>104</ele></trkpt>
    <trkpt lat="42.554837" lon="141.431936"><ele>104</ele></trkpt>
    <trkpt lat="42.554689" lon="141.432075"><ele>104</ele></trkpt>
    <trkpt lat="42.554538" lon="141.432208"><ele>104</ele></trkpt>
    <trkpt lat="42.554386" lon="141.432337"><ele>104</ele></trkpt>
    <trkpt lat="42.554238" lon="141.432476"><ele>103</ele></trkpt>
    <trkpt lat="42.554087" lon="141.432609"><ele>103</ele></trkpt>
    <trkpt lat="42.553938" lon="141.432746"><ele>103</ele></trkpt>
    <trkpt lat="42.553789" lon="141.432883"><ele>103</ele></trkpt>
    <trkpt lat="42.553635" lon="141.433009"><ele>103</ele></trkpt>
    <trkpt lat="42.553482" lon="141.433138"><ele>103</ele></trkpt>
    <trkpt lat="42.553332" lon="141.433271"><ele>103</ele></trkpt>
    <trkpt lat="42.553181" lon="141.433404"><ele>103</ele></trkpt>
    <trkpt lat="42.553030" lon="141.433537"><ele>102</ele></trkpt>
    <trkpt lat="42.552880" lon="141.433672"><ele>102</ele></trkpt>
    <trkpt lat="42.552727" lon="141.433800"><ele>102</ele></trkpt>
    <trkpt lat="42.552574" lon="141.433929"><ele>102</ele></trkpt>
    <trkpt lat="42.552424" lon="141.434062"><ele>102</ele></trkpt>
    <trkpt lat="42.552272" lon="141.434194"><ele>102</ele></trkpt>
    <trkpt lat="42.552119" lon="141.434323"><ele>102</ele></trkpt>
    <trkpt lat="42.551968" lon="141.434454"><ele>101</ele></trkpt>
    <trkpt lat="42.551818" lon="141.434589"><ele>101</ele></trkpt>
    <trkpt lat="42.551667" lon="141.434722"><ele>101</ele></trkpt>
    <trkpt lat="42.551516" lon="141.434855"><ele>101</ele></trkpt>
    <trkpt lat="42.551365" lon="141.434988"><ele>101</ele></trkpt>
    <trkpt lat="42.551216" lon="141.435125"><ele>101</ele></trkpt>
    <trkpt lat="42.551064" lon="141.435256"><ele>101</ele></trkpt>
    <trkpt lat="42.550915" lon="141.435392"><ele>101</ele></trkpt>
    <trkpt lat="42.550761" lon="141.435518"><ele>100</ele></trkpt>
    <trkpt lat="42.550610" lon="141.435651"><ele>100</ele></trkpt>
    <trkpt lat="42.550458" lon="141.435781"><ele>100</ele></trkpt>
    <trkpt lat="42.550305" lon="141.435910"><ele>100</ele></trkpt>
    <trkpt lat="42.550154" lon="141.436042"><ele>100</ele></trkpt>
    <trkpt lat="42.550001" lon="141.436170"><ele>100</ele></trkpt>
    <trkpt lat="42.549847" lon="141.436298"><ele>100</ele></trkpt>
    <trkpt lat="42.549698" lon="141.436433"><ele>100</ele></trkpt>
    <trkpt lat="42.549549" lon="141.436571"><ele>99</ele></trkpt>
    <trkpt lat="42.549396" lon="141.436698"><ele>99</ele></trkpt>
    <trkpt lat="42.549246" lon="141.436832"><ele>99</ele></trkpt>
    <trkpt lat="42.549093" lon="141.436961"><ele>99</ele></trkpt>
    <trkpt lat="42.548943" lon="141.437097"><ele>99</ele></trkpt>
    <trkpt lat="42.548794" lon="141.437233"><ele>99</ele></trkpt>
    <trkpt lat="42.548640" lon="141.437360"><ele>99</ele></trkpt>
    <trkpt lat="42.548487" lon="141.437488"><ele>99</ele></trkpt>
    <trkpt lat="42.548334" lon="141.437616"><ele>98</ele></trkpt>
    <trkpt lat="42.548183" lon="141.437748"><ele>98</ele></trkpt>
    <trkpt lat="42.548032" lon="141.437882"><ele>98</ele></trkpt>
    <trkpt lat="42.547878" lon="141.438007"><ele>98</ele></trkpt>
    <trkpt lat="42.547728" lon="141.438142"><ele>98</ele></trkpt>
    <trkpt lat="42.547576" lon="141.438273"><ele>98</ele></trkpt>
    <trkpt lat="42.547424" lon="141.438403"><ele>98</ele></trkpt>
    <trkpt lat="42.547275" lon="141.438540"><ele>97</ele></trkpt>
    <trkpt lat="42.547125" lon="141.438675"><ele>97</ele></trkpt>
    <trkpt lat="42.546975" lon="141.438810"><ele>97</ele></trkpt>
    <trkpt lat="42.546826" lon="141.438946"><ele>97</ele></trkpt>
    <trkpt lat="42.546677" lon="141.439083"><ele>97</ele></trkpt>
    <trkpt lat="42.546525" lon="141.439213"><ele>97</ele></trkpt>
    <trkpt lat="42.546372" lon="141.439341"><ele>97</ele></trkpt>
    <trkpt lat="42.546219" lon="141.439469"><ele>97</ele></trkpt>
    <trkpt lat="42.546070" lon="141.439606"><ele>96</ele></trkpt>
    <trkpt lat="42.545916" lon="141.439732"><ele>96</ele></trkpt>
    <trkpt lat="42.545765" lon="141.439866"><ele>96</ele></trkpt>
    <trkpt lat="42.545616" lon="141.440002"><ele>96</ele></trkpt>
    <trkpt lat="42.545462" lon="141.440129"><ele>96</ele></trkpt>
    <trkpt lat="42.545311" lon="141.440261"><ele>96</ele></trkpt>
    <trkpt lat="42.545161" lon="141.440396"><ele>96</ele></trkpt>
    <trkpt lat="42.545007" lon="141.440522"><ele>95</ele></trkpt>
    <trkpt lat="42.544854" lon="141.440649"><ele>95</ele></trkpt>
    <trkpt lat="42.544705" lon="141.440787"><ele>95</ele></trkpt>
    <trkpt lat="42.544556" lon="141.440923"><ele>95</ele></trkpt>
    <trkpt lat="42.544405" lon="141.441057"><ele>95</ele></trkpt>
    <trkpt lat="42.544258" lon="141.441197"><ele>95</ele></trkpt>
    <trkpt lat="42.544105" lon="141.441325"><ele>95</ele></trkpt>
    <trkpt lat="42.543954" lon="141.441458"><ele>95</ele></trkpt>
    <trkpt lat="42.543803" lon="141.441591"><ele>94</ele></trkpt>
    <trkpt lat="42.543651" lon="141.441721"><ele>94</ele></trkpt>
    <trkpt lat="42.543499" lon="141.441851"><ele>94</ele></trkpt>
    <trkpt lat="42.543345" lon="141.441978"><ele>94</ele></trkpt>
    <trkpt lat="42.543193" lon="141.442108"><ele>94</ele></trkpt>
    <trkpt lat="42.543045" lon="141.442247"><ele>94</ele></trkpt>
    <trkpt lat="42.542895" lon="141.442382"><ele>94</ele></trkpt>
    <trkpt lat="42.542741" lon="141.442508"><ele>93</ele></trkpt>
    <trkpt lat="42.542588" lon="141.442636"><ele>93</ele></trkpt>
    <trkpt lat="42.542437" lon="141.442769"><ele>93</ele></trkpt>
    <trkpt lat="42.542286" lon="141.442902"><ele>93</ele></trkpt>
    <trkpt lat="42.542137" lon="141.443039"><ele>93</ele></trkpt>
    <trkpt lat="42.541983" lon="141.443165"><ele>93</ele></trkpt>
    <trkpt lat="42.541832" lon="141.443297"><ele>93</ele></trkpt>
    <trkpt lat="42.541680" lon="141.443427"><ele>93</ele></trkpt>
    <trkpt lat="42.541529" lon="141.443560"><ele>92</ele></trkpt>
    <trkpt lat="42.541378" lon="141.443692"><ele>92</ele></trkpt>
    <trkpt lat="42.541225" lon="141.443821"><ele>92</ele></trkpt>
    <trkpt lat="42.541073" lon="141.443952"><ele>92</ele></trkpt>
    <trkpt lat="42.540922" lon="141.444085"><ele>92</ele></trkpt>
    <trkpt lat="42.540774" lon="141.444224"><ele>92</ele></trkpt>
    <trkpt lat="42.540623" lon="141.444355"><ele>92</ele></trkpt>
    <trkpt lat="42.540469" lon="141.444483"><ele>91</ele></trkpt>
    <trkpt lat="42.540319" lon="141.444617"><ele>91</ele></trkpt>
    <trkpt lat="42.540170" lon="141.444754"><ele>91</ele></trkpt>
    <trkpt lat="42.540019" lon="141.444886"><ele>91</ele></trkpt>
    <trkpt lat="42.539871" lon="141.445024"><ele>91</ele></trkpt>
    <trkpt lat="42.539720" lon="141.445158"><ele>91</ele></trkpt>
    <trkpt lat="42.539572" lon="141.445295"><ele>91</ele></trkpt>
    <trkpt lat="42.539424" lon="141.445434"><ele>91</ele></trkpt>
    <trkpt lat="42.539270" lon="141.445561"><ele>90</ele></trkpt>
    <trkpt lat="42.539121" lon="141.445697"><ele>90</ele></trkpt>
    <trkpt lat="42.538971" lon="141.445833"><ele>90</ele></trkpt>
    <trkpt lat="42.538818" lon="141.445960"><ele>90</ele></trkpt>
    <trkpt lat="42.538665" lon="141.446089"><ele>90</ele></trkpt>
    <trkpt lat="42.538516" lon="141.446226"><ele>90</ele></trkpt>
    <trkpt lat="42.538362" lon="141.446352"><ele>90</ele></trkpt>
    <trkpt lat="42.538230" lon="141.446187"><ele>89</ele></trkpt>
    <trkpt lat="42.538097" lon="141.446022"><ele>89</ele></trkpt>
    <trkpt lat="42.537967" lon="141.445853"><ele>89</ele></trkpt>
    <trkpt lat="42.537834" lon="141.445689"><ele>89</ele></trkpt>
    <trkpt lat="42.537706" lon="141.445517"><ele>89</ele></trkpt>
    <trkpt lat="42.537574" lon="141.445352"><ele>89</ele></trkpt>
    <trkpt lat="42.537446" lon="141.445181"><ele>89</ele></trkpt>
    <trkpt lat="42.537314" lon="141.445015"><ele>89</ele></trkpt>
    <trkpt lat="42.537183" lon="141.444847"><ele>88</ele></trkpt>
    <trkpt lat="42.537052" lon="141.444680"><ele>88</ele></trkpt>
    <trkpt lat="42.536921" lon="141.444512"><ele>88</ele></trkpt>
    <trkpt lat="42.536788" lon="141.444349"><ele>88</ele></trkpt>
    <trkpt lat="42.536656" lon="141.444182"><ele>88</ele></trkpt>
    <trkpt lat="42.536525" lon="141.444014"><ele>88</ele></trkpt>
    <trkpt lat="42.536396" lon="141.443845"><ele>88</ele></trkpt>
    <trkpt lat="42.536269" lon="141.443672"><ele>87</ele></trkpt>
    <trkpt lat="42.536138" lon="141.443505"><ele>87</ele></trkpt>
    <trkpt lat="42.536007" lon="141.443337"><ele>87</ele></trkpt>
    <trkpt lat="42.535879" lon="141.443166"><ele>87</ele></trkpt>
    <trkpt lat="42.535748" lon="141.442999"><ele>87</ele></trkpt>
    <trkpt lat="42.535619" lon="141.442829"><ele>87</ele></trkpt>
    <trkpt lat="42.535485" lon="141.442665"><ele>87</ele></trkpt>
    <trkpt lat="42.535358" lon="141.442494"><ele>87</ele></trkpt>
    <trkpt lat="42.535226" lon="141.442327"><ele>86</ele></trkpt>
    <trkpt lat="42.535098" lon="141.442155"><ele>86</ele></trkpt>
    <trkpt lat="42.534969" lon="141.441985"><ele>86</ele></trkpt>
    <trkpt lat="42.534838" lon="141.441818"><ele>86</ele></trkpt>
    <trkpt lat="42.534712" lon="141.441644"><ele>86</ele></trkpt>
    <trkpt lat="42.534581" lon="141.441477"><ele>86</ele></trkpt>
    <trkpt lat="42.534454" lon="141.441304"><ele>86</ele></trkpt>
    <trkpt lat="42.534324" lon="141.441135"><ele>85</ele></trkpt>
    <trkpt lat="42.534191" lon="141.440971"><ele>85</ele></trkpt>
    <trkpt lat="42.534065" lon="141.440797"><ele>85</ele></trkpt>
    <trkpt lat="42.533932" lon="141.440632"><ele>85</ele></trkpt>
    <trkpt lat="42.533804" lon="141.440461"><ele>85</ele></trkpt>
    <trkpt lat="42.533676" lon="141.440289"><ele>85</ele></trkpt>
    <trkpt lat="42.533545" lon="141.440123"><ele>85</ele></trkpt>
    <trkpt lat="42.533419" lon="141.439949"><ele>84</ele></trkpt>
    <trkpt lat="42.533286" lon="141.439784"><ele>84</ele></trkpt>
    <trkpt lat="42.533154" lon="141.439618"><ele>84</ele></trkpt>
    <trkpt lat="42.533021" lon="141.439454"><ele>84</ele></trkpt>
    <trkpt lat="42.532891" lon="141.439285"><ele>84</ele></trkpt>
    <trkpt lat="42.532761" lon="141.439117"><ele>84</ele></trkpt>
    <trkpt lat="42.532627" lon="141.438954"><ele>84</ele></trkpt>
    <trkpt lat="42.532500" lon="141.438781"><ele>84</ele></trkpt>
    <trkpt lat="42.532369" lon="141.438613"><ele>83</ele></trkpt>
    <trkpt lat="42.532241" lon="141.438442"><ele>83</ele></trkpt>
    <trkpt lat="42.532110" lon="141.438275"><ele>83</ele></trkpt>
    <trkpt lat="42.531980" lon="141.438106"><ele>83</ele></trkpt>
    <trkpt lat="42.531850" lon="141.437937"><ele>83</ele></trkpt>
    <trkpt lat="42.531723" lon="141.437764"><ele>83</ele></trkpt>
    <trkpt lat="42.531597" lon="141.437590"><ele>83</ele></trkpt>
    <trkpt lat="42.531469" lon="141.437419"><ele>82</ele></trkpt>
    <trkpt lat="42.531341" lon="141.437247"><ele>82</ele></trkpt>
    <trkpt lat="42.531210" lon="141.437080"><ele>82</ele></trkpt>
    <trkpt lat="42.531081" lon="141.436909"><ele>82</ele></trkpt>
    <trkpt lat="42.530951" lon="141.436741"><ele>82</ele></trkpt>
    <trkpt lat="42.530820" lon="141.436575"><ele>82</ele></trkpt>
    <trkpt lat="42.530690" lon="141.436406"><ele>82</ele></trkpt>
    <trkpt lat="42.530557" lon="141.436241"><ele>81</ele></trkpt>
    <trkpt lat="42.530428" lon="141.436072"><ele>81</ele></trkpt>
    <trkpt lat="42.530295" lon="141.435907"><ele>81</ele></trkpt>
    <trkpt lat="42.530163" lon="141.435741"><ele>81</ele></trkpt>
    <trkpt lat="42.530030" lon="141.435576"><ele>81</ele></trkpt>
    <trkpt lat="42.529900" lon="141.435408"><ele>81</ele></trkpt>
    <trkpt lat="42.529767" lon="141.435243"><ele>81</ele></trkpt>
    <trkpt lat="42.529636" lon="141.435077"><ele>80</ele></trkpt>
    <trkpt lat="42.529503" lon="141.434912"><ele>80</ele></trkpt>
    <trkpt lat="42.529374" lon="141.434742"><ele>80</ele></trkpt>
    <trkpt lat="42.529240" lon="141.434579"><ele>80</ele></trkpt>
    <trkpt lat="42.529107" lon="141.434414"><ele>80</ele></trkpt>
    <trkpt lat="42.528982" lon="141.434239"><ele>80</ele></trkpt>
    <trkpt lat="42.528851" lon="141.434072"><ele>80</ele></trkpt>
    <trkpt lat="42.528725" lon="141.433898"><ele>80</ele></trkpt>
    <trkpt lat="42.528596" lon="141.433727"><ele>79</ele></trkpt>
    <trkpt lat="42.528466" lon="141.433559"><ele>79</ele></trkpt>
    <trkpt lat="42.528340" lon="141.433384"><ele>79</ele></trkpt>
    <trkpt lat="42.528213" lon="141.433212"><ele>79</ele></trkpt>
    <trkpt lat="42.528080" lon="141.433048"><ele>79</ele></trkpt>
    <trkpt lat="42.527949" lon="141.432881"><ele>79</ele></trkpt>
    <trkpt lat="42.527822" lon="141.432708"><ele>79</ele></trkpt>
    <trkpt lat="42.527690" lon="141.432542"><ele>78</ele></trkpt>
    <trkpt lat="42.527557" lon="141.432377"><ele>78</ele></trkpt>
    <trkpt lat="42.527425" lon="141.432211"><ele>78</ele></trkpt>
    <trkpt lat="42.527297" lon="141.432040"><ele>78</ele></trkpt>
    <trkpt lat="42.527168" lon="141.431871"><ele>78</ele></trkpt>
    <trkpt lat="42.527041" lon="141.431697"><ele>78</ele></trkpt>
    <trkpt lat="42.526911" lon="141.431529"><ele>78</ele></trkpt>
    <trkpt lat="42.526782" lon="141.431358"><ele>77</ele></trkpt>
    <trkpt lat="42.526648" lon="141.431195"><ele>77</ele></trkpt>
    <trkpt lat="42.526516" lon="141.431030"><ele>77</ele></trkpt>
    <trkpt lat="42.526383" lon="141.430865"><ele>77</ele></trkpt>
    <trkpt lat="42.526255" lon="141.430694"><ele>77</ele></trkpt>
    <trkpt lat="42.526127" lon="141.430522"><ele>77</ele></trkpt>
    <trkpt lat="42.525993" lon="141.430360"><ele>77</ele></trkpt>
    <trkpt lat="42.525860" lon="141.430195"><ele>76</ele></trkpt>
    <trkpt lat="42.525729" lon="141.430028"><ele>76</ele></trkpt>
    <trkpt lat="42.525603" lon="141.429855"><ele>76</ele></trkpt>
    <trkpt lat="42.525468" lon="141.429692"><ele>76</ele></trkpt>
    <trkpt lat="42.525339" lon="141.429524"><ele>76</ele></trkpt>
    <trkpt lat="42.525206" lon="141.429358"><ele>76</ele></trkpt>
    <trkpt lat="42.525077" lon="141.429189"><ele>76</ele></trkpt>
    <trkpt lat="42.524946" lon="141.429022"><ele>75</ele></trkpt>
    <trkpt lat="42.524813" lon="141.428856"><ele>75</ele></trkpt>
    <trkpt lat="42.524685" lon="141.428685"><ele>75</ele></trkpt>
    <trkpt lat="42.524558" lon="141.428513"><ele>75</ele></trkpt>
    <trkpt lat="42.524427" lon="141.428346"><ele>75</ele></trkpt>
    <trkpt lat="42.524294" lon="141.428181"><ele>75</ele></trkpt>
    <trkpt lat="42.524161" lon="141.428017"><ele>75</ele></trkpt>
    <trkpt lat="42.524033" lon="141.427845"><ele>75</ele></trkpt>
    <trkpt lat="42.523900" lon="141.427681"><ele>74</ele></trkpt>
    <trkpt lat="42.523769" lon="141.427513"><ele>74</ele></trkpt>
    <trkpt lat="42.523639" lon="141.427344"><ele>74</ele></trkpt>
    <trkpt lat="42.523510" lon="141.427175"><ele>74</ele></trkpt>
    <trkpt lat="42.523382" lon="141.427003"><ele>74</ele></trkpt>
    <trkpt lat="42.523255" lon="141.426831"><ele>74</ele></trkpt>
    <trkpt lat="42.523127" lon="141.426659"><ele>74</ele></trkpt>
    <trkpt lat="42.522994" lon="141.426495"><ele>73</ele></trkpt>
    <trkpt lat="42.522864" lon="141.426327"><ele>73</ele></trkpt>
    <trkpt lat="42.522731" lon="141.426162"><ele>73</ele></trkpt>
    <trkpt lat="42.522605" lon="141.425988"><ele>73</ele></trkpt>
    <trkpt lat="42.522475" lon="141.425819"><ele>73</ele></trkpt>
    <trkpt lat="42.522345" lon="141.425650"><ele>73</ele></trkpt>
    <trkpt lat="42.522212" lon="141.425486"><ele>73</ele></trkpt>
    <trkpt lat="42.522084" lon="141.425314"><ele>72</ele></trkpt>
    <trkpt lat="42.521954" lon="141.425146"><ele>72</ele></trkpt>
    <trkpt lat="42.521821" lon="141.424982"><ele>72</ele></trkpt>
    <trkpt lat="42.521688" lon="141.424817"><ele>72</ele></trkpt>
    <trkpt lat="42.521554" lon="141.424655"><ele>72</ele></trkpt>
    <trkpt lat="42.521423" lon="141.424487"><ele>72</ele></trkpt>
    <trkpt lat="42.521295" lon="141.424316"><ele>72</ele></trkpt>
    <trkpt lat="42.521162" lon="141.424152"><ele>71</ele></trkpt>
    <trkpt lat="42.521030" lon="141.423986"><ele>71</ele></trkpt>
    <trkpt lat="42.520901" lon="141.423816"><ele>71</ele></trkpt>
    <trkpt lat="42.520811" lon="141.424028"><ele>71</ele></trkpt>
    <trkpt lat="42.520726" lon="141.424243"><ele>71</ele></trkpt>
    <trkpt lat="42.520642" lon="141.424459"><ele>71</ele></trkpt>
    <trkpt lat="42.520561" lon="141.424677"><ele>71</ele></trkpt>
    <trkpt lat="42.520479" lon="141.424894"><ele>70</ele></trkpt>
    <trkpt lat="42.520396" lon="141.425110"><ele>70</ele></trkpt>
    <trkpt lat="42.520313" lon="141.425327"><ele>70</ele></trkpt>
    <trkpt lat="42.520224" lon="141.425539"><ele>70</ele></trkpt>
    <trkpt lat="42.520137" lon="141.425752"><ele>70</ele></trkpt>
    <trkpt lat="42.520054" lon="141.425969"><ele>70</ele></trkpt>
    <trkpt lat="42.519966" lon="141.426182"><ele>70</ele></trkpt>
    <trkpt lat="42.519882" lon="141.426397"><ele>69</ele></trkpt>
    <trkpt lat="42.519798" lon="141.426613"><ele>69</ele></trkpt>
    <trkpt lat="42.519717" lon="141.426831"><ele>69</ele></trkpt>
    <trkpt lat="42.519628" lon="141.427043"><ele>69</ele></trkpt>
    <trkpt lat="42.519548" lon="141.427261"><ele>69</ele></trkpt>
    <trkpt lat="42.519461" lon="141.427476"><ele>69</ele></trkpt>
    <trkpt lat="42.519375" lon="141.427690"><ele>69</ele></trkpt>
    <trkpt lat="42.519284" lon="141.427900"><ele>68</ele></trkpt>
    <trkpt lat="42.519201" lon="141.428116"><ele>68</ele></trkpt>
    <trkpt lat="42.519116" lon="141.428332"><ele>68</ele></trkpt>
    <trkpt lat="42.519027" lon="141.428544"><ele>68</ele></trkpt>
    <trkpt lat="42.518943" lon="141.428759"><ele>68</ele></trkpt>
    <trkpt lat="42.518859" lon="141.428975"><ele>68</ele></trkpt>
    <trkpt lat="42.518771" lon="141.429188"><ele>68</ele></trkpt>
    <trkpt lat="42.518691" lon="141.429407"><ele>67</ele></trkpt>
    <trkpt lat="42.518603" lon="141.429620"><ele>67</ele></trkpt>
    <trkpt lat="42.518521" lon="141.429837"><ele>67</ele></trkpt>
    <trkpt lat="42.518436" lon="141.430052"><ele>67</ele></trkpt>
    <trkpt lat="42.518354" lon="141.430269"><ele>67</ele></trkpt>
    <trkpt lat="42.518264" lon="141.430480"><ele>67</ele></trkpt>
    <trkpt lat="42.518181" lon="141.430697"><ele>67</ele></trkpt>
    <trkpt lat="42.518093" lon="141.430910"><ele>66</ele></trkpt>
    <trkpt lat="42.518012" lon="141.431128"><ele>66</ele></trkpt>
    <trkpt lat="42.517922" lon="141.431339"><ele>66</ele></trkpt>
    <trkpt lat="42.517841" lon="141.431557"><ele>66</ele></trkpt>
    <trkpt lat="42.517755" lon="141.431771"><ele>66</ele></trkpt>
    <trkpt lat="42.517667" lon="141.431984"><ele>66</ele></trkpt>
    <trkpt lat="42.517579" lon="141.432197"><ele>66</ele></trkpt>
    <trkpt lat="42.517489" lon="141.432408"><ele>65</ele></trkpt>
    <trkpt lat="42.517406" lon="141.432624"><ele>65</ele></trkpt>
    <trkpt lat="42.517323" lon="141.432841"><ele>65</ele></trkpt>
    <trkpt lat="42.517233" lon="141.433052"><ele>65</ele></trkpt>
    <trkpt lat="42.517151" lon="141.433269"><ele>65</ele></trkpt>
    <trkpt lat="42.517069" lon="141.433486"><ele>65</ele></trkpt>
    <trkpt lat="42.516984" lon="141.433702"><ele>65</ele></trkpt>
    <trkpt lat="42.516900" lon="141.433917"><ele>64</ele></trkpt>
    <trkpt lat="42.516819" lon="141.434136"><ele>64</ele></trkpt>
    <trkpt lat="42.516732" lon="141.434348"><ele>64</ele></trkpt>
    <trkpt lat="42.516648" lon="141.434565"><ele>64</ele></trkpt>
    <trkpt lat="42.516566" lon="141.434782"><ele>64</ele></trkpt>
    <trkpt lat="42.516479" lon="141.434995"><ele>64</ele></trkpt>
    <trkpt lat="42.516391" lon="141.435208"><ele>64</ele></trkpt>
    <trkpt lat="42.516301" lon="141.435419"><ele>63</ele></trkpt>
    <trkpt lat="42.516216" lon="141.435635"><ele>63</ele></trkpt>
    <trkpt lat="42.516136" lon="141.435853"><ele>63</ele></trkpt>
    <trkpt lat="42.516052" lon="141.436069"><ele>63</ele></trkpt>
    <trkpt lat="42.515965" lon="141.436283"><ele>63</ele></trkpt>
    <trkpt lat="42.515880" lon="141.436498"><ele>63</ele></trkpt>
    <trkpt lat="42.515797" lon="141.436714"><ele>63</ele></trkpt>
    <trkpt lat="42.515716" lon="141.436932"><ele>62</ele></trkpt>
    <trkpt lat="42.515634" lon="141.437149"><ele>62</ele></trkpt>
    <trkpt lat="42.515547" lon="141.437363"><ele>62</ele></trkpt>
    <trkpt lat="42.515461" lon="141.437577"><ele>62</ele></trkpt>
    <trkpt lat="42.515380" lon="141.437795"><ele>62</ele></trkpt>
    <trkpt lat="42.515296" lon="141.438010"><ele>62</ele></trkpt>
    <trkpt lat="42.515205" lon="141.438221"><ele>62</ele></trkpt>
    <trkpt lat="42.515124" lon="141.438439"><ele>61</ele></trkpt>
    <trkpt lat="42.515037" lon="141.438652"><ele>61</ele></trkpt>
    <trkpt lat="42.514948" lon="141.438865"><ele>61</ele></trkpt>
    <trkpt lat="42.514861" lon="141.439078"><ele>61</ele></trkpt>
    <trkpt lat="42.514775" lon="141.439292"><ele>61</ele></trkpt>
    <trkpt lat="42.514692" lon="141.439509"><ele>61</ele></trkpt>
    <trkpt lat="42.514609" lon="141.439725"><ele>61</ele></trkpt>
    <trkpt lat="42.514520" lon="141.439937"><ele>60</ele></trkpt>
    <trkpt lat="42.514436" lon="141.440153"><ele>60</ele></trkpt>
    <trkpt lat="42.514353" lon="141.440370"><ele>60</ele></trkpt>
    <trkpt lat="42.514262" lon="141.440580"><ele>60</ele></trkpt>
    <trkpt lat="42.514176" lon="141.440794"><ele>60</ele></trkpt>
    <trkpt lat="42.514092" lon="141.441010"><ele>60</ele></trkpt>
    <trkpt lat="42.514005" lon="141.441224"><ele>60</ele></trkpt>
    <trkpt lat="42.513916" lon="141.441436"><ele>59</ele></trkpt>
    <trkpt lat="42.513827" lon="141.441648"><ele>59</ele></trkpt>
    <trkpt lat="42.513737" lon="141.441859"><ele>59</ele></trkpt>
    <trkpt lat="42.513651" lon="141.442073"><ele>59</ele></trkpt>
    <trkpt lat="42.513564" lon="141.442287"><ele>59</ele></trkpt>
    <trkpt lat="42.513474" lon="141.442499"><ele>59</ele></trkpt>
    <trkpt lat="42.513393" lon="141.442716"><ele>59</ele></trkpt>
    <trkpt lat="42.513310" lon="141.442933"><ele>58</ele></trkpt>
    <trkpt lat="42.513219" lon="141.443143"><ele>58</ele></trkpt>
    <trkpt lat="42.513132" lon="141.443356"><ele>58</ele></trkpt>
    <trkpt lat="42.513045" lon="141.443570"><ele>58</ele></trkpt>
    <trkpt lat="42.512960" lon="141.443785"><ele>58</ele></trkpt>
    <trkpt lat="42.512874" lon="141.444000"><ele>58</ele></trkpt>
    <trkpt lat="42.512793" lon="141.444218"><ele>58</ele></trkpt>
    <trkpt lat="42.512706" lon="141.444431"><ele>57</ele></trkpt>
    <trkpt lat="42.512623" lon="141.444648"><ele>57</ele></trkpt>
    <trkpt lat="42.512539" lon="141.444863"><ele>57</ele></trkpt>
    <trkpt lat="42.512455" lon="141.445079"><ele>57</ele></trkpt>
    <trkpt lat="42.512372" lon="141.445296"><ele>57</ele></trkpt>
    <trkpt lat="42.512292" lon="141.445514"><ele>57</ele></trkpt>
    <trkpt lat="42.512211" lon="141.445732"><ele>57</ele></trkpt>
    <trkpt lat="42.512120" lon="141.445943"><ele>56</ele></trkpt>
    <trkpt lat="42.512037" lon="141.446159"><ele>56</ele></trkpt>
    <trkpt lat="42.511950" lon="141.446373"><ele>56</ele></trkpt>
    <trkpt lat="42.511866" lon="141.446588"><ele>56</ele></trkpt>
    <trkpt lat="42.511785" lon="141.446806"><ele>56</ele></trkpt>
    <trkpt lat="42.511700" lon="141.447021"><ele>56</ele></trkpt>
    <trkpt lat="42.511612" lon="141.447234"><ele>56</ele></trkpt>
    <trkpt lat="42.511530" lon="141.447451"><ele>55</ele></trkpt>
    <trkpt lat="42.511440" lon="141.447662"><ele>55</ele></trkpt>
    <trkpt lat="42.511351" lon="141.447874"><ele>55</ele></trkpt>
    <trkpt lat="42.511265" lon="141.448089"><ele>55</ele></trkpt>
    <trkpt lat="42.511177" lon="141.448301"><ele>55</ele></trkpt>
    <trkpt lat="42.511089" lon="141.448515"><ele>55</ele></trkpt>
    <trkpt lat="42.511003" lon="141.448728"><ele>55</ele></trkpt>
    <trkpt lat="42.510921" lon="141.448946"><ele>54</ele></trkpt>
    <trkpt lat="42.510832" lon="141.449158"><ele>54</ele></trkpt>
    <trkpt lat="42.510744" lon="141.449371"><ele>54</ele></trkpt>
    <trkpt lat="42.510654" lon="141.449582"><ele>54</ele></trkpt>
    <trkpt lat="42.510569" lon="141.449797"><ele>54</ele></trkpt>
    <trkpt lat="42.510482" lon="141.450011"><ele>54</ele></trkpt>
    <trkpt lat="42.510395" lon="141.450224"><ele>53</ele></trkpt>
    <trkpt lat="42.510312" lon="141.450440"><ele>53</ele></trkpt>
    <trkpt lat="42.510226" lon="141.450655"><ele>53</ele></trkpt>
    <trkpt lat="42.510141" lon="141.450870"><ele>53</ele></trkpt>
    <trkpt lat="42.510051" lon="141.451081"><ele>53</ele></trkpt>
    <trkpt lat="42.509967" lon="141.451297"><ele>53</ele></trkpt>
    <trkpt lat="42.509881" lon="141.451511"><ele>53</ele></trkpt>
    <trkpt lat="42.509791" lon="141.451722"><ele>52</ele></trkpt>
    <trkpt lat="42.509707" lon="141.451938"><ele>52</ele></trkpt>
    <trkpt lat="42.509627" lon="141.452157"><ele>52</ele></trkpt>
    <trkpt lat="42.509545" lon="141.452373"><ele>52</ele></trkpt>
    <trkpt lat="42.509464" lon="141.452592"><ele>52</ele></trkpt>
    <trkpt lat="42.509382" lon="141.452808"><ele>52</ele></trkpt>
    <trkpt lat="42.509292" lon="141.453020"><ele>52</ele></trkpt>
    <trkpt lat="42.509208" lon="141.453236"><ele>51</ele></trkpt>
    <trkpt lat="42.509117" lon="141.453446"><ele>51</ele></trkpt>
    <trkpt lat="42.509033" lon="141.453662"><ele>51</ele></trkpt>
    <trkpt lat="42.508949" lon="141.453878"><ele>51</ele></trkpt>
    <trkpt lat="42.508868" lon="141.454096"><ele>51</ele></trkpt>
    <trkpt lat="42.508787" lon="141.454314"><ele>51</ele></trkpt>
    <trkpt lat="42.508697" lon="141.454525"><ele>51</ele></trkpt>
    <trkpt lat="42.508617" lon="141.454743"><ele>50</ele></trkpt>
    <trkpt lat="42.508533" lon="141.454959"><ele>50</ele></trkpt>
    <trkpt lat="42.508444" lon="141.455171"><ele>50</ele></trkpt>
    <trkpt lat="42.508364" lon="141.455390"><ele>50</ele></trkpt>
    <trkpt lat="42.508278" lon="141.455604"><ele>50</ele></trkpt>
    <trkpt lat="42.508196" lon="141.455821"><ele>50</ele></trkpt>
    <trkpt lat="42.508115" lon="141.456039"><ele>50</ele></trkpt>
    <trkpt lat="42.508032" lon="141.456255"><ele>49</ele></trkpt>
    <trkpt lat="42.507947" lon="141.456470"><ele>49</ele></trkpt>
    <trkpt lat="42.507858" lon="141.456682"><ele>49</ele></trkpt>
    <trkpt lat="42.507768" lon="141.456893"><ele>49</ele></trkpt>
    <trkpt lat="42.507687" lon="141.457112"><ele>49</ele></trkpt>
    <trkpt lat="42.507599" lon="141.457324"><ele>49</ele></trkpt>
    <trkpt lat="42.507510" lon="141.457536"><ele>49</ele></trkpt>
    <trkpt lat="42.507427" lon="141.457753"><ele>48</ele></trkpt>
    <trkpt lat="42.507344" lon="141.457969"><ele>48</ele></trkpt>
    <trkpt lat="42.507264" lon="141.458187"><ele>48</ele></trkpt>
    <trkpt lat="42.507183" lon="141.458406"><ele>48</ele></trkpt>
    <trkpt lat="42.507103" lon="141.458624"><ele>48</ele></trkpt>
    <trkpt lat="42.507017" lon="141.458838"><ele>48</ele></trkpt>
    <trkpt lat="42.506932" lon="141.459053"><ele>47</ele></trkpt>
    <trkpt lat="42.506852" lon="141.459272"><ele>47</ele></trkpt>
    <trkpt lat="42.506767" lon="141.459487"><ele>47</ele></trkpt>
    <trkpt lat="42.506684" lon="141.459703"><ele>47</ele></trkpt>
    <trkpt lat="42.506602" lon="141.459920"><ele>47</ele></trkpt>
    <trkpt lat="42.506513" lon="141.460132"><ele>47</ele></trkpt>
    <trkpt lat="42.506423" lon="141.460343"><ele>47</ele></trkpt>
    <trkpt lat="42.506341" lon="141.460561"><ele>46</ele></trkpt>
    <trkpt lat="42.506252" lon="141.460773"><ele>46</ele></trkpt>
    <trkpt lat="42.506166" lon="141.460987"><ele>46</ele></trkpt>
    <trkpt lat="42.506076" lon="141.461198"><ele>46</ele></trkpt>
    <trkpt lat="42.505989" lon="141.461412"><ele>46</ele></trkpt>
    <trkpt lat="42.505902" lon="141.461625"><ele>46</ele></trkpt>
    <trkpt lat="42.505817" lon="141.461840"><ele>46</ele></trkpt>
    <trkpt lat="42.505729" lon="141.462054"><ele>45</ele></trkpt>
    <trkpt lat="42.505646" lon="141.462270"><ele>45</ele></trkpt>
    <trkpt lat="42.505559" lon="141.462483"><ele>45</ele></trkpt>
    <trkpt lat="42.505477" lon="141.462700"><ele>45</ele></trkpt>
    <trkpt lat="42.505386" lon="141.462911"><ele>45</ele></trkpt>
    <trkpt lat="42.505299" lon="141.463125"><ele>45</ele></trkpt>
    <trkpt lat="42.505213" lon="141.463339"><ele>45</ele></trkpt>
    <trkpt lat="42.505124" lon="141.463551"><ele>44</ele></trkpt>
    <trkpt lat="42.505039" lon="141.463766"><ele>44</ele></trkpt>
    <trkpt lat="42.504959" lon="141.463984"><ele>44</ele></trkpt>
    <trkpt lat="42.504879" lon="141.464202"><ele>44</ele></trkpt>
    <trkpt lat="42.504793" lon="141.464417"><ele>44</ele></trkpt>
    <trkpt lat="42.504705" lon="141.464630"><ele>44</ele></trkpt>
    <trkpt lat="42.504619" lon="141.464844"><ele>44</ele></trkpt>
    <trkpt lat="42.504534" lon="141.465059"><ele>43</ele></trkpt>
    <trkpt lat="42.504450" lon="141.465275"><ele>43</ele></trkpt>
    <trkpt lat="42.504369" lon="141.465493"><ele>43</ele></trkpt>
    <trkpt lat="42.504284" lon="141.465708"><ele>43</ele></trkpt>
    <trkpt lat="42.504201" lon="141.465924"><ele>43</ele></trkpt>
    <trkpt lat="42.504120" lon="141.466142"><ele>43</ele></trkpt>
    <trkpt lat="42.504038" lon="141.466359"><ele>42</ele></trkpt>
    <trkpt lat="42.503955" lon="141.466575"><ele>42</ele></trkpt>
    <trkpt lat="42.503870" lon="141.466791"><ele>42</ele></trkpt>
    <trkpt lat="42.503789" lon="141.467008"><ele>42</ele></trkpt>
    <trkpt lat="42.503700" lon="141.467220"><ele>42</ele></trkpt>
    <trkpt lat="42.503613" lon="141.467434"><ele>42</ele></trkpt>
    <trkpt lat="42.503523" lon="141.467646"><ele>42</ele></trkpt>
    <trkpt lat="42.503436" lon="141.467859"><ele>41</ele></trkpt>
    <trkpt lat="42.503349" lon="141.468072"><ele>41</ele></trkpt>
    <trkpt lat="42.503263" lon="141.468286"><ele>41</ele></trkpt>
    <trkpt lat="42.503179" lon="141.468503"><ele>41</ele></trkpt>
    <trkpt lat="42.503095" lon="141.468718"><ele>41</ele></trkpt>
    <trkpt lat="42.503005" lon="141.468929"><ele>41</ele></trkpt>
    <trkpt lat="42.502916" lon="141.469141"><ele>41</ele></trkpt>
    <trkpt lat="42.502825" lon="141.469352"><ele>40</ele></trkpt>
    <trkpt lat="42.502744" lon="141.469570"><ele>40</ele></trkpt>
    <trkpt lat="42.502655" lon="141.469782"><ele>40</ele></trkpt>
    <trkpt lat="42.502567" lon="141.469995"><ele>40</ele></trkpt>
    <trkpt lat="42.502482" lon="141.470209"><ele>40</ele></trkpt>
    <trkpt lat="42.502393" lon="141.470421"><ele>40</ele></trkpt>
    <trkpt lat="42.502304" lon="141.470634"><ele>40</ele></trkpt>
    <trkpt lat="42.502215" lon="141.470846"><ele>39</ele></trkpt>
    <trkpt lat="42.502129" lon="141.471060"><ele>39</ele></trkpt>
    <trkpt lat="42.502046" lon="141.471276"><ele>39</ele></trkpt>
    <trkpt lat="42.501962" lon="141.471492"><ele>39</ele></trkpt>
    <trkpt lat="42.501882" lon="141.471710"><ele>39</ele></trkpt>
    <trkpt lat="42.501798" lon="141.471926"><ele>39</ele></trkpt>
    <trkpt lat="42.501718" lon="141.472145"><ele>39</ele></trkpt>
    <trkpt lat="42.501630" lon="141.472357"><ele>38</ele></trkpt>
    <trkpt lat="42.501543" lon="141.472571"><ele>38</ele></trkpt>
    <trkpt lat="42.501453" lon="141.472782"><ele>38</ele></trkpt>
    <trkpt lat="42.501370" lon="141.472998"><ele>38</ele></trkpt>
    <trkpt lat="42.501284" lon="141.473213"><ele>38</ele></trkpt>
    <trkpt lat="42.501200" lon="141.473429"><ele>38</ele></trkpt>
    <trkpt lat="42.501115" lon="141.473644"><ele>37</ele></trkpt>
    <trkpt lat="42.501024" lon="141.473854"><ele>37</ele></trkpt>
    <trkpt lat="42.500942" lon="141.474071"><ele>37</ele></trkpt>
    <trkpt lat="42.500855" lon="141.474285"><ele>37</ele></trkpt>
    <trkpt lat="42.500768" lon="141.474499"><ele>37</ele></trkpt>
    <trkpt lat="42.500683" lon="141.474713"><ele>37</ele></trkpt>
    <trkpt lat="42.500600" lon="141.474930"><ele>37</ele></trkpt>
    <trkpt lat="42.500512" lon="141.475142"><ele>36</ele></trkpt>
    <trkpt lat="42.500429" lon="141.475358"><ele>36</ele></trkpt>
    <trkpt lat="42.500349" lon="141.475577"><ele>36</ele></trkpt>
    <trkpt lat="42.500262" lon="141.475791"><ele>36</ele></trkpt>
    <trkpt lat="42.500177" lon="141.476006"><ele>36</ele></trkpt>
    <trkpt lat="42.500088" lon="141.476218"><ele>36</ele></trkpt>
    <trkpt lat="42.500000" lon="141.476431"><ele>36</ele></trkpt>
    <trkpt lat="42.500177" lon="141.476473"><ele>35</ele></trkpt>
    <trkpt lat="42.500355" lon="141.476514"><ele>35</ele></trkpt>
    <trkpt lat="42.500531" lon="141.476562"><ele>35</ele></trkpt>
    <trkpt lat="42.500707" lon="141.476613"><ele>35</ele></trkpt>
    <trkpt lat="42.500883" lon="141.476664"><ele>35</ele></trkpt>
    <trkpt lat="42.501060" lon="141.476704"><ele>35</ele></trkpt>
    <trkpt lat="42.501236" lon="141.476757"><ele>34</ele></trkpt>
    <trkpt lat="42.501412" lon="141.476810"><ele>34</ele></trkpt>
    <trkpt lat="42.501589" lon="141.476852"><ele>34</ele></trkpt>
    <trkpt lat="42.501766" lon="141.476895"><ele>34</ele></trkpt>
    <trkpt lat="42.501942" lon="141.476941"><ele>34</ele></trkpt>
    <trkpt lat="42.502119" lon="141.476986"><ele>34</ele></trkpt>
    <trkpt lat="42.502297" lon="141.477023"><ele>34</ele></trkpt>
    <trkpt lat="42.502475" lon="141.477061"><ele>33</ele></trkpt>
    <trkpt lat="42.502651" lon="141.477107"><ele>33</ele></trkpt>
    <trkpt lat="42.502827" lon="141.477159"><ele>33</ele></trkpt>
    <trkpt lat="42.503004" lon="141.477201"><ele>33</ele></trkpt>
    <trkpt lat="42.503180" lon="141.477253"><ele>33</ele></trkpt>
    <trkpt lat="42.503356" lon="141.477306"><ele>33</ele></trkpt>
    <trkpt lat="42.503533" lon="141.477346"><ele>33</ele></trkpt>
    <trkpt lat="42.503710" lon="141.477388"><ele>32</ele></trkpt>
    <trkpt lat="42.503888" lon="141.477428"><ele>32</ele></trkpt>
    <trkpt lat="42.504064" lon="141.477472"><ele>32</ele></trkpt>
    <trkpt lat="42.504240" lon="141.477524"><ele>32</ele></trkpt>
    <trkpt lat="42.504416" lon="141.477576"><ele>32</ele></trkpt>
    <trkpt lat="42.504593" lon="141.477619"><ele>32</ele></trkpt>
    <trkpt lat="42.504770" lon="141.477659"><ele>32</ele></trkpt>
    <trkpt lat="42.504947" lon="141.477706"><ele>31</ele></trkpt>
    <trkpt lat="42.505123" lon="141.477753"><ele>31</ele></trkpt>
    <trkpt lat="42.505299" lon="141.477805"><ele>31</ele></trkpt>
    <trkpt lat="42.505476" lon="141.477852"><ele>31</ele></trkpt>
    <trkpt lat="42.505653" lon="141.477894"><ele>31</ele></trkpt>
    <trkpt lat="42.505830" lon="141.477934"><ele>31</ele></trkpt>
    <trkpt lat="42.506006" lon="141.477986"><ele>30</ele></trkpt>
    <trkpt lat="42.506184" lon="141.478023"><ele>30</ele></trkpt>
    <trkpt lat="42.506361" lon="141.478065"><ele>30</ele></trkpt>
    <trkpt lat="42.506538" lon="141.478109"><ele>30</ele></trkpt>
    <trkpt lat="42.506714" lon="141.478161"><ele>30</ele></trkpt>
    <trkpt lat="42.506891" lon="141.478201"><ele>30</ele></trkpt>
    <trkpt lat="42.507068" lon="141.478242"><ele>30</ele></trkpt>
    <trkpt lat="42.507244" lon="141.478295"><ele>29</ele></trkpt>
    <trkpt lat="42.507421" lon="141.478335"><ele>29</ele></trkpt>
    <trkpt lat="42.507598" lon="141.478381"><ele>29</ele></trkpt>
    <trkpt lat="42.507774" lon="141.478432"><ele>29</ele></trkpt>
    <trkpt lat="42.507952" lon="141.478469"><ele>29</ele></trkpt>
    <trkpt lat="42.508127" lon="141.478522"><ele>29</ele></trkpt>
    <trkpt lat="42.508304" lon="141.478564"><ele>29</ele></trkpt>
    <trkpt lat="42.508481" lon="141.478613"><ele>28</ele></trkpt>
    <trkpt lat="42.508658" lon="141.478650"><ele>28</ele></trkpt>
    <trkpt lat="42.508836" lon="141.478690"><ele>28</ele></trkpt>
    <trkpt lat="42.509012" lon="141.478737"><ele>28</ele></trkpt>
    <trkpt lat="42.509188" lon="141.478789"><ele>28</ele></trkpt>
    <trkpt lat="42.509364" lon="141.478838"><ele>28</ele></trkpt>
    <trkpt lat="42.509542" lon="141.478877"><ele>27</ele></trkpt>
    <trkpt lat="42.509719" lon="141.478919"><ele>27</ele></trkpt>
    <trkpt lat="42.509895" lon="141.478966"><ele>27</ele></trkpt>
    <trkpt lat="42.510072" lon="141.479012"><ele>27</ele></trkpt>
    <trkpt lat="42.510248" lon="141.479060"><ele>27</ele></trkpt>
    <trkpt lat="42.510425" lon="141.479108"><ele>27</ele></trkpt>
    <trkpt lat="42.510603" lon="141.479144"><ele>27</ele></trkpt>
    <trkpt lat="42.510778" lon="141.479198"><ele>26</ele></trkpt>
    <trkpt lat="42.510956" lon="141.479234"><ele>26</ele></trkpt>
    <trkpt lat="42.511132" lon="141.479285"><ele>26</ele></trkpt>
    <trkpt lat="42.511310" lon="141.479323"><ele>26</ele></trkpt>
    <trkpt lat="42.511487" lon="141.479365"><ele>26</ele></trkpt>
    <trkpt lat="42.511663" lon="141.479413"><ele>26</ele></trkpt>
    <trkpt lat="42.511840" lon="141.479458"><ele>26</ele></trkpt>
    <trkpt lat="42.512016" lon="141.479509"><ele>25</ele></trkpt>
    <trkpt lat="42.512192" lon="141.479555"><ele>25</ele></trkpt>
    <trkpt lat="42.512368" lon="141.479609"><ele>25</ele></trkpt>
    <trkpt lat="42.512545" lon="141.479647"><ele>25</ele></trkpt>
    <trkpt lat="42.512723" lon="141.479690"><ele>25</ele></trkpt>
    <trkpt lat="42.512900" lon="141.479730"><ele>25</ele></trkpt>
    <trkpt lat="42.513076" lon="141.479777"><ele>25</ele></trkpt>
    <trkpt lat="42.513252" lon="141.479830"><ele>24</ele></trkpt>
    <trkpt lat="42.513428" lon="141.479880"><ele>24</ele></trkpt>
    <trkpt lat="42.513604" lon="141.479932"><ele>24</ele></trkpt>
    <trkpt lat="42.513780" lon="141.479984"><ele>24</ele></trkpt>
    <trkpt lat="42.513957" lon="141.480027"><ele>24</ele></trkpt>
    <trkpt lat="42.514134" lon="141.480064"><ele>24</ele></trkpt>
    <trkpt lat="42.514311" lon="141.480113"><ele>23</ele></trkpt>
    <trkpt lat="42.514487" lon="141.480161"><ele>23</ele></trkpt>
    <trkpt lat="42.514664" lon="141.480206"><ele>23</ele></trkpt>
    <trkpt lat="42.514841" lon="141.480245"><ele>23</ele></trkpt>
    <trkpt lat="42.515018" lon="141.480290"><ele>23</ele></trkpt>
    <trkpt lat="42.515194" lon="141.480342"><ele>23</ele></trkpt>
    <trkpt lat="42.515370" lon="141.480393"><ele>23</ele></trkpt>
    <trkpt lat="42.515545" lon="141.480446"><ele>22</ele></trkpt>
    <trkpt lat="42.515722" lon="141.480493"><ele>22</ele></trkpt>
    <trkpt lat="42.515898" lon="141.480538"><ele>22</ele></trkpt>
    <trkpt lat="42.516075" lon="141.480585"><ele>22</ele></trkpt>
    <trkpt lat="42.516251" lon="141.480633"><ele>22</ele></trkpt>
    <trkpt lat="42.516428" lon="141.480679"><ele>22</ele></trkpt>
    <trkpt lat="42.516605" lon="141.480725"><ele>22</ele></trkpt>
    <trkpt lat="42.516781" lon="141.480770"><ele>21</ele></trkpt>
    <trkpt lat="42.516959" lon="141.480810"><ele>21</ele></trkpt>
    <trkpt lat="42.517136" lon="141.480851"><ele>21</ele></trkpt>
    <trkpt lat="42.517313" lon="141.480894"><ele>21</ele></trkpt>
    <trkpt lat="42.517489" lon="141.480947"><ele>21</ele></trkpt>
    <trkpt lat="42.517665" lon="141.480998"><ele>21</ele></trkpt>
    <trkpt lat="42.517840" lon="141.481050"><ele>20</ele></trkpt>
    <trkpt lat="42.518017" lon="141.481098"><ele>20</ele></trkpt>
    <trkpt lat="42.518194" lon="141.481137"><ele>20</ele></trkpt>
    <trkpt lat="42.518371" lon="141.481182"><ele>20</ele></trkpt>
    <trkpt lat="42.518549" lon="141.481220"><ele>20</ele></trkpt>
    <trkpt lat="42.518725" lon="141.481268"><ele>20</ele></trkpt>
    <trkpt lat="42.518901" lon="141.481321"><ele>20</ele></trkpt>
    <trkpt lat="42.519077" lon="141.481367"><ele>19</ele></trkpt>
    <trkpt lat="42.519254" lon="141.481409"><ele>19</ele></trkpt>
    <trkpt lat="42.519432" lon="141.481447"><ele>19</ele></trkpt>
    <trkpt lat="42.519609" lon="141.481493"><ele>19</ele></trkpt>
    <trkpt lat="42.519787" lon="141.481530"><ele>19</ele></trkpt>
    <trkpt lat="42.519964" lon="141.481573"><ele>19</ele></trkpt>
    <trkpt lat="42.520141" lon="141.481609"><ele>19</ele></trkpt>
    <trkpt lat="42.520317" lon="141.481660"><ele>18</ele></trkpt>
    <trkpt lat="42.520495" lon="141.481699"><ele>18</ele></trkpt>
    <trkpt lat="42.520671" lon="141.481750"><ele>18</ele></trkpt>
    <trkpt lat="42.520847" lon="141.481799"><ele>18</ele></trkpt>
    <trkpt lat="42.521025" lon="141.481837"><ele>18</ele></trkpt>
    <trkpt lat="42.521202" lon="141.481880"><ele>18</ele></trkpt>
    <trkpt lat="42.521379" lon="141.481920"><ele>17</ele></trkpt>
    <trkpt lat="42.521557" lon="141.481958"><ele>17</ele></trkpt>
    <trkpt lat="42.521734" lon="141.482002"><ele>17</ele></trkpt>
    <trkpt lat="42.521911" lon="141.482046"><ele>17</ele></trkpt>
    <trkpt lat="42.522088" lon="141.482088"><ele>17</ele></trkpt>
    <trkpt lat="42.522266" lon="141.482125"><ele>17</ele></trkpt>
    <trkpt lat="42.522442" lon="141.482174"><ele>17</ele></trkpt>
    <trkpt lat="42.522619" lon="141.482214"><ele>16</ele></trkpt>
    <trkpt lat="42.522796" lon="141.482256"><ele>16</ele></trkpt>
    <trkpt lat="42.522972" lon="141.482308"><ele>16</ele></trkpt>
    <trkpt lat="42.523149" lon="141.482352"><ele>16</ele></trkpt>
    <trkpt lat="42.523327" lon="141.482392"><ele>16</ele></trkpt>
    <trkpt lat="42.523502" lon="141.482445"><ele>16</ele></trkpt>
    <trkpt lat="42.523679" lon="141.482491"><ele>16</ele></trkpt>
    <trkpt lat="42.523854" lon="141.482544"><ele>15</ele></trkpt>
    <trkpt lat="42.524031" lon="141.482588"><ele>15</ele></trkpt>
    <trkpt lat="42.524208" lon="141.482630"><ele>15</ele></trkpt>
    <trkpt lat="42.524385" lon="141.482676"><ele>15</ele></trkpt>
    <trkpt lat="42.524562" lon="141.482719"><ele>15</ele></trkpt>
    <trkpt lat="42.524739" lon="141.482763"><ele>15</ele></trkpt>
    <trkpt lat="42.524916" lon="141.482807"><ele>14</ele></trkpt>
    <trkpt lat="42.525092" lon="141.482856"><ele>14</ele></trkpt>
    <trkpt lat="42.525268" lon="141.482907"><ele>14</ele></trkpt>
    <trkpt lat="42.525445" lon="141.482950"><ele>14</ele></trkpt>
    <trkpt lat="42.525621" lon="141.482999"><ele>14</ele></trkpt>
    <trkpt lat="42.525799" lon="141.483038"><ele>14</ele></trkpt>
    <trkpt lat="42.525976" lon="141.483083"><ele>14</ele></trkpt>
    <trkpt lat="42.526153" lon="141.483126"><ele>13</ele></trkpt>
    <trkpt lat="42.526329" lon="141.483177"><ele>13</ele></trkpt>
    <trkpt lat="42.526505" lon="141.483221"><ele>13</ele></trkpt>
    <trkpt lat="42.526683" lon="141.483263"><ele>13</ele></trkpt>
    <trkpt lat="42.526860" lon="141.483303"><ele>13</ele></trkpt>
    <trkpt lat="42.527038" lon="141.483340"><ele>13</ele></trkpt>
    <trkpt lat="42.527214" lon="141.483391"><ele>13</ele></trkpt>
    <trkpt lat="42.527391" lon="141.483431"><ele>12</ele></trkpt>
    <trkpt lat="42.527569" lon="141.483471"><ele>12</ele></trkpt>
    <trkpt lat="42.527745" lon="141.483519"><ele>12</ele></trkpt>
    <trkpt lat="42.527922" lon="141.483564"><ele>12</ele></trkpt>
    <trkpt lat="42.528098" lon="141.483611"><ele>12</ele></trkpt>
    <trkpt lat="42.528276" lon="141.483650"><ele>12</ele></trkpt>
    <trkpt lat="42.528453" lon="141.483694"><ele>11</ele></trkpt>
    <trkpt lat="42.528630" lon="141.483736"><ele>11</ele></trkpt>
    <trkpt lat="42.528807" lon="141.483782"><ele>11</ele></trkpt>
    <trkpt lat="42.528984" lon="141.483822"><ele>11</ele></trkpt>
    <trkpt lat="42.529161" lon="141.483863"><ele>11</ele></trkpt>
    <trkpt lat="42.529337" lon="141.483915"><ele>11</ele></trkpt>
    <trkpt lat="42.529514" lon="141.483957"><ele>11</ele></trkpt>
    <trkpt lat="42.529690" lon="141.484006"><ele>10</ele></trkpt>
    <trkpt lat="42.529867" lon="141.484051"><ele>10</ele></trkpt>
    <trkpt lat="42.530043" lon="141.484104"><ele>10</ele></trkpt>
    <trkpt lat="42.530220" lon="141.484146"><ele>10</ele></trkpt>
    <trkpt lat="42.530396" lon="141.484194"><ele>10</ele></trkpt>
    <trkpt lat="42.530572" lon="141.484245"><ele>10</ele></trkpt>
    <trkpt lat="42.530750" lon="141.484283"><ele>10</ele></trkpt>
    <trkpt lat="42.530926" lon="141.484333"><ele>11</ele></trkpt>
    <trkpt lat="42.531103" lon="141.484373"><ele>11</ele></trkpt>
    <trkpt lat="42.531279" lon="141.484426"><ele>11</ele></trkpt>
    <trkpt lat="42.531456" lon="141.484472"><ele>11</ele></trkpt>
    <trkpt lat="42.531632" lon="141.484522"><ele>11</ele></trkpt>
    <trkpt lat="42.531807" lon="141.484573"><ele>11</ele></trkpt>
    <trkpt lat="42.531983" lon="141.484623"><ele>12</ele></trkpt>
    <trkpt lat="42.532160" lon="141.484672"><ele>12</ele></trkpt>
    <trkpt lat="42.532336" lon="141.484722"><ele>12</ele></trkpt>
    <trkpt lat="42.532513" lon="141.484763"><ele>12</ele></trkpt>
    <trkpt lat="42.532689" lon="141.484812"><ele>12</ele></trkpt>
    <trkpt lat="42.532867" lon="141.484853"><ele>12</ele></trkpt>
    <trkpt lat="42.533043" lon="141.484899"><ele>12</ele></trkpt>
    <trkpt lat="42.533219" lon="141.484952"><ele>13</ele></trkpt>
    <trkpt lat="42.533396" lon="141.484992"><ele>13</ele></trkpt>
    <trkpt lat="42.533572" lon="141.485041"><ele>13</ele></trkpt>
    <trkpt lat="42.533750" lon="141.485083"><ele>13</ele></trkpt>
    <trkpt lat="42.533925" lon="141.485135"><ele>13</ele></trkpt>
    <trkpt lat="42.534103" lon="141.485177"><ele>13</ele></trkpt>
    <trkpt lat="42.534280" lon="141.485219"><ele>13</ele></trkpt>
    <trkpt lat="42.534456" lon="141.485270"><ele>14</ele></trkpt>
    <trkpt lat="42.534632" lon="141.485316"><ele>14</ele></trkpt>
    <trkpt lat="42.534809" lon="141.485361"><ele>14</ele></trkpt>
    <trkpt lat="42.534987" lon="141.485400"><ele>14</ele></trkpt>
    <trkpt lat="42.535164" lon="141.485442"><ele>14</ele></trkpt>
    <trkpt lat="42.535341" lon="141.485487"><ele>14</ele></trkpt>
    <trkpt lat="42.535517" lon="141.485531"><ele>15</ele></trkpt>
    <trkpt lat="42.535694" lon="141.485578"><ele>15</ele></trkpt>
    <trkpt lat="42.535871" lon="141.485619"><ele>15</ele></trkpt>
    <trkpt lat="42.536048" lon="141.485667"><ele>15</ele></trkpt>
    <trkpt lat="42.536225" lon="141.485705"><ele>15</ele></trkpt>
    <trkpt lat="42.536402" lon="141.485750"><ele>15</ele></trkpt>
    <trkpt lat="42.536578" lon="141.485800"><ele>15</ele></trkpt>
    <trkpt lat="42.536754" lon="141.485851"><ele>16</ele></trkpt>
    <trkpt lat="42.536930" lon="141.485903"><ele>16</ele></trkpt>
    <trkpt lat="42.537106" lon="141.485954"><ele>16</ele></trkpt>
    <trkpt lat="42.537283" lon="141.485997"><ele>16</ele></trkpt>
    <trkpt lat="42.537459" lon="141.486045"><ele>16</ele></trkpt>
    <trkpt lat="42.537636" lon="141.486086"><ele>16</ele></trkpt>
    <trkpt lat="42.537814" lon="141.486127"><ele>16</ele></trkpt>
    <trkpt lat="42.537990" lon="141.486172"><ele>17</ele></trkpt>
    <trkpt lat="42.538168" lon="141.486211"><ele>17</ele></trkpt>
    <trkpt lat="42.538345" lon="141.486255"><ele>17</ele></trkpt>
    <trkpt lat="42.538522" lon="141.486301"><ele>17</ele></trkpt>
    <trkpt lat="42.538697" lon="141.486352"><ele>17</ele></trkpt>
    <trkpt lat="42.538875" lon="141.486393"><ele>17</ele></trkpt>
    <trkpt lat="42.539051" lon="141.486439"><ele>18</ele></trkpt>
    <trkpt lat="42.539227" lon="141.486490"><ele>18</ele></trkpt>
    <trkpt lat="42.539404" lon="141.486537"><ele>18</ele></trkpt>
    <trkpt lat="42.539580" lon="141.486583"><ele>18</ele></trkpt>
    <trkpt lat="42.539757" lon="141.486630"><ele>18</ele></trkpt>
    <trkpt lat="42.539935" lon="141.486667"><ele>18</ele></trkpt>
    <trkpt lat="42.540112" lon="141.486707"><ele>18</ele></trkpt>
    <trkpt lat="42.540289" lon="141.486750"><ele>19</ele></trkpt>
    <trkpt lat="42.540466" lon="141.486798"><ele>19</ele></trkpt>
    <trkpt lat="42.540642" lon="141.486847"><ele>19</ele></trkpt>
    <trkpt lat="42.540818" lon="141.486897"><ele>19</ele></trkpt>
    <trkpt lat="42.540994" lon="141.486946"><ele>19</ele></trkpt>
    <trkpt lat="42.541171" lon="141.486988"><ele>19</ele></trkpt>
    <trkpt lat="42.541349" lon="141.487025"><ele>19</ele></trkpt>
    <trkpt lat="42.541525" lon="141.487078"><ele>20</ele></trkpt>
    <trkpt lat="42.541702" lon="141.487117"><ele>20</ele></trkpt>
    <trkpt lat="42.541878" lon="141.487167"><ele>20</ele></trkpt>
    <trkpt lat="42.542055" lon="141.487208"><ele>20</ele></trkpt>
    <trkpt lat="42.542232" lon="141.487257"><ele>20</ele></trkpt>
    <trkpt lat="42.542408" lon="141.487308"><ele>20</ele></trkpt>
    <trkpt lat="42.542583" lon="141.487360"><ele>21</ele></trkpt>
    <trkpt lat="42.542759" lon="141.487413"><ele>21</ele></trkpt>
    <trkpt lat="42.542935" lon="141.487462"><ele>21</ele></trkpt>
    <trkpt lat="42.543112" lon="141.487509"><ele>21</ele></trkpt>
    <trkpt lat="42.543288" lon="141.487554"><ele>21</ele></trkpt>
    <trkpt lat="42.543464" lon="141.487607"><ele>21</ele></trkpt>
    <trkpt lat="42.543642" lon="141.487645"><ele>21</ele></trkpt>
    <trkpt lat="42.543819" lon="141.487686"><ele>22</ele></trkpt>
    <trkpt lat="42.543995" lon="141.487733"><ele>22</ele></trkpt>
    <trkpt lat="42.544172" lon="141.487783"><ele>22</ele></trkpt>
    <trkpt lat="42.544348" lon="141.487833"><ele>22</ele></trkpt>
    <trkpt lat="42.544525" lon="141.487873"><ele>22</ele></trkpt>
    <trkpt lat="42.544702" lon="141.487917"><ele>22</ele></trkpt>
    <trkpt lat="42.544879" lon="141.487959"><ele>22</ele></trkpt>
    <trkpt lat="42.545056" lon="141.487999"><ele>23</ele></trkpt>
    <trkpt lat="42.545232" lon="141.488052"><ele>23</ele></trkpt>
    <trkpt lat="42.545409" lon="141.488099"><ele>23</ele></trkpt>
    <trkpt lat="42.545585" lon="141.488149"><ele>23</ele></trkpt>
    <trkpt lat="42.545762" lon="141.488188"><ele>23</ele></trkpt>
    <trkpt lat="42.545938" lon="141.488237"><ele>23</ele></trkpt>
    <trkpt lat="42.546116" lon="141.488274"><ele>24</ele></trkpt>
    <trkpt lat="42.546292" lon="141.488326"><ele>24</ele></trkpt>
    <trkpt lat="42.546468" lon="141.488376"><ele>24</ele></trkpt>
    <trkpt lat="42.546645" lon="141.488422"><ele>24</ele></trkpt>
    <trkpt lat="42.546822" lon="141.488463"><ele>24</ele></trkpt>
    <trkpt lat="42.546999" lon="141.488507"><ele>24</ele></trkpt>
    <trkpt lat="42.547176" lon="141.488549"><ele>24</ele></trkpt>
    <trkpt lat="42.547352" lon="141.488601"><ele>25</ele></trkpt>
    <trkpt lat="42.547528" lon="141.488653"><ele>25</ele></trkpt>
    <trkpt lat="42.547703" lon="141.488704"><ele>25</ele></trkpt>
    <trkpt lat="42.547880" lon="141.488750"><ele>25</ele></trkpt>
    <trkpt lat="42.548057" lon="141.488797"><ele>25</ele></trkpt>
    <trkpt lat="42.548232" lon="141.488849"><ele>25</ele></trkpt>
    <trkpt lat="42.548408" lon="141.488898"><ele>25</ele></trkpt>
    <trkpt lat="42.548585" lon="141.488942"><ele>26</ele></trkpt>
    <trkpt lat="42.548762" lon="141.488990"><ele>26</ele></trkpt>
    <trkpt lat="42.548939" lon="141.489030"><ele>26</ele></trkpt>
    <trkpt lat="42.549116" lon="141.489075"><ele>26</ele></trkpt>
    <trkpt lat="42.549292" lon="141.489122"><ele>26</ele></trkpt>
    <trkpt lat="42.549469" lon="141.489166"><ele>26</ele></trkpt>
    <trkpt lat="42.549647" lon="141.489207"><ele>27</ele></trkpt>
    <trkpt lat="42.549824" lon="141.489252"><ele>27</ele></trkpt>
    <trkpt lat="42.550001" lon="141.489290"><ele>27</ele></trkpt>
    <trkpt lat="42.550178" lon="141.489331"><ele>27</ele></trkpt>
    <trkpt lat="42.550356" lon="141.489368"><ele>27</ele></trkpt>
    <trkpt lat="42.550534" lon="141.489406"><ele>27</ele></trkpt>
    <trkpt lat="42.550711" lon="141.489447"><ele>27</ele></trkpt>
    <trkpt lat="42.550887" lon="141.489496"><ele>28</ele></trkpt>
    <trkpt lat="42.551064" lon="141.489543"><ele>28</ele></trkpt>
    <trkpt lat="42.551241" lon="141.489589"><ele>28</ele></trkpt>
    <trkpt lat="42.551418" lon="141.489627"><ele>28</ele></trkpt>
    <trkpt lat="42.551595" lon="141.489675"><ele>28</ele></trkpt>
    <trkpt lat="42.551772" lon="141.489713"><ele>28</ele></trkpt>
    <trkpt lat="42.551948" lon="141.489762"><ele>28</ele></trkpt>
    <trkpt lat="42.552125" lon="141.489807"><ele>29</ele></trkpt>
    <trkpt lat="42.552301" lon="141.489856"><ele>29</ele></trkpt>
    <trkpt lat="42.552478" lon="141.489904"><ele>29</ele></trkpt>
    <trkpt lat="42.552655" lon="141.489947"><ele>29</ele></trkpt>
    <trkpt lat="42.552831" lon="141.489998"><ele>29</ele></trkpt>
    <trkpt lat="42.553008" lon="141.490042"><ele>29</ele></trkpt>
    <trkpt lat="42.553185" lon="141.490081"><ele>29</ele></trkpt>
    <trkpt lat="42.553363" lon="141.490120"><ele>30</ele></trkpt>
    <trkpt lat="42.553538" lon="141.490172"><ele>30</ele></trkpt>
    <trkpt lat="42.553715" lon="141.490220"><ele>30</ele></trkpt>
    <trkpt lat="42.553675" lon="141.490458"><ele>30</ele></trkpt>
    <trkpt lat="42.553644" lon="141.490698"><ele>30</ele></trkpt>
    <trkpt lat="42.553610" lon="141.490938"><ele>30</ele></trkpt>
    <trkpt lat="42.553577" lon="141.491178"><ele>31</ele></trkpt>
    <trkpt lat="42.553546" lon="141.491419"><ele>31</ele></trkpt>
    <trkpt lat="42.553514" lon="141.491659"><ele>31</ele></trkpt>
    <trkpt lat="42.553484" lon="141.491899"><ele>31</ele></trkpt>
    <trkpt lat="42.553452" lon="141.492140"><ele>31</ele></trkpt>
    <trkpt lat="42.553420" lon="141.492380"><ele>31</ele></trkpt>
    <trkpt lat="42.553388" lon="141.492620"><ele>31</ele></trkpt>
    <trkpt lat="42.553356" lon="141.492861"><ele>32</ele></trkpt>
    <trkpt lat="42.553325" lon="141.493101"><ele>32</ele></trkpt>
    <trkpt lat="42.553286" lon="141.493339"><ele>32</ele></trkpt>
    <trkpt lat="42.553251" lon="141.493579"><ele>32</ele></trkpt>
    <trkpt lat="42.553216" lon="141.493818"><ele>32</ele></trkpt>
    <trkpt lat="42.553183" lon="141.494058"><ele>32</ele></trkpt>
    <trkpt lat="42.553146" lon="141.494297"><ele>32</ele></trkpt>
    <trkpt lat="42.553113" lon="141.494538"><ele>33</ele></trkpt>
    <trkpt lat="42.553077" lon="141.494777"><ele>33</ele></trkpt>
    <trkpt lat="42.553039" lon="141.495015"><ele>33</ele></trkpt>
    <trkpt lat="42.553010" lon="141.495256"><ele>33</ele></trkpt>
    <trkpt lat="42.552973" lon="141.495495"><ele>33</ele></trkpt>
    <trkpt lat="42.552944" lon="141.495736"><ele>33</ele></trkpt>
    <trkpt lat="42.552909" lon="141.495976"><ele>34</ele></trkpt>
    <trkpt lat="42.552876" lon="141.496216"><ele>34</ele></trkpt>
    <trkpt lat="42.552845" lon="141.496456"><ele>34</ele></trkpt>
    <trkpt lat="42.552808" lon="141.496695"><ele>34</ele></trkpt>
    <trkpt lat="42.552777" lon="141.496936"><ele>34</ele></trkpt>
    <trkpt lat="42.552747" lon="141.497176"><ele>34</ele></trkpt>
    <trkpt lat="42.552711" lon="141.497416"><ele>34</ele></trkpt>
    <trkpt lat="42.552679" lon="141.497656"><ele>35</ele></trkpt>
    <trkpt lat="42.552649" lon="141.497897"><ele>35</ele></trkpt>
    <trkpt lat="42.552620" lon="141.498138"><ele>35</ele></trkpt>
    <trkpt lat="42.552584" lon="141.498377"><ele>35</ele></trkpt>
    <trkpt lat="42.552547" lon="141.498616"><ele>35</ele></trkpt>
    <trkpt lat="42.552515" lon="141.498856"><ele>35</ele></trkpt>
    <trkpt lat="42.552476" lon="141.499094"><ele>35</ele></trkpt>
    <trkpt lat="42.552437" lon="141.499333"><ele>36</ele></trkpt>
    <trkpt lat="42.552399" lon="141.499571"><ele>36</ele></trkpt>
    <trkpt lat="42.552362" lon="141.499810"><ele>36</ele></trkpt>
    <trkpt lat="42.552332" lon="141.500051"><ele>36</ele></trkpt>
    <trkpt lat="42.552299" lon="141.500291"><ele>36</ele></trkpt>
    <trkpt lat="42.552263" lon="141.500530"><ele>36</ele></trkpt>
    <trkpt lat="42.552226" lon="141.500769"><ele>36</ele></trkpt>
    <trkpt lat="42.552192" lon="141.501009"><ele>37</ele></trkpt>
    <trkpt lat="42.552160" lon="141.501249"><ele>37</ele></trkpt>
    <trkpt lat="42.552124" lon="141.501489"><ele>37</ele></trkpt>
    <trkpt lat="42.552095" lon="141.501730"><ele>37</ele></trkpt>
    <trkpt lat="42.552063" lon="141.501970"><ele>37</ele></trkpt>
    <trkpt lat="42.552031" lon="141.502210"><ele>37</ele></trkpt>
    <trkpt lat="42.551997" lon="141.502450"><ele>38</ele></trkpt>
    <trkpt lat="42.551961" lon="141.502689"><ele>38</ele></trkpt>
    <trkpt lat="42.551922" lon="141.502927"><ele>38</ele></trkpt>
    <trkpt lat="42.551891" lon="141.503168"><ele>38</ele></trkpt>
    <trkpt lat="42.551859" lon="141.503408"><ele>38</ele></trkpt>
    <trkpt lat="42.551819" lon="141.503646"><ele>38</ele></trkpt>
    <trkpt lat="42.551787" lon="141.503886"><ele>38</ele></trkpt>
    <trkpt lat="42.551747" lon="141.504124"><ele>39</ele></trkpt>
    <trkpt lat="42.551712" lon="141.504364"><ele>39</ele></trkpt>
    <trkpt lat="42.551681" lon="141.504604"><ele>39</ele></trkpt>
    <trkpt lat="42.551650" lon="141.504845"><ele>39</ele></trkpt>
    <trkpt lat="42.551620" lon="141.505086"><ele>39</ele></trkpt>
    <trkpt lat="42.551590" lon="141.505326"><ele>39</ele></trkpt>
    <trkpt lat="42.551554" lon="141.505566"><ele>39</ele></trkpt>
    <trkpt lat="42.551521" lon="141.505806"><ele>40</ele></trkpt>
    <trkpt lat="42.551491" lon="141.506046"><ele>40</ele></trkpt>
    <trkpt lat="42.551459" lon="141.506286"><ele>40</ele></trkpt>
    <trkpt lat="42.551424" lon="141.506526"><ele>40</ele></trkpt>
    <trkpt lat="42.551394" lon="141.506767"><ele>40</ele></trkpt>
    <trkpt lat="42.551364" lon="141.507007"><ele>40</ele></trkpt>
    <trkpt lat="42.551332" lon="141.507248"><ele>40</ele></trkpt>
    <trkpt lat="42.551292" lon="141.507486"><ele>41</ele></trkpt>
    <trkpt lat="42.551263" lon="141.507727"><ele>41</ele></trkpt>
    <trkpt lat="42.551227" lon="141.507966"><ele>41</ele></trkpt>
    <trkpt lat="42.551187" lon="141.508204"><ele>41</ele></trkpt>
    <trkpt lat="42.551146" lon="141.508442"><ele>41</ele></trkpt>
    <trkpt lat="42.551118" lon="141.508683"><ele>41</ele></trkpt>
    <trkpt lat="42.551085" lon="141.508923"><ele>42</ele></trkpt>
    <trkpt lat="42.551054" lon="141.509164"><ele>42</ele></trkpt>
    <trkpt lat="42.551024" lon="141.509404"><ele>42</ele></trkpt>
    <trkpt lat="42.550992" lon="141.509645"><ele>42</ele></trkpt>
    <trkpt lat="42.550962" lon="141.509885"><ele>42</ele></trkpt>
    <trkpt lat="42.550923" lon="141.510124"><ele>42</ele></trkpt>
    <trkpt lat="42.550893" lon="141.510364"><ele>42</ele></trkpt>
    <trkpt lat="42.550855" lon="141.510603"><ele>43</ele></trkpt>
    <trkpt lat="42.550826" lon="141.510844"><ele>43</ele></trkpt>
    <trkpt lat="42.550795" lon="141.511084"><ele>43</ele></trkpt>
    <trkpt lat="42.550974" lon="141.511110"><ele>43</ele></trkpt>
    <trkpt lat="42.551153" lon="141.511127"><ele>43</ele></trkpt>
    <trkpt lat="42.551332" lon="141.511154"><ele>43</ele></trkpt>
    <trkpt lat="42.551511" lon="141.511177"><ele>43</ele></trkpt>
    <trkpt lat="42.551689" lon="141.511210"><ele>44</ele></trkpt>
    <trkpt lat="42.551868" lon="141.511235"><ele>44</ele></trkpt>
    <trkpt lat="42.552047" lon="141.511266"><ele>44</ele></trkpt>
    <trkpt lat="42.552225" lon="141.511297"><ele>44</ele></trkpt>
    <trkpt lat="42.552403" lon="141.511328"><ele>44</ele></trkpt>
    <trkpt lat="42.552582" lon="141.511353"><ele>44</ele></trkpt>
    <trkpt lat="42.552761" lon="141.511379"><ele>44</ele></trkpt>
    <trkpt lat="42.552940" lon="141.511410"><ele>45</ele></trkpt>
    <trkpt lat="42.553118" lon="141.511441"><ele>45</ele></trkpt>
    <trkpt lat="42.553297" lon="141.511463"><ele>45</ele></trkpt>
    <trkpt lat="42.553476" lon="141.511491"><ele>45</ele></trkpt>
    <trkpt lat="42.553655" lon="141.511513"><ele>45</ele></trkpt>
    <trkpt lat="42.553834" lon="141.511536"><ele>45</ele></trkpt>
    <trkpt lat="42.554012" lon="141.511569"><ele>45</ele></trkpt>
    <trkpt lat="42.554191" lon="141.511599"><ele>46</ele></trkpt>
    <trkpt lat="42.554370" lon="141.511620"><ele>46</ele></trkpt>
    <trkpt lat="42.554548" lon="141.511653"><ele>46</ele></trkpt>
    <trkpt lat="42.554727" lon="141.511683"><ele>46</ele></trkpt>
    <trkpt lat="42.554906" lon="141.511706"><ele>46</ele></trkpt>
    <trkpt lat="42.555085" lon="141.511730"><ele>46</ele></trkpt>
    <trkpt lat="42.555263" lon="141.511763"><ele>47</ele></trkpt>
    <trkpt lat="42.555442" lon="141.511787"><ele>47</ele></trkpt>
    <trkpt lat="42.555621" lon="141.511814"><ele>47</ele></trkpt>
    <trkpt lat="42.555800" lon="141.511840"><ele>47</ele></trkpt>
    <trkpt lat="42.555979" lon="141.511859"><ele>47</ele></trkpt>
    <trkpt lat="42.556158" lon="141.511876"><ele>47</ele></trkpt>
    <trkpt lat="42.556337" lon="141.511902"><ele>47</ele></trkpt>
    <trkpt lat="42.556516" lon="141.511923"><ele>48</ele></trkpt>
    <trkpt lat="42.556695" lon="141.511946"><ele>48</ele></trkpt>
    <trkpt lat="42.556875" lon="141.511966"><ele>48</ele></trkpt>
    <trkpt lat="42.557054" lon="141.511991"><ele>48</ele></trkpt>
    <trkpt lat="42.557232" lon="141.512024"><ele>48</ele></trkpt>
    <trkpt lat="42.557411" lon="141.512042"><ele>48</ele></trkpt>
    <trkpt lat="42.557590" lon="141.512070"><ele>48</ele></trkpt>
    <trkpt lat="42.557768" lon="141.512101"><ele>49</ele></trkpt>
    <trkpt lat="42.557947" lon="141.512123"><ele>49</ele></trkpt>
    <trkpt lat="42.558126" lon="141.512149"><ele>49</ele></trkpt>
    <trkpt lat="42.558305" lon="141.512168"><ele>49</ele></trkpt>
    <trkpt lat="42.558484" lon="141.512201"><ele>49</ele></trkpt>
    <trkpt lat="42.558663" lon="141.512223"><ele>49</ele></trkpt>
    <trkpt lat="42.558841" lon="141.512253"><ele>49</ele></trkpt>
    <trkpt lat="42.559020" lon="141.512282"><ele>50</ele></trkpt>
    <trkpt lat="42.559199" lon="141.512303"><ele>50</ele></trkpt>
    <trkpt lat="42.559378" lon="141.512321"><ele>50</ele></trkpt>
    <trkpt lat="42.559558" lon="141.512344"><ele>50</ele></trkpt>
    <trkpt lat="42.559736" lon="141.512376"><ele>50</ele></trkpt>
    <trkpt lat="42.559914" lon="141.512405"><ele>50</ele></trkpt>
    <trkpt lat="42.560094" lon="141.512426"><ele>50</ele></trkpt>
    <trkpt lat="42.560273" lon="141.512449"><ele>51</ele></trkpt>
    <trkpt lat="42.560452" lon="141.512467"><ele>51</ele></trkpt>
    <trkpt lat="42.560631" lon="141.512489"><ele>51</ele></trkpt>
    <trkpt lat="42.560810" lon="141.512516"><ele>51</ele></trkpt>
    <trkpt lat="42.560989" lon="141.512535"><ele>51</ele></trkpt>
    <trkpt lat="42.561168" lon="141.512564"><ele>51</ele></trkpt>
    <trkpt lat="42.561347" lon="141.512590"><ele>51</ele></trkpt>
    <trkpt lat="42.561526" lon="141.512607"><ele>52</ele></trkpt>
    <trkpt lat="42.561705" lon="141.512628"><ele>52</ele></trkpt>
    <trkpt lat="42.561884" lon="141.512661"><ele>52</ele></trkpt>
    <trkpt lat="42.562063" lon="141.512685"><ele>52</ele></trkpt>
    <trkpt lat="42.562241" lon="141.512714"><ele>52</ele></trkpt>
    <trkpt lat="42.562419" lon="141.512748"><ele>52</ele></trkpt>
    <trkpt lat="42.562598" lon="141.512779"><ele>53</ele></trkpt>
    <trkpt lat="42.562776" lon="141.512812"><ele>53</ele></trkpt>
    <trkpt lat="42.562954" lon="141.512844"><ele>53</ele></trkpt>
    <trkpt lat="42.563133" lon="141.512864"><ele>53</ele></trkpt>
    <trkpt lat="42.563312" lon="141.512894"><ele>53</ele></trkpt>
    <trkpt lat="42.563491" lon="141.512915"><ele>53</ele></trkpt>
    <trkpt lat="42.563670" lon="141.512938"><ele>53</ele></trkpt>
    <trkpt lat="42.563849" lon="141.512968"><ele>54</ele></trkpt>
    <trkpt lat="42.564028" lon="141.512986"><ele>54</ele></trkpt>
    <trkpt lat="42.564207" lon="141.513010"><ele>54</ele></trkpt>
    <trkpt lat="42.564386" lon="141.513030"><ele>54</ele></trkpt>
    <trkpt lat="42.564565" lon="141.513055"><ele>54</ele></trkpt>
    <trkpt lat="42.564744" lon="141.513078"><ele>54</ele></trkpt>
    <trkpt lat="42.564923" lon="141.513109"><ele>54</ele></trkpt>
    <trkpt lat="42.565101" lon="141.513143"><ele>55</ele></trkpt>
    <trkpt lat="42.565279" lon="141.513177"><ele>55</ele></trkpt>
    <trkpt lat="42.565457" lon="141.513208"><ele>55</ele></trkpt>
    <trkpt lat="42.565637" lon="141.513225"><ele>55</ele></trkpt>
    <trkpt lat="42.565816" lon="141.513247"><ele>55</ele></trkpt>
    <trkpt lat="42.565995" lon="141.513269"><ele>55</ele></trkpt>
    <trkpt lat="42.566174" lon="141.513296"><ele>55</ele></trkpt>
    <trkpt lat="42.566353" lon="141.513313"><ele>56</ele></trkpt>
    <trkpt lat="42.566532" lon="141.513336"><ele>56</ele></trkpt>
    <trkpt lat="42.566711" lon="141.513365"><ele>56</ele></trkpt>
    <trkpt lat="42.566889" lon="141.513396"><ele>56</ele></trkpt>
    <trkpt lat="42.567068" lon="141.513427"><ele>56</ele></trkpt>
    <trkpt lat="42.567247" lon="141.513446"><ele>56</ele></trkpt>
    <trkpt lat="42.567426" lon="141.513469"><ele>56</ele></trkpt>
    <trkpt lat="42.567605" lon="141.513499"><ele>57</ele></trkpt>
    <trkpt lat="42.567784" lon="141.513520"><ele>57</ele></trkpt>
    <trkpt lat="42.567962" lon="141.513549"><ele>57</ele></trkpt>
    <trkpt lat="42.568142" lon="141.513568"><ele>57</ele></trkpt>
    <trkpt lat="42.568321" lon="141.513590"><ele>57</ele></trkpt>
    <trkpt lat="42.568500" lon="141.513617"><ele>57</ele></trkpt>
    <trkpt lat="42.568679" lon="141.513638"><ele>57</ele></trkpt>
    <trkpt lat="42.568858" lon="141.513658"><ele>58</ele></trkpt>
    <trkpt lat="42.569036" lon="141.513689"><ele>58</ele></trkpt>
    <trkpt lat="42.569215" lon="141.513715"><ele>58</ele></trkpt>
    <trkpt lat="42.569394" lon="141.513741"><ele>58</ele></trkpt>
    <trkpt lat="42.569573" lon="141.513771"><ele>58</ele></trkpt>
    <trkpt lat="42.569751" lon="141.513799"><ele>58</ele></trkpt>
    <trkpt lat="42.569931" lon="141.513818"><ele>58</ele></trkpt>
    <trkpt lat="42.570110" lon="141.513839"><ele>59</ele></trkpt>
    <trkpt lat="42.570289" lon="141.513860"><ele>59</ele></trkpt>
    <trkpt lat="42.570467" lon="141.513893"><ele>59</ele></trkpt>
    <trkpt lat="42.570646" lon="141.513918"><ele>59</ele></trkpt>
    <trkpt lat="42.570825" lon="141.513945"><ele>59</ele></trkpt>
    <trkpt lat="42.571003" lon="141.513977"><ele>59</ele></trkpt>
    <trkpt lat="42.571183" lon="141.513997"><ele>59</ele></trkpt>
    <trkpt lat="42.571361" lon="141.514030"><ele>60</ele></trkpt>
    <trkpt lat="42.571540" lon="141.514053"><ele>60</ele></trkpt>
    <trkpt lat="42.571719" lon="141.514077"><ele>60</ele></trkpt>
    <trkpt lat="42.571898" lon="141.514100"><ele>60</ele></trkpt>
    <trkpt lat="42.572076" lon="141.514132"><ele>60</ele></trkpt>
    <trkpt lat="42.572255" lon="141.514153"><ele>60</ele></trkpt>
    <trkpt lat="42.572434" lon="141.514186"><ele>60</ele></trkpt>
    <trkpt lat="42.572612" lon="141.514212"><ele>61</ele></trkpt>
    <trkpt lat="42.572791" lon="141.514242"><ele>61</ele></trkpt>
    <trkpt lat="42.572970" lon="141.514267"><ele>61</ele></trkpt>
    <trkpt lat="42.573149" lon="141.514286"><ele>61</ele></trkpt>
    <trkpt lat="42.573328" lon="141.514311"><ele>61</ele></trkpt>
    <trkpt lat="42.573506" lon="141.514342"><ele>61</ele></trkpt>
    <trkpt lat="42.573685" lon="141.514372"><ele>61</ele></trkpt>
    <trkpt lat="42.573864" lon="141.514391"><ele>62</ele></trkpt>
    <trkpt lat="42.574044" lon="141.514410"><ele>62</ele></trkpt>
    <trkpt lat="42.574222" lon="141.514444"><ele>62</ele></trkpt>
    <trkpt lat="42.574401" lon="141.514465"><ele>62</ele></trkpt>
    <trkpt lat="42.574580" lon="141.514482"><ele>62</ele></trkpt>
    <trkpt lat="42.574759" lon="141.514510"><ele>62</ele></trkpt>
    <trkpt lat="42.574937" lon="141.514542"><ele>63</ele></trkpt>
    <trkpt lat="42.575117" lon="141.514561"><ele>63</ele></trkpt>
    <trkpt lat="42.575295" lon="141.514589"><ele>63</ele></trkpt>
    <trkpt lat="42.575474" lon="141.514616"><ele>63</ele></trkpt>
    <trkpt lat="42.575653" lon="141.514638"><ele>63</ele></trkpt>
    <trkpt lat="42.575832" lon="141.514669"><ele>63</ele></trkpt>
    <trkpt lat="42.576011" lon="141.514694"><ele>63</ele></trkpt>
    <trkpt lat="42.576190" lon="141.514718"><ele>64</ele></trkpt>
    <trkpt lat="42.576368" lon="141.514752"><ele>64</ele></trkpt>
    <trkpt lat="42.576546" lon="141.514783"><ele>64</ele></trkpt>
    <trkpt lat="42.576725" lon="141.514804"><ele>64</ele></trkpt>
    <trkpt lat="42.576904" lon="141.514827"><ele>64</ele></trkpt>
    <trkpt lat="42.577083" lon="141.514853"><ele>64</ele></trkpt>
    <trkpt lat="42.577261" lon="141.514887"><ele>64</ele></trkpt>
    <trkpt lat="42.577440" lon="141.514920"><ele>65</ele></trkpt>
    <trkpt lat="42.577618" lon="141.514953"><ele>65</ele></trkpt>
    <trkpt lat="42.577797" lon="141.514978"><ele>65</ele></trkpt>
    <trkpt lat="42.577976" lon="141.515003"><ele>65</ele></trkpt>
    <trkpt lat="42.578154" lon="141.515030"><ele>65</ele></trkpt>
    <trkpt lat="42.578334" lon="141.515050"><ele>65</ele></trkpt>
    <trkpt lat="42.578513" lon="141.515070"><ele>65</ele></trkpt>
    <trkpt lat="42.578692" lon="141.515091"><ele>66</ele></trkpt>
    <trkpt lat="42.578871" lon="141.515113"><ele>66</ele></trkpt>
    <trkpt lat="42.579050" lon="141.515136"><ele>66</ele></trkpt>
    <trkpt lat="42.579230" lon="141.515153"><ele>66</ele></trkpt>
    <trkpt lat="42.579409" lon="141.515176"><ele>66</ele></trkpt>
    <trkpt lat="42.579588" lon="141.515196"><ele>66</ele></trkpt>
    <trkpt lat="42.579767" lon="141.515220"><ele>66</ele></trkpt>
    <trkpt lat="42.579945" lon="141.515253"><ele>67</ele></trkpt>
    <trkpt lat="42.580125" lon="141.515270"><ele>67</ele></trkpt>
    <trkpt lat="42.580303" lon="141.515303"><ele>67</ele></trkpt>
    <trkpt lat="42.580482" lon="141.515324"><ele>67</ele></trkpt>
    <trkpt lat="42.580661" lon="141.515351"><ele>67</ele></trkpt>
    <trkpt lat="42.580840" lon="141.515370"><ele>67</ele></trkpt>
    <trkpt lat="42.581019" lon="141.515396"><ele>67</ele></trkpt>
    <trkpt lat="42.581198" lon="141.515415"><ele>68</ele></trkpt>
    <trkpt lat="42.581376" lon="141.515448"><ele>68</ele></trkpt>
    <trkpt lat="42.581555" lon="141.515472"><ele>68</ele></trkpt>
    <trkpt lat="42.581734" lon="141.515496"><ele>68</ele></trkpt>
    <trkpt lat="42.581913" lon="141.515527"><ele>68</ele></trkpt>
    <trkpt lat="42.582092" lon="141.515546"><ele>68</ele></trkpt>
    <trkpt lat="42.582271" lon="141.515571"><ele>68</ele></trkpt>
    <trkpt lat="42.582450" lon="141.515589"><ele>68</ele></trkpt>
    <trkpt lat="42.582629" lon="141.515620"><ele>69</ele></trkpt>
    <trkpt lat="42.582808" lon="141.515641"><ele>69</ele></trkpt>
    <trkpt lat="42.582987" lon="141.515663"><ele>69</ele></trkpt>
    <trkpt lat="42.583165" lon="141.515696"><ele>69</ele></trkpt>
    <trkpt lat="42.583344" lon="141.515728"><ele>69</ele></trkpt>
    <trkpt lat="42.583523" lon="141.515749"><ele>69</ele></trkpt>
    <trkpt lat="42.583702" lon="141.515774"><ele>69</ele></trkpt>
    <trkpt lat="42.583881" lon="141.515797"><ele>70</ele></trkpt>
    <trkpt lat="42.584059" lon="141.515830"><ele>70</ele></trkpt>
    <trkpt lat="42.584237" lon="141.515862"><ele>70</ele></trkpt>
    <trkpt lat="42.584417" lon="141.515883"><ele>70</ele></trkpt>
    <trkpt lat="42.584595" lon="141.515910"><ele>70</ele></trkpt>
    <trkpt lat="42.584774" lon="141.515935"><ele>70</ele></trkpt>
    <trkpt lat="42.584953" lon="141.515968"><ele>70</ele></trkpt>
    <trkpt lat="42.585131" lon="141.515996"><ele>71</ele></trkpt>
    <trkpt lat="42.585310" lon="141.516026"><ele>71</ele></trkpt>
    <trkpt lat="42.585489" lon="141.516051"><ele>71</ele></trkpt>
    <trkpt lat="42.585668" lon="141.516071"><ele>71</ele></trkpt>
    <trkpt lat="42.585846" lon="141.516102"><ele>71</ele></trkpt>
    <trkpt lat="42.586025" lon="141.516127"><ele>71</ele></trkpt>
    <trkpt lat="42.586204" lon="141.516154"><ele>71</ele></trkpt>
    <trkpt lat="42.586383" lon="141.516174"><ele>72</ele></trkpt>
    <trkpt lat="42.586562" lon="141.516204"><ele>72</ele></trkpt>
    <trkpt lat="42.586741" lon="141.516230"><ele>72</ele></trkpt>
    <trkpt lat="42.586919" lon="141.516259"><ele>72</ele></trkpt>
    <trkpt lat="42.587099" lon="141.516276"><ele>72</ele></trkpt>
    <trkpt lat="42.587277" lon="141.516304"><ele>72</ele></trkpt>
    <trkpt lat="42.587457" lon="141.516325"><ele>72</ele></trkpt>
    <trkpt lat="42.587636" lon="141.516346"><ele>73</ele></trkpt>
    <trkpt lat="42.587814" lon="141.516374"><ele>73</ele></trkpt>
    <trkpt lat="42.587993" lon="141.516400"><ele>73</ele></trkpt>
    <trkpt lat="42.588172" lon="141.516421"><ele>73</ele></trkpt>
    <trkpt lat="42.588351" lon="141.516447"><ele>73</ele></trkpt>
    <trkpt lat="42.588530" lon="141.516476"><ele>73</ele></trkpt>
    <trkpt lat="42.588709" lon="141.516501"><ele>73</ele></trkpt>
    <trkpt lat="42.588888" lon="141.516526"><ele>74</ele></trkpt>
    <trkpt lat="42.589066" lon="141.516560"><ele>74</ele></trkpt>
    <trkpt lat="42.589245" lon="141.516585"><ele>74</ele></trkpt>
    <trkpt lat="42.589424" lon="141.516604"><ele>74</ele></trkpt>
    <trkpt lat="42.589603" lon="141.516633"><ele>74</ele></trkpt>
    <trkpt lat="42.589781" lon="141.516666"><ele>74</ele></trkpt>
    <trkpt lat="42.589960" lon="141.516688"><ele>74</ele></trkpt>
    <trkpt lat="42.590139" lon="141.516714"><ele>75</ele></trkpt>
    <trkpt lat="42.590317" lon="141.516743"><ele>75</ele></trkpt>
    <trkpt lat="42.590497" lon="141.516762"><ele>75</ele></trkpt>
    <trkpt lat="42.590676" lon="141.516783"><ele>75</ele></trkpt>
    <trkpt lat="42.590855" lon="141.516804"><ele>75</ele></trkpt>
    <trkpt lat="42.591035" lon="141.516810"><ele>75</ele></trkpt>
    <trkpt lat="42.591215" lon="141.516800"><ele>75</ele></trkpt>
    <trkpt lat="42.591395" lon="141.516802"><ele>76</ele></trkpt>
    <trkpt lat="42.591574" lon="141.516806"><ele>76</ele></trkpt>
    <trkpt lat="42.591754" lon="141.516805"><ele>76</ele></trkpt>
    <trkpt lat="42.591934" lon="141.516809"><ele>76</ele></trkpt>
    <trkpt lat="42.592114" lon="141.516811"><ele>76</ele></trkpt>
    <trkpt lat="42.592294" lon="141.516805"><ele>76</ele></trkpt>
    <trkpt lat="42.592474" lon="141.516798"><ele>76</ele></trkpt>
    <trkpt lat="42.592653" lon="141.516798"><ele>77</ele></trkpt>
    <trkpt lat="42.592833" lon="141.516800"><ele>77</ele></trkpt>
    <trkpt lat="42.593013" lon="141.516805"><ele>77</ele></trkpt>
    <trkpt lat="42.593193" lon="141.516799"><ele>77</ele></trkpt>
    <trkpt lat="42.593373" lon="141.516804"><ele>77</ele></trkpt>
    <trkpt lat="42.593552" lon="141.516811"><ele>77</ele></trkpt>
    <trkpt lat="42.593732" lon="141.516805"><ele>77</ele></trkpt>
    <trkpt lat="42.593912" lon="141.516795"><ele>77</ele></trkpt>
    <trkpt lat="42.594092" lon="141.516792"><ele>78</ele></trkpt>
    <trkpt lat="42.594272" lon="141.516790"><ele>78</ele></trkpt>
    <trkpt lat="42.594452" lon="141.516787"><ele>78</ele></trkpt>
    <trkpt lat="42.594631" lon="141.516782"><ele>78</ele></trkpt>
    <trkpt lat="42.594811" lon="141.516788"><ele>78</ele></trkpt>
    <trkpt lat="42.594991" lon="141.516790"><ele>78</ele></trkpt>
    <trkpt lat="42.595171" lon="141.516788"><ele>78</ele></trkpt>
    <trkpt lat="42.595351" lon="141.516783"><ele>79</ele></trkpt>
    <trkpt lat="42.595531" lon="141.516781"><ele>79</ele></trkpt>
    <trkpt lat="42.595710" lon="141.516780"><ele>79</ele></trkpt>
    <trkpt lat="42.595890" lon="141.516786"><ele>79</ele></trkpt>
    <trkpt lat="42.596070" lon="141.516778"><ele>79</ele></trkpt>
    <trkpt lat="42.596250" lon="141.516773"><ele>79</ele></trkpt>
    <trkpt lat="42.596430" lon="141.516772"><ele>79</ele></trkpt>
    <trkpt lat="42.596609" lon="141.516763"><ele>80</ele></trkpt>
    <trkpt lat="42.596789" lon="141.516768"><ele>80</ele></trkpt>
    <trkpt lat="42.596969" lon="141.516766"><ele>80</ele></trkpt>
    <trkpt lat="42.597149" lon="141.516765"><ele>80</ele></trkpt>
    <trkpt lat="42.597329" lon="141.516764"><ele>80</ele></trkpt>
    <trkpt lat="42.597509" lon="141.516755"><ele>80</ele></trkpt>
    <trkpt lat="42.597688" lon="141.516746"><ele>80</ele></trkpt>
    <trkpt lat="42.597868" lon="141.516748"><ele>81</ele></trkpt>
    <trkpt lat="42.598048" lon="141.516752"><ele>81</ele></trkpt>
    <trkpt lat="42.598228" lon="141.516756"><ele>81</ele></trkpt>
    <trkpt lat="42.598408" lon="141.516746"><ele>81</ele></trkpt>
    <trkpt lat="42.598587" lon="141.516750"><ele>81</ele></trkpt>
    <trkpt lat="42.598767" lon="141.516740"><ele>81</ele></trkpt>
    <trkpt lat="42.598947" lon="141.516731"><ele>81</ele></trkpt>
    <trkpt lat="42.599127" lon="141.516733"><ele>81</ele></trkpt>
    <trkpt lat="42.599307" lon="141.516735"><ele>82</ele></trkpt>
    <trkpt lat="42.599486" lon="141.516739"><ele>82</ele></trkpt>
    <trkpt lat="42.599666" lon="141.516740"><ele>82</ele></trkpt>
    <trkpt lat="42.599846" lon="141.516733"><ele>82</ele></trkpt>
    <trkpt lat="42.600026" lon="141.516737"><ele>82</ele></trkpt>
    <trkpt lat="42.600206" lon="141.516736"><ele>82</ele></trkpt>
    <trkpt lat="42.600386" lon="141.516732"><ele>82</ele></trkpt>
    <trkpt lat="42.600566" lon="141.516735"><ele>83</ele></trkpt>
    <trkpt lat="42.600745" lon="141.516732"><ele>83</ele></trkpt>
    <trkpt lat="42.600925" lon="141.516736"><ele>83</ele></trkpt>
    <trkpt lat="42.601105" lon="141.516733"><ele>83</ele></trkpt>
    <trkpt lat="42.601285" lon="141.516734"><ele>83</ele></trkpt>
    <trkpt lat="42.601465" lon="141.516727"><ele>83</ele></trkpt>
    <trkpt lat="42.601645" lon="141.516722"><ele>83</ele></trkpt>
    <trkpt lat="42.601824" lon="141.516714"><ele>84</ele></trkpt>
    <trkpt lat="42.602004" lon="141.516714"><ele>84</ele></trkpt>
    <trkpt lat="42.602184" lon="141.516710"><ele>84</ele></trkpt>
    <trkpt lat="42.602364" lon="141.516712"><ele>84</ele></trkpt>
    <trkpt lat="42.602544" lon="141.516706"><ele>84</ele></trkpt>
    <trkpt lat="42.602723" lon="141.516697"><ele>84</ele></trkpt>
    <trkpt lat="42.602903" lon="141.516694"><ele>84</ele></trkpt>
    <trkpt lat="42.603083" lon="141.516697"><ele>85</ele></trkpt>
    <trkpt lat="42.603263" lon="141.516696"><ele>85</ele></trkpt>
    <trkpt lat="42.603443" lon="141.516703"><ele>85</ele></trkpt>
    <trkpt lat="42.603623" lon="141.516708"><ele>85</ele></trkpt>
    <trkpt lat="42.603802" lon="141.516712"><ele>85</ele></trkpt>
    <trkpt lat="42.603982" lon="141.516716"><ele>85</ele></trkpt>
    <trkpt lat="42.604162" lon="141.516706"><ele>85</ele></trkpt>
    <trkpt lat="42.604342" lon="141.516698"><ele>85</ele></trkpt>
    <trkpt lat="42.604522" lon="141.516704"><ele>86</ele></trkpt>
    <trkpt lat="42.604701" lon="141.516708"><ele>86</ele></trkpt>
    <trkpt lat="42.604881" lon="141.516701"><ele>86</ele></trkpt>
    <trkpt lat="42.605061" lon="141.516700"><ele>86</ele></trkpt>
    <trkpt lat="42.605241" lon="141.516699"><ele>86</ele></trkpt>
    <trkpt lat="42.605421" lon="141.516698"><ele>86</ele></trkpt>
    <trkpt lat="42.605601" lon="141.516689"><ele>86</ele></trkpt>
    <trkpt lat="42.605780" lon="141.516696"><ele>87</ele></trkpt>
    <trkpt lat="42.605960" lon="141.516699"><ele>87</ele></trkpt>
    <trkpt lat="42.606140" lon="141.516696"><ele>87</ele></trkpt>
    <trkpt lat="42.606320" lon="141.516697"><ele>87</ele></trkpt>
    <trkpt lat="42.606500" lon="141.516689"><ele>87</ele></trkpt>
    <trkpt lat="42.606679" lon="141.516680"><ele>87</ele></trkpt>
    <trkpt lat="42.606859" lon="141.516687"><ele>87</ele></trkpt>
    <trkpt lat="42.607039" lon="141.516693"><ele>88</ele></trkpt>
    <trkpt lat="42.607219" lon="141.516688"><ele>88</ele></trkpt>
    <trkpt lat="42.607399" lon="141.516690"><ele>88</ele></trkpt>
    <trkpt lat="42.607579" lon="141.516696"><ele>88</ele></trkpt>
    <trkpt lat="42.607758" lon="141.516688"><ele>88</ele></trkpt>
    <trkpt lat="42.607938" lon="141.516692"><ele>88</ele></trkpt>
    <trkpt lat="42.608118" lon="141.516685"><ele>88</ele></trkpt>
    <trkpt lat="42.608298" lon="141.516687"><ele>88</ele></trkpt>
    <trkpt lat="42.608478" lon="141.516691"><ele>89</ele></trkpt>
    <trkpt lat="42.608657" lon="141.516687"><ele>89</ele></trkpt>
    <trkpt lat="42.608837" lon="141.516682"><ele>89</ele></trkpt>
    <trkpt lat="42.609017" lon="141.516682"><ele>89</ele></trkpt>
    <trkpt lat="42.609197" lon="141.516681"><ele>89</ele></trkpt>
    <trkpt lat="42.609377" lon="141.516685"><ele>89</ele></trkpt>
    <trkpt lat="42.609557" lon="141.516686"><ele>89</ele></trkpt>
    <trkpt lat="42.609737" lon="141.516680"><ele>90</ele></trkpt>
    <trkpt lat="42.609916" lon="141.516684"><ele>90</ele></trkpt>
    <trkpt lat="42.610096" lon="141.516687"><ele>90</ele></trkpt>
    <trkpt lat="42.610276" lon="141.516688"><ele>90</ele></trkpt>
    <trkpt lat="42.610456" lon="141.516681"><ele>90</ele></trkpt>
    <trkpt lat="42.610636" lon="141.516679"><ele>90</ele></trkpt>
    <trkpt lat="42.610816" lon="141.516685"><ele>90</ele></trkpt>
    <trkpt lat="42.610995" lon="141.516677"><ele>90</ele></trkpt>
    <trkpt lat="42.611175" lon="141.516677"><ele>91</ele></trkpt>
    <trkpt lat="42.611355" lon="141.516682"><ele>91</ele></trkpt>
    <trkpt lat="42.611535" lon="141.516677"><ele>91</ele></trkpt>
    <trkpt lat="42.611715" lon="141.516669"><ele>91</ele></trkpt>
    <trkpt lat="42.611895" lon="141.516668"><ele>91</ele></trkpt>
    <trkpt lat="42.612074" lon="141.516662"><ele>91</ele></trkpt>
    <trkpt lat="42.612254" lon="141.516667"><ele>91</ele></trkpt>
    <trkpt lat="42.612434" lon="141.516659"><ele>92</ele></trkpt>
    <trkpt lat="42.612614" lon="141.516656"><ele>92</ele></trkpt>
    <trkpt lat="42.612794" lon="141.516650"><ele>92</ele></trkpt>
    <trkpt lat="42.612973" lon="141.516653"><ele>92</ele></trkpt>
    <trkpt lat="42.613153" lon="141.516649"><ele>92</ele></trkpt>
    <trkpt lat="42.613333" lon="141.516642"><ele>92</ele></trkpt>
    <trkpt lat="42.613513" lon="141.516647"><ele>92</ele></trkpt>
    <trkpt lat="42.613693" lon="141.516642"><ele>92</ele></trkpt>
    <trkpt lat="42.613872" lon="141.516635"><ele>93</ele></trkpt>
    <trkpt lat="42.614052" lon="141.516629"><ele>93</ele></trkpt>
    <trkpt lat="42.614232" lon="141.516627"><ele>93</ele></trkpt>
    <trkpt lat="42.614412" lon="141.516625"><ele>93</ele></trkpt>
    <trkpt lat="42.614592" lon="141.516622"><ele>93</ele></trkpt>
    <trkpt lat="42.614772" lon="141.516617"><ele>93</ele></trkpt>
    <trkpt lat="42.614951" lon="141.516624"><ele>93</ele></trkpt>
    <trkpt lat="42.615131" lon="141.516620"><ele>94</ele></trkpt>
    <trkpt lat="42.615311" lon="141.516618"><ele>94</ele></trkpt>
    <trkpt lat="42.615491" lon="141.516620"><ele>94</ele></trkpt>
    <trkpt lat="42.615671" lon="141.516620"><ele>94</ele></trkpt>
    <trkpt lat="42.615851" lon="141.516620"><ele>94</ele></trkpt>
    <trkpt lat="42.616030" lon="141.516612"><ele>94</ele></trkpt>
    <trkpt lat="42.616210" lon="141.516613"><ele>94</ele></trkpt>
    <trkpt lat="42.616390" lon="141.516611"><ele>94</ele></trkpt>
    <trkpt lat="42.616570" lon="141.516611"><ele>95</ele></trkpt>
    <trkpt lat="42.616750" lon="141.516607"><ele>95</ele></trkpt>
    <trkpt lat="42.616930" lon="141.516613"><ele>95</ele></trkpt>
    <trkpt lat="42.617110" lon="141.516606"><ele>95</ele></trkpt>
    <trkpt lat="42.617289" lon="141.516607"><ele>95</ele></trkpt>
    <trkpt lat="42.617469" lon="141.516601"><ele>95</ele></trkpt>
    <trkpt lat="42.617649" lon="141.516598"><ele>95</ele></trkpt>
    <trkpt lat="42.617829" lon="141.516596"><ele>96</ele></trkpt>
    <trkpt lat="42.618009" lon="141.516587"><ele>96</ele></trkpt>
    <trkpt lat="42.618188" lon="141.516587"><ele>96</ele></trkpt>
    <trkpt lat="42.618368" lon="141.516586"><ele>96</ele></trkpt>
    <trkpt lat="42.618548" lon="141.516580"><ele>96</ele></trkpt>
    <trkpt lat="42.618728" lon="141.516586"><ele>96</ele></trkpt>
    <trkpt lat="42.618908" lon="141.516589"><ele>96</ele></trkpt>
    <trkpt lat="42.619088" lon="141.516594"><ele>96</ele></trkpt>
    <trkpt lat="42.619268" lon="141.516595"><ele>97</ele></trkpt>
    <trkpt lat="42.619447" lon="141.516586"><ele>97</ele></trkpt>
    <trkpt lat="42.619627" lon="141.516579"><ele>97</ele></trkpt>
    <trkpt lat="42.619807" lon="141.516577"><ele>97</ele></trkpt>
    <trkpt lat="42.619987" lon="141.516569"><ele>97</ele></trkpt>
    <trkpt lat="42.620166" lon="141.516576"><ele>97</ele></trkpt>
    <trkpt lat="42.620346" lon="141.516576"><ele>97</ele></trkpt>
    <trkpt lat="42.620526" lon="141.516569"><ele>98</ele></trkpt>
    <trkpt lat="42.620706" lon="141.516566"><ele>98</ele></trkpt>
    <trkpt lat="42.620886" lon="141.516564"><ele>98</ele></trkpt>
    <trkpt lat="42.621066" lon="141.516566"><ele>98</ele></trkpt>
    <trkpt lat="42.621246" lon="141.516570"><ele>98</ele></trkpt>
    <trkpt lat="42.621425" lon="141.516571"><ele>98</ele></trkpt>
    <trkpt lat="42.621605" lon="141.516575"><ele>98</ele></trkpt>
    <trkpt lat="42.621785" lon="141.516580"><ele>98</ele></trkpt>
    <trkpt lat="42.621965" lon="141.516578"><ele>99</ele></trkpt>
    <trkpt lat="42.622145" lon="141.516580"><ele>99</ele></trkpt>
    <trkpt lat="42.622325" lon="141.516584"><ele>99</ele></trkpt>
    <trkpt lat="42.622504" lon="141.516585"><ele>99</ele></trkpt>
    <trkpt lat="42.622684" lon="141.516583"><ele>99</ele></trkpt>
    <trkpt lat="42.622864" lon="141.516574"><ele>99</ele></trkpt>
    <trkpt lat="42.623044" lon="141.516579"><ele>99</ele></trkpt>
    <trkpt lat="42.623224" lon="141.516573"><ele>99</ele></trkpt>
    <trkpt lat="42.623404" lon="141.516570"><ele>100</ele></trkpt>
    <trkpt lat="42.623583" lon="141.516566"><ele>100</ele></trkpt>
    <trkpt lat="42.623763" lon="141.516562"><ele>100</ele></trkpt>
    <trkpt lat="42.623943" lon="141.516557"><ele>100</ele></trkpt>
    <trkpt lat="42.624123" lon="141.516555"><ele>100</ele></trkpt>
    <trkpt lat="42.624303" lon="141.516559"><ele>100</ele></trkpt>
    <trkpt lat="42.624483" lon="141.516553"><ele>100</ele></trkpt>
    <trkpt lat="42.624662" lon="141.516555"><ele>101</ele></trkpt>
    <trkpt lat="42.624842" lon="141.516556"><ele>101</ele></trkpt>
    <trkpt lat="42.625022" lon="141.516549"><ele>101</ele></trkpt>
    <trkpt lat="42.625202" lon="141.516542"><ele>101</ele></trkpt>
    <trkpt lat="42.625382" lon="141.516534"><ele>101</ele></trkpt>
    <trkpt lat="42.625561" lon="141.516530"><ele>101</ele></trkpt>
    <trkpt lat="42.625741" lon="141.516528"><ele>101</ele></trkpt>
    <trkpt lat="42.625921" lon="141.516518"><ele>101</ele></trkpt>
    <trkpt lat="42.626101" lon="141.516515"><ele>102</ele></trkpt>
    <trkpt lat="42.626281" lon="141.516510"><ele>102</ele></trkpt>
    <trkpt lat="42.626461" lon="141.516505"><ele>102</ele></trkpt>
    <trkpt lat="42.626640" lon="141.516504"><ele>102</ele></trkpt>
    <trkpt lat="42.626820" lon="141.516502"><ele>102</ele></trkpt>
    <trkpt lat="42.627000" lon="141.516493"><ele>102</ele></trkpt>
    <trkpt lat="42.627180" lon="141.516496"><ele>102</ele></trkpt>
    <trkpt lat="42.627360" lon="141.516492"><ele>102</ele></trkpt>
    <trkpt lat="42.627540" lon="141.516495"><ele>103</ele></trkpt>
    <trkpt lat="42.627719" lon="141.516501"><ele>103</ele></trkpt>
    <trkpt lat="42.627899" lon="141.516504"><ele>103</ele></trkpt>
    <trkpt lat="42.628079" lon="141.516507"><ele>103</ele></trkpt>
    <trkpt lat="42.628259" lon="141.516501"><ele>103</ele></trkpt>
    <trkpt lat="42.628439" lon="141.516494"><ele>103</ele></trkpt>
    <trkpt lat="42.628618" lon="141.516497"><ele>103</ele></trkpt>
    <trkpt lat="42.628798" lon="141.516487"><ele>103</ele></trkpt>
    <trkpt lat="42.628978" lon="141.516487"><ele>104</ele></trkpt>
    <trkpt lat="42.629158" lon="141.516491"><ele>104</ele></trkpt>
    <trkpt lat="42.629338" lon="141.516497"><ele>104</ele></trkpt>
    <trkpt lat="42.629518" lon="141.516499"><ele>104</ele></trkpt>
    <trkpt lat="42.629697" lon="141.516495"><ele>104</ele></trkpt>
    <trkpt lat="42.629877" lon="141.516490"><ele>104</ele></trkpt>
    <trkpt lat="42.630057" lon="141.516496"><ele>104</ele></trkpt>
    <trkpt lat="42.630237" lon="141.516496"><ele>104</ele></trkpt>
    <trkpt lat="42.630417" lon="141.516490"><ele>105</ele></trkpt>
    <trkpt lat="42.630597" lon="141.516487"><ele>105</ele></trkpt>
    <trkpt lat="42.630776" lon="141.516484"><ele>105</ele></trkpt>
    <trkpt lat="42.630956" lon="141.516477"><ele>105</ele></trkpt>
    <trkpt lat="42.631136" lon="141.516482"><ele>105</ele></trkpt>
    <trkpt lat="42.631316" lon="141.516483"><ele>105</ele></trkpt>
    <trkpt lat="42.631496" lon="141.516474"><ele>105</ele></trkpt>
    <trkpt lat="42.631676" lon="141.516476"><ele>106</ele></trkpt>
    <trkpt lat="42.631855" lon="141.516482"><ele>106</ele></trkpt>
    <trkpt lat="42.632035" lon="141.516482"><ele>106</ele></trkpt>
    <trkpt lat="42.632215" lon="141.516483"><ele>106</ele></trkpt>
    <trkpt lat="42.632395" lon="141.516473"><ele>106</ele></trkpt>
    <trkpt lat="42.632575" lon="141.516471"><ele>106</ele></trkpt>
    <trkpt lat="42.632754" lon="141.516468"><ele>106</ele></trkpt>
    <trkpt lat="42.632934" lon="141.516468"><ele>106</ele></trkpt>
    <trkpt lat="42.633114" lon="141.516459"><ele>107</ele></trkpt>
    <trkpt lat="42.633294" lon="141.516455"><ele>107</ele></trkpt>
    <trkpt lat="42.633474" lon="141.516457"><ele>107</ele></trkpt>
    <trkpt lat="42.633654" lon="141.516449"><ele>107</ele></trkpt>
    <trkpt lat="42.633833" lon="141.516454"><ele>107</ele></trkpt>
    <trkpt lat="42.634013" lon="141.516455"><ele>107</ele></trkpt>
    <trkpt lat="42.634193" lon="141.516447"><ele>107</ele></trkpt>
    <trkpt lat="42.634373" lon="141.516447"><ele>107</ele></trkpt>
    <trkpt lat="42.634553" lon="141.516446"><ele>108</ele></trkpt>
    <trkpt lat="42.634733" lon="141.516446"><ele>108</ele></trkpt>
    <trkpt lat="42.634912" lon="141.516441"><ele>108</ele></trkpt>
    <trkpt lat="42.635092" lon="141.516436"><ele>108</ele></trkpt>
    <trkpt lat="42.635272" lon="141.516427"><ele>108</ele></trkpt>
    <trkpt lat="42.635452" lon="141.516432"><ele>108</ele></trkpt>
    <trkpt lat="42.635632" lon="141.516423"><ele>108</ele></trkpt>
    <trkpt lat="42.635811" lon="141.516423"><ele>108</ele></trkpt>
    <trkpt lat="42.635991" lon="141.516426"><ele>109</ele></trkpt>
    <trkpt lat="42.636171" lon="141.516428"><ele>109</ele></trkpt>
    <trkpt lat="42.636351" lon="141.516429"><ele>109</ele></trkpt>
    <trkpt lat="42.636531" lon="141.516422"><ele>109</ele></trkpt>
    <trkpt lat="42.636711" lon="141.516420"><ele>109</ele></trkpt>
    <trkpt lat="42.636891" lon="141.516413"><ele>109</ele></trkpt>
    <trkpt lat="42.637070" lon="141.516404"><ele>109</ele></trkpt>
    <trkpt lat="42.637250" lon="141.516406"><ele>109</ele></trkpt>
    <trkpt lat="42.637430" lon="141.516399"><ele>110</ele></trkpt>
    <trkpt lat="42.637610" lon="141.516399"><ele>110</ele></trkpt>
    <trkpt lat="42.637790" lon="141.516393"><ele>110</ele></trkpt>
    <trkpt lat="42.637969" lon="141.516392"><ele>110</ele></trkpt>
    <trkpt lat="42.638149" lon="141.516389"><ele>110</ele></trkpt>
    <trkpt lat="42.638329" lon="141.516388"><ele>110</ele></trkpt>
    <trkpt lat="42.638509" lon="141.516384"><ele>110</ele></trkpt>
    <trkpt lat="42.638689" lon="141.516378"><ele>110</ele></trkpt>
    <trkpt lat="42.638869" lon="141.516375"><ele>111</ele></trkpt>
    <trkpt lat="42.639048" lon="141.516374"><ele>111</ele></trkpt>
    <trkpt lat="42.639228" lon="141.516373"><ele>111</ele></trkpt>
    <trkpt lat="42.639408" lon="141.516365"><ele>111</ele></trkpt>
    <trkpt lat="42.639588" lon="141.516355"><ele>111</ele></trkpt>
    <trkpt lat="42.639768" lon="141.516346"><ele>111</ele></trkpt>
    <trkpt lat="42.639947" lon="141.516344"><ele>111</ele></trkpt>
    <trkpt lat="42.640127" lon="141.516344"><ele>111</ele></trkpt>
    <trkpt lat="42.640307" lon="141.516349"><ele>112</ele></trkpt>
    <trkpt lat="42.640487" lon="141.516356"><ele>112</ele></trkpt>
    <trkpt lat="42.640667" lon="141.516349"><ele>112</ele></trkpt>
    <trkpt lat="42.640847" lon="141.516347"><ele>112</ele></trkpt>
    <trkpt lat="42.641026" lon="141.516348"><ele>112</ele></trkpt>
    <trkpt lat="42.641206" lon="141.516341"><ele>112</ele></trkpt>
    <trkpt lat="42.641386" lon="141.516347"><ele>112</ele></trkpt>
    <trkpt lat="42.641566" lon="141.516344"><ele>112</ele></trkpt>
    <trkpt lat="42.641746" lon="141.516345"><ele>113</ele></trkpt>
    <trkpt lat="42.641926" lon="141.516339"><ele>113</ele></trkpt>
    <trkpt lat="42.642105" lon="141.516340"><ele>113</ele></trkpt>
    <trkpt lat="42.642285" lon="141.516342"><ele>113</ele></trkpt>
    <trkpt lat="42.642465" lon="141.516347"><ele>113</ele></trkpt>
    <trkpt lat="42.642645" lon="141.516353"><ele>113</ele></trkpt>
    <trkpt lat="42.642825" lon="141.516356"><ele>113</ele></trkpt>
    <trkpt lat="42.643005" lon="141.516347"><ele>113</ele></trkpt>
    <trkpt lat="42.643184" lon="141.516338"><ele>114</ele></trkpt>
    <trkpt lat="42.643364" lon="141.516342"><ele>114</ele></trkpt>
    <trkpt lat="42.643544" lon="141.516332"><ele>114</ele></trkpt>
    <trkpt lat="42.643724" lon="141.516329"><ele>114</ele></trkpt>
    <trkpt lat="42.643903" lon="141.516322"><ele>114</ele></trkpt>
    <trkpt lat="42.644083" lon="141.516318"><ele>114</ele></trkpt>
    <trkpt lat="42.644263" lon="141.516320"><ele>114</ele></trkpt>
    <trkpt lat="42.644443" lon="141.516321"><ele>114</ele></trkpt>
    <trkpt lat="42.644623" lon="141.516316"><ele>114</ele></trkpt>
    <trkpt lat="42.644803" lon="141.516308"><ele>115</ele></trkpt>
    <trkpt lat="42.644982" lon="141.516299"><ele>115</ele></trkpt>
    <trkpt lat="42.645162" lon="141.516299"><ele>115</ele></trkpt>
    <trkpt lat="42.645342" lon="141.516301"><ele>115</ele></trkpt>
    <trkpt lat="42.645522" lon="141.516300"><ele>115</ele></trkpt>
    <trkpt lat="42.645702" lon="141.516299"><ele>115</ele></trkpt>
    <trkpt lat="42.645882" lon="141.516305"><ele>115</ele></trkpt>
    <trkpt lat="42.646061" lon="141.516296"><ele>115</ele></trkpt>
    <trkpt lat="42.646241" lon="141.516292"><ele>116</ele></trkpt>
    <trkpt lat="42.646421" lon="141.516287"><ele>116</ele></trkpt>
    <trkpt lat="42.646601" lon="141.516288"><ele>116</ele></trkpt>
    <trkpt lat="42.646781" lon="141.516293"><ele>116</ele></trkpt>
    <trkpt lat="42.646961" lon="141.516298"><ele>116</ele></trkpt>
    <trkpt lat="42.647140" lon="141.516292"><ele>116</ele></trkpt>
    <trkpt lat="42.647320" lon="141.516292"><ele>116</ele></trkpt>
    <trkpt lat="42.647500" lon="141.516293"><ele>116</ele></trkpt>
    <trkpt lat="42.647680" lon="141.516284"><ele>117</ele></trkpt>
    <trkpt lat="42.647860" lon="141.516290"><ele>117</ele></trkpt>
    <trkpt lat="42.648039" lon="141.516294"><ele>117</ele></trkpt>
    <trkpt lat="42.648219" lon="141.516293"><ele>117</ele></trkpt>
    <trkpt lat="42.648399" lon="141.516297"><ele>117</ele></trkpt>
    <trkpt lat="42.648579" lon="141.516289"><ele>117</ele></trkpt>
    <trkpt lat="42.648759" lon="141.516292"><ele>117</ele></trkpt>
    <trkpt lat="42.648939" lon="141.516296"><ele>117</ele></trkpt>
    <trkpt lat="42.649118" lon="141.516299"><ele>118</ele></trkpt>
    <trkpt lat="42.649298" lon="141.516290"><ele>118</ele></trkpt>
    <trkpt lat="42.649478" lon="141.516293"><ele>118</ele></trkpt>
    <trkpt lat="42.649658" lon="141.516293"><ele>118</ele></trkpt>
    <trkpt lat="42.649838" lon="141.516298"><ele>118</ele></trkpt>
    <trkpt lat="42.650018" lon="141.516303"><ele>118</ele></trkpt>
    <trkpt lat="42.650197" lon="141.516298"><ele>118</ele></trkpt>
    <trkpt lat="42.650377" lon="141.516300"><ele>118</ele></trkpt>
    <trkpt lat="42.650557" lon="141.516304"><ele>118</ele></trkpt>
    <trkpt lat="42.650737" lon="141.516296"><ele>119</ele></trkpt>
    <trkpt lat="42.650917" lon="141.516295"><ele>119</ele></trkpt>
    <trkpt lat="42.651097" lon="141.516293"><ele>119</ele></trkpt>
    <trkpt lat="42.651276" lon="141.516293"><ele>119</ele></trkpt>
    <trkpt lat="42.651456" lon="141.516291"><ele>119</ele></trkpt>
    <trkpt lat="42.651636" lon="141.516296"><ele>119</ele></trkpt>
    <trkpt lat="42.651816" lon="141.516299"><ele>119</ele></trkpt>
    <trkpt lat="42.651996" lon="141.516293"><ele>119</ele></trkpt>
    <trkpt lat="42.652176" lon="141.516299"><ele>120</ele></trkpt>
    <trkpt lat="42.652225" lon="141.516064"><ele>120</ele></trkpt>
    <trkpt lat="42.652266" lon="141.515826"><ele>120</ele></trkpt>
    <trkpt lat="42.652310" lon="141.515589"><ele>120</ele></trkpt>
    <trkpt lat="42.652353" lon="141.515351"><ele>120</ele></trkpt>
    <trkpt lat="42.652395" lon="141.515113"><ele>120</ele></trkpt>
    <trkpt lat="42.652445" lon="141.514878"><ele>120</ele></trkpt>
    <trkpt lat="42.652487" lon="141.514641"><ele>120</ele></trkpt>
    <trkpt lat="42.652528" lon="141.514403"><ele>121</ele></trkpt>
    <trkpt lat="42.652579" lon="141.514168"><ele>121</ele></trkpt>
    <trkpt lat="42.652629" lon="141.513933"><ele>121</ele></trkpt>
    <trkpt lat="42.652677" lon="141.513697"><ele>121</ele></trkpt>
    <trkpt lat="42.652728" lon="141.513463"><ele>121</ele></trkpt>
    <trkpt lat="42.652776" lon="141.513227"><ele>121</ele></trkpt>
    <trkpt lat="42.652826" lon="141.512992"><ele>121</ele></trkpt>
    <trkpt lat="42.652870" lon="141.512755"><ele>121</ele></trkpt>
    <trkpt lat="42.652923" lon="141.512522"><ele>121</ele></trkpt>
    <trkpt lat="42.652970" lon="141.512286"><ele>122</ele></trkpt>
    <trkpt lat="42.653014" lon="141.512048"><ele>122</ele></trkpt>
    <trkpt lat="42.653057" lon="141.511811"><ele>122</ele></trkpt>
    <trkpt lat="42.653110" lon="141.511577"><ele>122</ele></trkpt>
    <trkpt lat="42.653162" lon="141.511343"><ele>122</ele></trkpt>
    <trkpt lat="42.653205" lon="141.511106"><ele>122</ele></trkpt>
    <trkpt lat="42.653252" lon="141.510869"><ele>122</ele></trkpt>
    <trkpt lat="42.653303" lon="141.510635"><ele>122</ele></trkpt>
    <trkpt lat="42.653355" lon="141.510401"><ele>123</ele></trkpt>
    <trkpt lat="42.653408" lon="141.510167"><ele>123</ele></trkpt>
    <trkpt lat="42.653453" lon="141.509930"><ele>123</ele></trkpt>
    <trkpt lat="42.653501" lon="141.509695"><ele>123</ele></trkpt>
    <trkpt lat="42.653548" lon="141.509458"><ele>123</ele></trkpt>
    <trkpt lat="42.653592" lon="141.509221"><ele>123</ele></trkpt>
    <trkpt lat="42.653633" lon="141.508983"><ele>123</ele></trkpt>
    <trkpt lat="42.653678" lon="141.508746"><ele>123</ele></trkpt>
    <trkpt lat="42.653731" lon="141.508513"><ele>123</ele></trkpt>
    <trkpt lat="42.653774" lon="141.508275"><ele>124</ele></trkpt>
    <trkpt lat="42.653820" lon="141.508039"><ele>124</ele></trkpt>
    <trkpt lat="42.653865" lon="141.507802"><ele>124</ele></trkpt>
    <trkpt lat="42.653917" lon="141.507568"><ele>124</ele></trkpt>
    <trkpt lat="42.653965" lon="141.507332"><ele>124</ele></trkpt>
    <trkpt lat="42.654011" lon="141.507096"><ele>124</ele></trkpt>
    <trkpt lat="42.654057" lon="141.506859"><ele>124</ele></trkpt>
    <trkpt lat="42.654105" lon="141.506624"><ele>124</ele></trkpt>
    <trkpt lat="42.654150" lon="141.506387"><ele>124</ele></trkpt>
    <trkpt lat="42.654194" lon="141.506150"><ele>125</ele></trkpt>
    <trkpt lat="42.654247" lon="141.505916"><ele>125</ele></trkpt>
    <trkpt lat="42.654299" lon="141.505682"><ele>125</ele></trkpt>
    <trkpt lat="42.654341" lon="141.505444"><ele>125</ele></trkpt>
    <trkpt lat="42.654384" lon="141.505207"><ele>125</ele></trkpt>
    <trkpt lat="42.654428" lon="141.504970"><ele>125</ele></trkpt>
    <trkpt lat="42.654479" lon="141.504735"><ele>125</ele></trkpt>
    <trkpt lat="42.654525" lon="141.504499"><ele>125</ele></trkpt>
    <trkpt lat="42.654567" lon="141.504261"><ele>126</ele></trkpt>
    <trkpt lat="42.654609" lon="141.504023"><ele>126</ele></trkpt>
    <trkpt lat="42.654661" lon="141.503789"><ele>126</ele></trkpt>
    <trkpt lat="42.654707" lon="141.503553"><ele>126</ele></trkpt>
    <trkpt lat="42.654754" lon="141.503316"><ele>126</ele></trkpt>
    <trkpt lat="42.654805" lon="141.503082"><ele>126</ele></trkpt>
    <trkpt lat="42.654848" lon="141.502845"><ele>126</ele></trkpt>
    <trkpt lat="42.654893" lon="141.502608"><ele>126</ele></trkpt>
    <trkpt lat="42.654943" lon="141.502373"><ele>126</ele></trkpt>
    <trkpt lat="42.654987" lon="141.502136"><ele>127</ele></trkpt>
    <trkpt lat="42.655032" lon="141.501899"><ele>127</ele></trkpt>
    <trkpt lat="42.655079" lon="141.501663"><ele>127</ele></trkpt>
    <trkpt lat="42.655129" lon="141.501428"><ele>127</ele></trkpt>
    <trkpt lat="42.655181" lon="141.501194"><ele>127</ele></trkpt>
    <trkpt lat="42.655226" lon="141.500957"><ele>127</ele></trkpt>
    <trkpt lat="42.655279" lon="141.500723"><ele>127</ele></trkpt>
    <trkpt lat="42.655327" lon="141.500488"><ele>127</ele></trkpt>
    <trkpt lat="42.655376" lon="141.500252"><ele>127</ele></trkpt>
    <trkpt lat="42.655418" lon="141.500014"><ele>128</ele></trkpt>
    <trkpt lat="42.655468" lon="141.499780"><ele>128</ele></trkpt>
    <trkpt lat="42.655514" lon="141.499543"><ele>128</ele></trkpt>
    <trkpt lat="42.655558" lon="141.499306"><ele>128</ele></trkpt>
    <trkpt lat="42.655602" lon="141.499069"><ele>128</ele></trkpt>
    <trkpt lat="42.655653" lon="141.498834"><ele>128</ele></trkpt>
    <trkpt lat="42.655699" lon="141.498598"><ele>128</ele></trkpt>
    <trkpt lat="42.655740" lon="141.498360"><ele>128</ele></trkpt>
    <trkpt lat="42.655785" lon="141.498123"><ele>128</ele></trkpt>
    <trkpt lat="42.655831" lon="141.497886"><ele>129</ele></trkpt>
    <trkpt lat="42.655879" lon="141.497651"><ele>129</ele></trkpt>
    <trkpt lat="42.655923" lon="141.497414"><ele>129</ele></trkpt>
    <trkpt lat="42.655966" lon="141.497176"><ele>129</ele></trkpt>
    <trkpt lat="42.656015" lon="141.496941"><ele>129</ele></trkpt>
    <trkpt lat="42.656066" lon="141.496707"><ele>129</ele></trkpt>
    <trkpt lat="42.656117" lon="141.496472"><ele>129</ele></trkpt>
    <trkpt lat="42.656160" lon="141.496234"><ele>129</ele></trkpt>
    <trkpt lat="42.656208" lon="141.495999"><ele>129</ele></trkpt>
    <trkpt lat="42.656251" lon="141.495761"><ele>130</ele></trkpt>
    <trkpt lat="42.656297" lon="141.495525"><ele>130</ele></trkpt>
    <trkpt lat="42.656341" lon="141.495288"><ele>130</ele></trkpt>
    <trkpt lat="42.656388" lon="141.495051"><ele>130</ele></trkpt>
    <trkpt lat="42.656433" lon="141.494815"><ele>130</ele></trkpt>
    <trkpt lat="42.656474" lon="141.494577"><ele>130</ele></trkpt>
    <trkpt lat="42.656526" lon="141.494343"><ele>130</ele></trkpt>
    <trkpt lat="42.656579" lon="141.494109"><ele>130</ele></trkpt>
    <trkpt lat="42.656629" lon="141.493874"><ele>131</ele></trkpt>
    <trkpt lat="42.656676" lon="141.493638"><ele>131</ele></trkpt>
    <trkpt lat="42.656719" lon="141.493400"><ele>131</ele></trkpt>
    <trkpt lat="42.656764" lon="141.493163"><ele>131</ele></trkpt>
    <trkpt lat="42.656809" lon="141.492927"><ele>131</ele></trkpt>
    <trkpt lat="42.656858" lon="141.492691"><ele>131</ele></trkpt>
    <trkpt lat="42.656904" lon="141.492455"><ele>131</ele></trkpt>
    <trkpt lat="42.656957" lon="141.492221"><ele>131</ele></trkpt>
    <trkpt lat="42.657008" lon="141.491987"><ele>131</ele></trkpt>
    <trkpt lat="42.657050" lon="141.491749"><ele>132</ele></trkpt>
    <trkpt lat="42.657094" lon="141.491512"><ele>132</ele></trkpt>
    <trkpt lat="42.657141" lon="141.491276"><ele>132</ele></trkpt>
    <trkpt lat="42.657187" lon="141.491039"><ele>132</ele></trkpt>
    <trkpt lat="42.657239" lon="141.490805"><ele>132</ele></trkpt>
    <trkpt lat="42.657291" lon="141.490571"><ele>132</ele></trkpt>
    <trkpt lat="42.657341" lon="141.490336"><ele>132</ele></trkpt>
    <trkpt lat="42.657389" lon="141.490100"><ele>132</ele></trkpt>
    <trkpt lat="42.657433" lon="141.489863"><ele>132</ele></trkpt>
    <trkpt lat="42.657479" lon="141.489627"><ele>132</ele></trkpt>
    <trkpt lat="42.657526" lon="141.489391"><ele>133</ele></trkpt>
    <trkpt lat="42.657578" lon="141.489157"><ele>133</ele></trkpt>
    <trkpt lat="42.657630" lon="141.488922"><ele>133</ele></trkpt>
    <trkpt lat="42.657672" lon="141.488684"><ele>133</ele></trkpt>
    <trkpt lat="42.657717" lon="141.488448"><ele>133</ele></trkpt>
    <trkpt lat="42.657767" lon="141.488213"><ele>133</ele></trkpt>
    <trkpt lat="42.657809" lon="141.487975"><ele>133</ele></trkpt>
    <trkpt lat="42.657854" lon="141.487738"><ele>133</ele></trkpt>
    <trkpt lat="42.657896" lon="141.487500"><ele>133</ele></trkpt>
    <trkpt lat="42.657939" lon="141.487263"><ele>134</ele></trkpt>
    <trkpt lat="42.657988" lon="141.487028"><ele>134</ele></trkpt>
    <trkpt lat="42.658033" lon="141.486791"><ele>134</ele></trkpt>
    <trkpt lat="42.658083" lon="141.486556"><ele>134</ele></trkpt>
    <trkpt lat="42.658125" lon="141.486318"><ele>134</ele></trkpt>
    <trkpt lat="42.658168" lon="141.486081"><ele>134</ele></trkpt>
    <trkpt lat="42.658219" lon="141.485846"><ele>134</ele></trkpt>
    <trkpt lat="42.658268" lon="141.485611"><ele>134</ele></trkpt>
    <trkpt lat="42.658320" lon="141.485377"><ele>134</ele></trkpt>
    <trkpt lat="42.658367" lon="141.485140"><ele>135</ele></trkpt>
    <trkpt lat="42.658418" lon="141.484906"><ele>135</ele></trkpt>
    <trkpt lat="42.658465" lon="141.484670"><ele>135</ele></trkpt>
    <trkpt lat="42.658508" lon="141.484432"><ele>135</ele></trkpt>
    <trkpt lat="42.658559" lon="141.484198"><ele>135</ele></trkpt>
    <trkpt lat="42.658609" lon="141.483963"><ele>135</ele></trkpt>
    <trkpt lat="42.658658" lon="141.483728"><ele>135</ele></trkpt>
    <trkpt lat="42.658708" lon="141.483493"><ele>135</ele></trkpt>
    <trkpt lat="42.658751" lon="141.483255"><ele>135</ele></trkpt>
    <trkpt lat="42.658795" lon="141.483018"><ele>136</ele></trkpt>
    <trkpt lat="42.658847" lon="141.482784"><ele>136</ele></trkpt>
    <trkpt lat="42.658892" lon="141.482547"><ele>136</ele></trkpt>
    <trkpt lat="42.658933" lon="141.482309"><ele>136</ele></trkpt>
    <trkpt lat="42.658983" lon="141.482074"><ele>136</ele></trkpt>
    <trkpt lat="42.659035" lon="141.481840"><ele>136</ele></trkpt>
    <trkpt lat="42.659083" lon="141.481604"><ele>136</ele></trkpt>
    <trkpt lat="42.659129" lon="141.481368"><ele>136</ele></trkpt>
    <trkpt lat="42.659179" lon="141.481133"><ele>136</ele></trkpt>
    <trkpt lat="42.659229" lon="141.480898"><ele>137</ele></trkpt>
    <trkpt lat="42.659273" lon="141.480660"><ele>137</ele></trkpt>
    <trkpt lat="42.659324" lon="141.480426"><ele>137</ele></trkpt>
    <trkpt lat="42.659371" lon="141.480190"><ele>137</ele></trkpt>
    <trkpt lat="42.659422" lon="141.479955"><ele>137</ele></trkpt>
    <trkpt lat="42.659465" lon="141.479718"><ele>137</ele></trkpt>
    <trkpt lat="42.659516" lon="141.479483"><ele>137</ele></trkpt>
    <trkpt lat="42.659567" lon="141.479249"><ele>137</ele></trkpt>
    <trkpt lat="42.659613" lon="141.479012"><ele>137</ele></trkpt>
    <trkpt lat="42.659664" lon="141.478778"><ele>137</ele></trkpt>
    <trkpt lat="42.659712" lon="141.478542"><ele>138</ele></trkpt>
    <trkpt lat="42.659764" lon="141.478308"><ele>138</ele></trkpt>
    <trkpt lat="42.659808" lon="141.478071"><ele>138</ele></trkpt>
    <trkpt lat="42.659853" lon="141.477834"><ele>138</ele></trkpt>
    <trkpt lat="42.659904" lon="141.477599"><ele>138</ele></trkpt>
    <trkpt lat="42.659950" lon="141.477363"><ele>138</ele></trkpt>
    <trkpt lat="42.660002" lon="141.477129"><ele>138</ele></trkpt>
    <trkpt lat="42.660048" lon="141.476893"><ele>138</ele></trkpt>
    <trkpt lat="42.660091" lon="141.476655"><ele>138</ele></trkpt>
    <trkpt lat="42.660136" lon="141.476418"><ele>139</ele></trkpt>
    <trkpt lat="42.660185" lon="141.476183"><ele>139</ele></trkpt>
    <trkpt lat="42.660232" lon="141.475947"><ele>139</ele></trkpt>
    <trkpt lat="42.660276" lon="141.475710"><ele>139</ele></trkpt>
    <trkpt lat="42.660325" lon="141.475474"><ele>139</ele></trkpt>
    <trkpt lat="42.660374" lon="141.475239"><ele>139</ele></trkpt>
    <trkpt lat="42.660420" lon="141.475003"><ele>139</ele></trkpt>
    <trkpt lat="42.660465" lon="141.474766"><ele>139</ele></trkpt>
    <trkpt lat="42.660516" lon="141.474531"><ele>139</ele></trkpt>
    <trkpt lat="42.660558" lon="141.474293"><ele>139</ele></trkpt>
    <trkpt lat="42.660606" lon="141.474058"><ele>140</ele></trkpt>
    <trkpt lat="42.660654" lon="141.473822"><ele>140</ele></trkpt>
    <trkpt lat="42.660701" lon="141.473586"><ele>140</ele></trkpt>
    <trkpt lat="42.660746" lon="141.473349"><ele>140</ele></trkpt>
    <trkpt lat="42.660788" lon="141.473111"><ele>140</ele></trkpt>
    <trkpt lat="42.660830" lon="141.472873"><ele>140</ele></trkpt>
    <trkpt lat="42.660877" lon="141.472637"><ele>140</ele></trkpt>
    <trkpt lat="42.660919" lon="141.472399"><ele>140</ele></trkpt>
    <trkpt lat="42.660966" lon="141.472164"><ele>140</ele></trkpt>
    <trkpt lat="42.661015" lon="141.471928"><ele>140</ele></trkpt>
    <trkpt lat="42.661057" lon="141.471690"><ele>141</ele></trkpt>
    <trkpt lat="42.661108" lon="141.471456"><ele>141</ele></trkpt>
    <trkpt lat="42.661156" lon="141.471220"><ele>141</ele></trkpt>
    <trkpt lat="42.661205" lon="141.470985"><ele>141</ele></trkpt>
    <trkpt lat="42.661259" lon="141.470751"><ele>141</ele></trkpt>
    <trkpt lat="42.661306" lon="141.470515"><ele>141</ele></trkpt>
    <trkpt lat="42.661353" lon="141.470279"><ele>141</ele></trkpt>
    <trkpt lat="42.661404" lon="141.470045"><ele>141</ele></trkpt>
    <trkpt lat="42.661449" lon="141.469808"><ele>141</ele></trkpt>
    <trkpt lat="42.661500" lon="141.469573"><ele>142</ele></trkpt>
    <trkpt lat="42.661549" lon="141.469338"><ele>142</ele></trkpt>
    <trkpt lat="42.661602" lon="141.469104"><ele>142</ele></trkpt>
    <trkpt lat="42.661655" lon="141.468870"><ele>142</ele></trkpt>
    <trkpt lat="42.661696" lon="141.468632"><ele>142</ele></trkpt>
    <trkpt lat="42.661747" lon="141.468398"><ele>142</ele></trkpt>
    <trkpt lat="42.661789" lon="141.468160"><ele>142</ele></trkpt>
    <trkpt lat="42.661831" lon="141.467922"><ele>142</ele></trkpt>
    <trkpt lat="42.661882" lon="141.467688"><ele>142</ele></trkpt>
    <trkpt lat="42.661932" lon="141.467452"><ele>142</ele></trkpt>
    <trkpt lat="42.661974" lon="141.467215"><ele>143</ele></trkpt>
    <trkpt lat="42.662024" lon="141.466980"><ele>143</ele></trkpt>
    <trkpt lat="42.662074" lon="141.466745"><ele>143</ele></trkpt>
    <trkpt lat="42.662117" lon="141.466507"><ele>143</ele></trkpt>
    <trkpt lat="42.662170" lon="141.466273"><ele>143</ele></trkpt>
    <trkpt lat="42.662213" lon="141.466036"><ele>143</ele></trkpt>
    <trkpt lat="42.662263" lon="141.465801"><ele>143</ele></trkpt>
    <trkpt lat="42.662305" lon="141.465563"><ele>143</ele></trkpt>
    <trkpt lat="42.662351" lon="141.465327"><ele>143</ele></trkpt>
    <trkpt lat="42.662396" lon="141.465090"><ele>143</ele></trkpt>
    <trkpt lat="42.662442" lon="141.464853"><ele>144</ele></trkpt>
    <trkpt lat="42.662490" lon="141.464618"><ele>144</ele></trkpt>
    <trkpt lat="42.662535" lon="141.464381"><ele>144</ele></trkpt>
    <trkpt lat="42.662585" lon="141.464146"><ele>144</ele></trkpt>
    <trkpt lat="42.662634" lon="141.463910"><ele>144</ele></trkpt>
    <trkpt lat="42.662681" lon="141.463674"><ele>144</ele></trkpt>
    <trkpt lat="42.662859" lon="141.463714"><ele>144</ele></trkpt>
    <trkpt lat="42.663036" lon="141.463750"><ele>144</ele></trkpt>
    <trkpt lat="42.663215" lon="141.463776"><ele>144</ele></trkpt>
    <trkpt lat="42.663394" lon="141.463807"><ele>144</ele></trkpt>
    <trkpt lat="42.663572" lon="141.463842"><ele>145</ele></trkpt>
    <trkpt lat="42.663751" lon="141.463868"><ele>145</ele></trkpt>
    <trkpt lat="42.663928" lon="141.463904"><ele>145</ele></trkpt>
    <trkpt lat="42.664106" lon="141.463943"><ele>145</ele></trkpt>
    <trkpt lat="42.664284" lon="141.463974"><ele>145</ele></trkpt>
    <trkpt lat="42.664463" lon="141.464000"><ele>145</ele></trkpt>
    <trkpt lat="42.664642" lon="141.464028"><ele>145</ele></trkpt>
    <trkpt lat="42.664821" lon="141.464055"><ele>145</ele></trkpt>
    <trkpt lat="42.664999" lon="141.464085"><ele>145</ele></trkpt>
    <trkpt lat="42.665177" lon="141.464120"><ele>145</ele></trkpt>
    <trkpt lat="42.665356" lon="141.464145"><ele>146</ele></trkpt>
    <trkpt lat="42.665535" lon="141.464172"><ele>146</ele></trkpt>
    <trkpt lat="42.665713" lon="141.464207"><ele>146</ele></trkpt>
    <trkpt lat="42.665891" lon="141.464243"><ele>146</ele></trkpt>
    <trkpt lat="42.666069" lon="141.464272"><ele>146</ele></trkpt>
    <trkpt lat="42.666247" lon="141.464308"><ele>146</ele></trkpt>
    <trkpt lat="42.666426" lon="141.464335"><ele>146</ele></trkpt>
    <trkpt lat="42.666605" lon="141.464366"><ele>146</ele></trkpt>
    <trkpt lat="42.666783" lon="141.464396"><ele>146</ele></trkpt>
    <trkpt lat="42.666961" lon="141.464435"><ele>146</ele></trkpt>
    <trkpt lat="42.667139" lon="141.464467"><ele>147</ele></trkpt>
    <trkpt lat="42.667318" lon="141.464494"><ele>147</ele></trkpt>
    <trkpt lat="42.667495" lon="141.464535"><ele>147</ele></trkpt>
    <trkpt lat="42.667674" lon="141.464562"><ele>147</ele></trkpt>
    <trkpt lat="42.667853" lon="141.464587"><ele>147</ele></trkpt>
    <trkpt lat="42.668031" lon="141.464623"><ele>147</ele></trkpt>
    <trkpt lat="42.668209" lon="141.464652"><ele>147</ele></trkpt>
    <trkpt lat="42.668387" lon="141.464688"><ele>147</ele></trkpt>
    <trkpt lat="42.668566" lon="141.464713"><ele>147</ele></trkpt>
    <trkpt lat="42.668743" lon="141.464754"><ele>147</ele></trkpt>
    <trkpt lat="42.668922" lon="141.464785"><ele>147</ele></trkpt>
    <trkpt lat="42.669100" lon="141.464822"><ele>148</ele></trkpt>
    <trkpt lat="42.669278" lon="141.464856"><ele>148</ele></trkpt>
    <trkpt lat="42.669457" lon="141.464882"><ele>148</ele></trkpt>
    <trkpt lat="42.669635" lon="141.464916"><ele>148</ele></trkpt>
    <trkpt lat="42.669812" lon="141.464955"><ele>148</ele></trkpt>
    <trkpt lat="42.669990" lon="141.464994"><ele>148</ele></trkpt>
    <trkpt lat="42.670168" lon="141.465030"><ele>148</ele></trkpt>
    <trkpt lat="42.670346" lon="141.465059"><ele>148</ele></trkpt>
    <trkpt lat="42.670525" lon="141.465086"><ele>148</ele></trkpt>
    <trkpt lat="42.670704" lon="141.465113"><ele>148</ele></trkpt>
    <trkpt lat="42.670882" lon="141.465145"><ele>149</ele></trkpt>
    <trkpt lat="42.671061" lon="141.465176"><ele>149</ele></trkpt>
    <trkpt lat="42.671238" lon="141.465214"><ele>149</ele></trkpt>
    <trkpt lat="42.671416" lon="141.465249"><ele>149</ele></trkpt>
    <trkpt lat="42.671595" lon="141.465276"><ele>149</ele></trkpt>
    <trkpt lat="42.671773" lon="141.465314"><ele>149</ele></trkpt>
    <trkpt lat="42.671950" lon="141.465354"><ele>149</ele></trkpt>
    <trkpt lat="42.672128" lon="141.465389"><ele>149</ele></trkpt>
    <trkpt lat="42.672305" lon="141.465430"><ele>149</ele></trkpt>
    <trkpt lat="42.672483" lon="141.465466"><ele>149</ele></trkpt>
    <trkpt lat="42.672662" lon="141.465491"><ele>150</ele></trkpt>
    <trkpt lat="42.672840" lon="141.465530"><ele>150</ele></trkpt>
    <trkpt lat="42.673017" lon="141.465569"><ele>150</ele></trkpt>
    <trkpt lat="42.673195" lon="141.465607"><ele>150</ele></trkpt>
    <trkpt lat="42.673374" lon="141.465637"><ele>150</ele></trkpt>
    <trkpt lat="42.673552" lon="141.465671"><ele>150</ele></trkpt>
    <trkpt lat="42.673731" lon="141.465696"><ele>150</ele></trkpt>
    <trkpt lat="42.673908" lon="141.465735"><ele>150</ele></trkpt>
    <trkpt lat="42.674086" lon="141.465768"><ele>150</ele></trkpt>
    <trkpt lat="42.674265" lon="141.465797"><ele>150</ele></trkpt>
    <trkpt lat="42.674444" lon="141.465823"><ele>150</ele></trkpt>
    <trkpt lat="42.674622" lon="141.465855"><ele>151</ele></trkpt>
    <trkpt lat="42.674800" lon="141.465888"><ele>151</ele></trkpt>
    <trkpt lat="42.674979" lon="141.465915"><ele>151</ele></trkpt>
    <trkpt lat="42.675158" lon="141.465940"><ele>151</ele></trkpt>
    <trkpt lat="42.675336" lon="141.465977"><ele>151</ele></trkpt>
    <trkpt lat="42.675513" lon="141.466017"><ele>151</ele></trkpt>
    <trkpt lat="42.675692" lon="141.466047"><ele>151</ele></trkpt>
    <trkpt lat="42.675869" lon="141.466085"><ele>151</ele></trkpt>
    <trkpt lat="42.676048" lon="141.466112"><ele>151</ele></trkpt>
    <trkpt lat="42.676226" lon="141.466149"><ele>151</ele></trkpt>
    <trkpt lat="42.676404" lon="141.466186"><ele>151</ele></trkpt>
    <trkpt lat="42.676582" lon="141.466223"><ele>152</ele></trkpt>
    <trkpt lat="42.676759" lon="141.466263"><ele>152</ele></trkpt>
    <trkpt lat="42.676937" lon="141.466295"><ele>152</ele></trkpt>
    <trkpt lat="42.677115" lon="141.466336"><ele>152</ele></trkpt>
    <trkpt lat="42.677294" lon="141.466362"><ele>152</ele></trkpt>
    <trkpt lat="42.677472" lon="141.466392"><ele>152</ele></trkpt>
    <trkpt lat="42.677651" lon="141.466419"><ele>152</ele></trkpt>
    <trkpt lat="42.677829" lon="141.466455"><ele>152</ele></trkpt>
    <trkpt lat="42.678006" lon="141.466495"><ele>152</ele></trkpt>
    <trkpt lat="42.678184" lon="141.466530"><ele>152</ele></trkpt>
    <trkpt lat="42.678362" lon="141.466566"><ele>152</ele></trkpt>
    <trkpt lat="42.678539" lon="141.466608"><ele>153</ele></trkpt>
    <trkpt lat="42.678717" lon="141.466644"><ele>153</ele></trkpt>
    <trkpt lat="42.678895" lon="141.466678"><ele>153</ele></trkpt>
    <trkpt lat="42.679073" lon="141.466719"><ele>153</ele></trkpt>
    <trkpt lat="42.679251" lon="141.466755"><ele>153</ele></trkpt>
    <trkpt lat="42.679429" lon="141.466785"><ele>153</ele></trkpt>
    <trkpt lat="42.679607" lon="141.466821"><ele>153</ele></trkpt>
    <trkpt lat="42.679784" lon="141.466860"><ele>153</ele></trkpt>
    <trkpt lat="42.679963" lon="141.466887"><ele>153</ele></trkpt>
    <trkpt lat="42.680142" lon="141.466918"><ele>153</ele></trkpt>
    <trkpt lat="42.680320" lon="141.466951"><ele>153</ele></trkpt>
    <trkpt lat="42.680497" lon="141.466991"><ele>154</ele></trkpt>
    <trkpt lat="42.680676" lon="141.467016"><ele>154</ele></trkpt>
    <trkpt lat="42.680855" lon="141.467044"><ele>154</ele></trkpt>
    <trkpt lat="42.681033" lon="141.467079"><ele>154</ele></trkpt>
    <trkpt lat="42.681211" lon="141.467114"><ele>154</ele></trkpt>
    <trkpt lat="42.681388" lon="141.467154"><ele>154</ele></trkpt>
    <trkpt lat="42.681567" lon="141.467179"><ele>154</ele></trkpt>
    <trkpt lat="42.681746" lon="141.467206"><ele>154</ele></trkpt>
    <trkpt lat="42.681924" lon="141.467245"><ele>154</ele></trkpt>
    <trkpt lat="42.682102" lon="141.467280"><ele>154</ele></trkpt>
    <trkpt lat="42.682281" lon="141.467307"><ele>154</ele></trkpt>
    <trkpt lat="42.682458" lon="141.467344"><ele>155</ele></trkpt>
    <trkpt lat="42.682636" lon="141.467380"><ele>155</ele></trkpt>
    <trkpt lat="42.682815" lon="141.467406"><ele>155</ele></trkpt>
    <trkpt lat="42.682993" lon="141.467442"><ele>155</ele></trkpt>
    <trkpt lat="42.683171" lon="141.467480"><ele>155</ele></trkpt>
    <trkpt lat="42.683349" lon="141.467513"><ele>155</ele></trkpt>
    <trkpt lat="42.683528" lon="141.467539"><ele>155</ele></trkpt>
    <trkpt lat="42.683705" lon="141.467578"><ele>155</ele></trkpt>
    <trkpt lat="42.683883" lon="141.467614"><ele>155</ele></trkpt>
    <trkpt lat="42.684062" lon="141.467639"><ele>155</ele></trkpt>
    <trkpt lat="42.684241" lon="141.467669"><ele>155</ele></trkpt>
    <trkpt lat="42.684418" lon="141.467706"><ele>156</ele></trkpt>
    <trkpt lat="42.684597" lon="141.467738"><ele>156</ele></trkpt>
    <trkpt lat="42.684776" lon="141.467765"><ele>156</ele></trkpt>
    <trkpt lat="42.684954" lon="141.467796"><ele>156</ele></trkpt>
    <trkpt lat="42.685133" lon="141.467822"><ele>156</ele></trkpt>
    <trkpt lat="42.685311" lon="141.467855"><ele>156</ele></trkpt>
    <trkpt lat="42.685489" lon="141.467894"><ele>156</ele></trkpt>
    <trkpt lat="42.685667" lon="141.467925"><ele>156</ele></trkpt>
    <trkpt lat="42.685844" lon="141.467965"><ele>156</ele></trkpt>
    <trkpt lat="42.686022" lon="141.468001"><ele>156</ele></trkpt>
    <trkpt lat="42.686201" lon="141.468034"><ele>156</ele></trkpt>
    <trkpt lat="42.686379" lon="141.468060"><ele>157</ele></trkpt>
    <trkpt lat="42.686558" lon="141.468088"><ele>157</ele></trkpt>
    <trkpt lat="42.686736" lon="141.468127"><ele>157</ele></trkpt>
    <trkpt lat="42.686914" lon="141.468161"><ele>157</ele></trkpt>
    <trkpt lat="42.687091" lon="141.468202"><ele>157</ele></trkpt>
    <trkpt lat="42.687269" lon="141.468233"><ele>157</ele></trkpt>
    <trkpt lat="42.687448" lon="141.468265"><ele>157</ele></trkpt>
    <trkpt lat="42.687626" lon="141.468301"><ele>157</ele></trkpt>
    <trkpt lat="42.687804" lon="141.468328"><ele>157</ele></trkpt>
    <trkpt lat="42.687982" lon="141.468366"><ele>157</ele></trkpt>
    <trkpt lat="42.688160" lon="141.468404"><ele>157</ele></trkpt>
    <trkpt lat="42.688337" lon="141.468442"><ele>157</ele></trkpt>
    <trkpt lat="42.688516" lon="141.468475"><ele>158</ele></trkpt>
    <trkpt lat="42.688695" lon="141.468500"><ele>158</ele></trkpt>
    <trkpt lat="42.688873" lon="141.468529"><ele>158</ele></trkpt>
    <trkpt lat="42.689052" lon="141.468558"><ele>158</ele></trkpt>
    <trkpt lat="42.689230" lon="141.468592"><ele>158</ele></trkpt>
    <trkpt lat="42.689409" lon="141.468617"><ele>158</ele></trkpt>
    <trkpt lat="42.689587" lon="141.468654"><ele>158</ele></trkpt>
    <trkpt lat="42.689765" lon="141.468681"><ele>158</ele></trkpt>
    <trkpt lat="42.689944" lon="141.468715"><ele>158</ele></trkpt>
    <trkpt lat="42.690122" lon="141.468746"><ele>158</ele></trkpt>
    <trkpt lat="42.690301" lon="141.468773"><ele>158</ele></trkpt>
    <trkpt lat="42.690479" lon="141.468811"><ele>158</ele></trkpt>
    <trkpt lat="42.690656" lon="141.468846"><ele>159</ele></trkpt>
    <trkpt lat="42.690835" lon="141.468876"><ele>159</ele></trkpt>
    <trkpt lat="42.691013" lon="141.468906"><ele>159</ele></trkpt>
    <trkpt lat="42.691192" lon="141.468937"><ele>159</ele></trkpt>
    <trkpt lat="42.691370" lon="141.468972"><ele>159</ele></trkpt>
    <trkpt lat="42.691549" lon="141.469000"><ele>159</ele></trkpt>
    <trkpt lat="42.691727" lon="141.469028"><ele>159</ele></trkpt>
    <trkpt lat="42.691905" lon="141.469062"><ele>159</ele></trkpt>
    <trkpt lat="42.692083" lon="141.469099"><ele>159</ele></trkpt>
    <trkpt lat="42.692261" lon="141.469135"><ele>159</ele></trkpt>
    <trkpt lat="42.692439" lon="141.469171"><ele>159</ele></trkpt>
    <trkpt lat="42.692618" lon="141.469197"><ele>160</ele></trkpt>
    <trkpt lat="42.692796" lon="141.469231"><ele>160</ele></trkpt>
    <trkpt lat="42.692974" lon="141.469268"><ele>160</ele></trkpt>
    <trkpt lat="42.693152" lon="141.469298"><ele>160</ele></trkpt>
    <trkpt lat="42.693330" lon="141.469334"><ele>160</ele></trkpt>
    <trkpt lat="42.693508" lon="141.469372"><ele>160</ele></trkpt>
    <trkpt lat="42.693687" lon="141.469397"><ele>160</ele></trkpt>
    <trkpt lat="42.693865" lon="141.469429"><ele>160</ele></trkpt>
    <trkpt lat="42.694043" lon="141.469466"><ele>160</ele></trkpt>
    <trkpt lat="42.694221" lon="141.469498"><ele>160</ele></trkpt>
    <trkpt lat="42.694400" lon="141.469527"><ele>160</ele></trkpt>
    <trkpt lat="42.694579" lon="141.469553"><ele>160</ele></trkpt>
    <trkpt lat="42.694758" lon="141.469578"><ele>160</ele></trkpt>
    <trkpt lat="42.694935" lon="141.469614"><ele>161</ele></trkpt>
    <trkpt lat="42.695114" lon="141.469645"><ele>161</ele></trkpt>
    <trkpt lat="42.695293" lon="141.469670"><ele>161</ele></trkpt>
    <trkpt lat="42.695470" lon="141.469711"><ele>161</ele></trkpt>
    <trkpt lat="42.695648" lon="141.469751"><ele>161</ele></trkpt>
    <trkpt lat="42.695825" lon="141.469791"><ele>161</ele></trkpt>
    <trkpt lat="42.696004" lon="141.469816"><ele>161</ele></trkpt>
    <trkpt lat="42.696183" lon="141.469844"><ele>161</ele></trkpt>
    <trkpt lat="42.696360" lon="141.469883"><ele>161</ele></trkpt>
    <trkpt lat="42.696539" lon="141.469909"><ele>161</ele></trkpt>
    <trkpt lat="42.696717" lon="141.469947"><ele>161</ele></trkpt>
    <trkpt lat="42.696895" lon="141.469980"><ele>161</ele></trkpt>
    <trkpt lat="42.697073" lon="141.470015"><ele>162</ele></trkpt>
    <trkpt lat="42.697252" lon="141.470040"><ele>162</ele></trkpt>
    <trkpt lat="42.697431" lon="141.470065"><ele>162</ele></trkpt>
    <trkpt lat="42.697609" lon="141.470093"><ele>162</ele></trkpt>
    <trkpt lat="42.697788" lon="141.470125"><ele>162</ele></trkpt>
    <trkpt lat="42.697967" lon="141.470153"><ele>162</ele></trkpt>
    <trkpt lat="42.698144" lon="141.470189"><ele>162</ele></trkpt>
    <trkpt lat="42.698323" lon="141.470217"><ele>162</ele></trkpt>
    <trkpt lat="42.698501" lon="141.470253"><ele>162</ele></trkpt>
    <trkpt lat="42.698679" lon="141.470292"><ele>162</ele></trkpt>
    <trkpt lat="42.698856" lon="141.470329"><ele>162</ele></trkpt>
    <trkpt lat="42.699034" lon="141.470364"><ele>162</ele></trkpt>
    <trkpt lat="42.699212" lon="141.470399"><ele>163</ele></trkpt>
    <trkpt lat="42.699391" lon="141.470429"><ele>163</ele></trkpt>
    <trkpt lat="42.699569" lon="141.470462"><ele>163</ele></trkpt>
    <trkpt lat="42.699746" lon="141.470503"><ele>163</ele></trkpt>
    <trkpt lat="42.699925" lon="141.470533"><ele>163</ele></trkpt>
    <trkpt lat="42.700103" lon="141.470569"><ele>163</ele></trkpt>
    <trkpt lat="42.700281" lon="141.470607"><ele>163</ele></trkpt>
    <trkpt lat="42.700459" lon="141.470632"><ele>163</ele></trkpt>
    <trkpt lat="42.700638" lon="141.470663"><ele>163</ele></trkpt>
    <trkpt lat="42.700816" lon="141.470699"><ele>163</ele></trkpt>
    <trkpt lat="42.700994" lon="141.470728"><ele>163</ele></trkpt>
    <trkpt lat="42.701173" lon="141.470761"><ele>163</ele></trkpt>
    <trkpt lat="42.701350" lon="141.470799"><ele>163</ele></trkpt>
    <trkpt lat="42.701529" lon="141.470826"><ele>164</ele></trkpt>
    <trkpt lat="42.701707" lon="141.470861"><ele>164</ele></trkpt>
    <trkpt lat="42.701885" lon="141.470894"><ele>164</ele></trkpt>
    <trkpt lat="42.702063" lon="141.470932"><ele>164</ele></trkpt>
    <trkpt lat="42.702242" lon="141.470959"><ele>164</ele></trkpt>
    <trkpt lat="42.702421" lon="141.470984"><ele>164</ele></trkpt>
    <trkpt lat="42.702599" lon="141.471011"><ele>164</ele></trkpt>
    <trkpt lat="42.702778" lon="141.471040"><ele>164</ele></trkpt>
    <trkpt lat="42.702956" lon="141.471073"><ele>164</ele></trkpt>
    <trkpt lat="42.703134" lon="141.471107"><ele>164</ele></trkpt>
    <trkpt lat="42.703313" lon="141.471139"><ele>164</ele></trkpt>
    <trkpt lat="42.703490" lon="141.471177"><ele>164</ele></trkpt>
    <trkpt lat="42.703668" lon="141.471216"><ele>164</ele></trkpt>
    <trkpt lat="42.703846" lon="141.471249"><ele>165</ele></trkpt>
    <trkpt lat="42.704024" lon="141.471287"><ele>165</ele></trkpt>
    <trkpt lat="42.704202" lon="141.471322"><ele>165</ele></trkpt>
    <trkpt lat="42.704381" lon="141.471350"><ele>165</ele></trkpt>
    <trkpt lat="42.704559" lon="141.471386"><ele>165</ele></trkpt>
    <trkpt lat="42.704736" lon="141.471424"><ele>165</ele></trkpt>
    <trkpt lat="42.704914" lon="141.471458"><ele>165</ele></trkpt>
    <trkpt lat="42.705093" lon="141.471486"><ele>165</ele></trkpt>
    <trkpt lat="42.705272" lon="141.471514"><ele>165</ele></trkpt>
    <trkpt lat="42.705450" lon="141.471547"><ele>165</ele></trkpt>
    <trkpt lat="42.705628" lon="141.471577"><ele>165</ele></trkpt>
    <trkpt lat="42.705806" lon="141.471617"><ele>165</ele></trkpt>
    <trkpt lat="42.705984" lon="141.471647"><ele>165</ele></trkpt>
    <trkpt lat="42.706163" lon="141.471678"><ele>166</ele></trkpt>
    <trkpt lat="42.706340" lon="141.471716"><ele>166</ele></trkpt>
    <trkpt lat="42.706518" lon="141.471757"><ele>166</ele></trkpt>
    <trkpt lat="42.706696" lon="141.471789"><ele>166</ele></trkpt>
    <trkpt lat="42.706873" lon="141.471830"><ele>166</ele></trkpt>
    <trkpt lat="42.707051" lon="141.471870"><ele>166</ele></trkpt>
    <trkpt lat="42.707229" lon="141.471908"><ele>166</ele></trkpt>
    <trkpt lat="42.707406" lon="141.471945"><ele>166</ele></trkpt>
    <trkpt lat="42.707584" lon="141.471984"><ele>166</ele></trkpt>
    <trkpt lat="42.707762" lon="141.472013"><ele>166</ele></trkpt>
    <trkpt lat="42.707941" lon="141.472042"><ele>166</ele></trkpt>
    <trkpt lat="42.708120" lon="141.472072"><ele>166</ele></trkpt>
    <trkpt lat="42.708297" lon="141.472111"><ele>166</ele></trkpt>
    <trkpt lat="42.708476" lon="141.472138"><ele>167</ele></trkpt>
    <trkpt lat="42.708654" lon="141.472172"><ele>167</ele></trkpt>
    <trkpt lat="42.708832" lon="141.472205"><ele>167</ele></trkpt>
    <trkpt lat="42.709011" lon="141.472237"><ele>167</ele></trkpt>
    <trkpt lat="42.709189" lon="141.472265"><ele>167</ele></trkpt>
    <trkpt lat="42.709367" lon="141.472300"><ele>167</ele></trkpt>
    <trkpt lat="42.709546" lon="141.472329"><ele>167</ele></trkpt>
    <trkpt lat="42.709724" lon="141.472363"><ele>167</ele></trkpt>
    <trkpt lat="42.709902" lon="141.472396"><ele>167</ele></trkpt>
    <trkpt lat="42.710080" lon="141.472436"><ele>167</ele></trkpt>
    <trkpt lat="42.710258" lon="141.472470"><ele>167</ele></trkpt>
    <trkpt lat="42.710436" lon="141.472504"><ele>167</ele></trkpt>
    <trkpt lat="42.710613" lon="141.472545"><ele>167</ele></trkpt>
    <trkpt lat="42.710791" lon="141.472581"><ele>167</ele></trkpt>
    <trkpt lat="42.710970" lon="141.472607"><ele>168</ele></trkpt>
    <trkpt lat="42.711148" lon="141.472643"><ele>168</ele></trkpt>
    <trkpt lat="42.711325" lon="141.472684"><ele>168</ele></trkpt>
    <trkpt lat="42.711503" lon="141.472725"><ele>168</ele></trkpt>
    <trkpt lat="42.711681" lon="141.472757"><ele>168</ele></trkpt>
    <trkpt lat="42.711859" lon="141.472792"><ele>168</ele></trkpt>
    <trkpt lat="42.712037" lon="141.472821"><ele>168</ele></trkpt>
    <trkpt lat="42.712216" lon="141.472849"><ele>168</ele></trkpt>
    <trkpt lat="42.712394" lon="141.472881"><ele>168</ele></trkpt>
    <trkpt lat="42.712573" lon="141.472906"><ele>168</ele></trkpt>
    <trkpt lat="42.712752" lon="141.472932"><ele>168</ele></trkpt>
    <trkpt lat="42.712931" lon="141.472960"><ele>168</ele></trkpt>
    <trkpt lat="42.713108" lon="141.473001"><ele>168</ele></trkpt>
    <trkpt lat="42.713287" lon="141.473031"><ele>168</ele></trkpt>
    <trkpt lat="42.713464" lon="141.473071"><ele>169</ele></trkpt>
    <trkpt lat="42.713642" lon="141.473104"><ele>169</ele></trkpt>
    <trkpt lat="42.713821" lon="141.473131"><ele>169</ele></trkpt>
    <trkpt lat="42.714000" lon="141.473159"><ele>169</ele></trkpt>
    <trkpt lat="42.714178" lon="141.473195"><ele>169</ele></trkpt>
    <trkpt lat="42.714356" lon="141.473231"><ele>169</ele></trkpt>
    <trkpt lat="42.714534" lon="141.473261"><ele>169</ele></trkpt>
    <trkpt lat="42.714712" lon="141.473294"><ele>169</ele></trkpt>
    <trkpt lat="42.714891" lon="141.473324"><ele>169</ele></trkpt>
    <trkpt lat="42.715069" lon="141.473357"><ele>169</ele></trkpt>
    <trkpt lat="42.715134" lon="141.473128"><ele>169</ele></trkpt>
    <trkpt lat="42.715204" lon="141.472903"><ele>169</ele></trkpt>
    <trkpt lat="42.715275" lon="141.472678"><ele>169</ele></trkpt>
    <trkpt lat="42.715339" lon="141.472449"><ele>169</ele></trkpt>
    <trkpt lat="42.715402" lon="141.472220"><ele>170</ele></trkpt>
    <trkpt lat="42.715471" lon="141.471994"><ele>170</ele></trkpt>
    <trkpt lat="42.715537" lon="141.471766"><ele>170</ele></trkpt>
    <trkpt lat="42.715606" lon="141.471540"><ele>170</ele></trkpt>
    <trkpt lat="42.715671" lon="141.471312"><ele>170</ele></trkpt>
    <trkpt lat="42.715740" lon="141.471086"><ele>170</ele></trkpt>
    <trkpt lat="42.715811" lon="141.470861"><ele>170</ele></trkpt>
    <trkpt lat="42.715881" lon="141.470635"><ele>170</ele></trkpt>
    <trkpt lat="42.715945" lon="141.470406"><ele>170</ele></trkpt>
    <trkpt lat="42.716008" lon="141.470177"><ele>170</ele></trkpt>
    <trkpt lat="42.716072" lon="141.469948"><ele>170</ele></trkpt>
    <trkpt lat="42.716136" lon="141.469719"><ele>170</ele></trkpt>
    <trkpt lat="42.716201" lon="141.469491"><ele>170</ele></trkpt>
    <trkpt lat="42.716268" lon="141.469264"><ele>170</ele></trkpt>
    <trkpt lat="42.716338" lon="141.469039"><ele>170</ele></trkpt>
    <trkpt lat="42.716404" lon="141.468811"><ele>171</ele></trkpt>
    <trkpt lat="42.716475" lon="141.468586"><ele>171</ele></trkpt>
    <trkpt lat="42.716543" lon="141.468359"><ele>171</ele></trkpt>
    <trkpt lat="42.716605" lon="141.468129"><ele>171</ele></trkpt>
    <trkpt lat="42.716666" lon="141.467899"><ele>171</ele></trkpt>
    <trkpt lat="42.716727" lon="141.467669"><ele>171</ele></trkpt>
    <trkpt lat="42.716791" lon="141.467440"><ele>171</ele></trkpt>
    <trkpt lat="42.716852" lon="141.467210"><ele>171</ele></trkpt>
    <trkpt lat="42.716914" lon="141.466980"><ele>171</ele></trkpt>
    <trkpt lat="42.716985" lon="141.466755"><ele>171</ele></trkpt>
    <trkpt lat="42.717050" lon="141.466527"><ele>171</ele></trkpt>
    <trkpt lat="42.717113" lon="141.466297"><ele>171</ele></trkpt>
    <trkpt lat="42.717178" lon="141.466070"><ele>171</ele></trkpt>
    <trkpt lat="42.717248" lon="141.465844"><ele>171</ele></trkpt>
    <trkpt lat="42.717318" lon="141.465618"><ele>172</ele></trkpt>
    <trkpt lat="42.717388" lon="141.465392"><ele>172</ele></trkpt>
    <trkpt lat="42.717456" lon="141.465166"><ele>172</ele></trkpt>
    <trkpt lat="42.717519" lon="141.464937"><ele>172</ele></trkpt>
    <trkpt lat="42.717586" lon="141.464710"><ele>172</ele></trkpt>
    <trkpt lat="42.717652" lon="141.464482"><ele>172</ele></trkpt>
    <trkpt lat="42.717718" lon="141.464254"><ele>172</ele></trkpt>
    <trkpt lat="42.717784" lon="141.464027"><ele>172</ele></trkpt>
    <trkpt lat="42.717851" lon="141.463799"><ele>172</ele></trkpt>
    <trkpt lat="42.717921" lon="141.463574"><ele>172</ele></trkpt>
    <trkpt lat="42.717985" lon="141.463345"><ele>172</ele></trkpt>
    <trkpt lat="42.718046" lon="141.463115"><ele>172</ele></trkpt>
    <trkpt lat="42.718116" lon="141.462889"><ele>172</ele></trkpt>
    <trkpt lat="42.718177" lon="141.462659"><ele>172</ele></trkpt>
    <trkpt lat="42.718243" lon="141.462431"><ele>172</ele></trkpt>
    <trkpt lat="42.718305" lon="141.462201"><ele>172</ele></trkpt>
    <trkpt lat="42.718373" lon="141.461975"><ele>173</ele></trkpt>
    <trkpt lat="42.718443" lon="141.461749"><ele>173</ele></trkpt>
    <trkpt lat="42.718506" lon="141.461520"><ele>173</ele></trkpt>
    <trkpt lat="42.718572" lon="141.461292"><ele>173</ele></trkpt>
    <trkpt lat="42.718637" lon="141.461064"><ele>173</ele></trkpt>
    <trkpt lat="42.718700" lon="141.460835"><ele>173</ele></trkpt>
    <trkpt lat="42.718762" lon="141.460605"><ele>173</ele></trkpt>
    <trkpt lat="42.718828" lon="141.460377"><ele>173</ele></trkpt>
    <trkpt lat="42.718897" lon="141.460151"><ele>173</ele></trkpt>
    <trkpt lat="42.718960" lon="141.459921"><ele>173</ele></trkpt>
    <trkpt lat="42.719023" lon="141.459692"><ele>173</ele></trkpt>
    <trkpt lat="42.719084" lon="141.459462"><ele>173</ele></trkpt>
    <trkpt lat="42.719150" lon="141.459234"><ele>173</ele></trkpt>
    <trkpt lat="42.719215" lon="141.459006"><ele>173</ele></trkpt>
    <trkpt lat="42.719276" lon="141.458776"><ele>173</ele></trkpt>
    <trkpt lat="42.719347" lon="141.458551"><ele>174</ele></trkpt>
    <trkpt lat="42.719412" lon="141.458323"><ele>174</ele></trkpt>
    <trkpt lat="42.719475" lon="141.458093"><ele>174</ele></trkpt>
    <trkpt lat="42.719544" lon="141.457867"><ele>174</ele></trkpt>
    <trkpt lat="42.719610" lon="141.457639"><ele>174</ele></trkpt>
    <trkpt lat="42.719676" lon="141.457412"><ele>174</ele></trkpt>
    <trkpt lat="42.719747" lon="141.457187"><ele>174</ele></trkpt>
    <trkpt lat="42.719813" lon="141.456959"><ele>174</ele></trkpt>
    <trkpt lat="42.719876" lon="141.456729"><ele>174</ele></trkpt>
    <trkpt lat="42.719937" lon="141.456499"><ele>174</ele></trkpt>
    <trkpt lat="42.720007" lon="141.456274"><ele>174</ele></trkpt>
    <trkpt lat="42.720071" lon="141.456045"><ele>174</ele></trkpt>
    <trkpt lat="42.720131" lon="141.455814"><ele>174</ele></trkpt>
    <trkpt lat="42.720198" lon="141.455587"><ele>174</ele></trkpt>
    <trkpt lat="42.720260" lon="141.455357"><ele>174</ele></trkpt>
    <trkpt lat="42.720328" lon="141.455131"><ele>174</ele></trkpt>
    <trkpt lat="42.720391" lon="141.454901"><ele>174</ele></trkpt>
    <trkpt lat="42.720455" lon="141.454672"><ele>175</ele></trkpt>
    <trkpt lat="42.720518" lon="141.454443"><ele>175</ele></trkpt>
    <trkpt lat="42.720583" lon="141.454215"><ele>175</ele></trkpt>
    <trkpt lat="42.720643" lon="141.453984"><ele>175</ele></trkpt>
    <trkpt lat="42.720706" lon="141.453755"><ele>175</ele></trkpt>
    <trkpt lat="42.720777" lon="141.453530"><ele>175</ele></trkpt>
    <trkpt lat="42.720841" lon="141.453301"><ele>175</ele></trkpt>
    <trkpt lat="42.720905" lon="141.453072"><ele>175</ele></trkpt>
    <trkpt lat="42.720977" lon="141.452848"><ele>175</ele></trkpt>
    <trkpt lat="42.721037" lon="141.452617"><ele>175</ele></trkpt>
    <trkpt lat="42.721097" lon="141.452386"><ele>175</ele></trkpt>
    <trkpt lat="42.721165" lon="141.452159"><ele>175</ele></trkpt>
    <trkpt lat="42.721235" lon="141.451934"><ele>175</ele></trkpt>
    <trkpt lat="42.721301" lon="141.451706"><ele>175</ele></trkpt>
    <trkpt lat="42.721369" lon="141.451480"><ele>175</ele></trkpt>
    <trkpt lat="42.721430" lon="141.451249"><ele>175</ele></trkpt>
    <trkpt lat="42.721497" lon="141.451022"><ele>176</ele></trkpt>
    <trkpt lat="42.721564" lon="141.450795"><ele>176</ele></trkpt>
    <trkpt lat="42.721630" lon="141.450567"><ele>176</ele></trkpt>
    <trkpt lat="42.721701" lon="141.450342"><ele>176</ele></trkpt>
    <trkpt lat="42.721763" lon="141.450113"><ele>176</ele></trkpt>
    <trkpt lat="42.721826" lon="141.449883"><ele>176</ele></trkpt>
    <trkpt lat="42.721891" lon="141.449655"><ele>176</ele></trkpt>
    <trkpt lat="42.721953" lon="141.449425"><ele>176</ele></trkpt>
    <trkpt lat="42.722013" lon="141.449194"><ele>176</ele></trkpt>
    <trkpt lat="42.722079" lon="141.448966"><ele>176</ele></trkpt>
    <trkpt lat="42.722150" lon="141.448741"><ele>176</ele></trkpt>
    <trkpt lat="42.722216" lon="141.448513"><ele>176</ele></trkpt>
    <trkpt lat="42.722284" lon="141.448287"><ele>176</ele></trkpt>
    <trkpt lat="42.722351" lon="141.448060"><ele>176</ele></trkpt>
    <trkpt lat="42.722420" lon="141.447834"><ele>176</ele></trkpt>
    <trkpt lat="42.722489" lon="141.447608"><ele>176</ele></trkpt>
    <trkpt lat="42.722550" lon="141.447377"><ele>176</ele></trkpt>
    <trkpt lat="42.722613" lon="141.447148"><ele>176</ele></trkpt>
    <trkpt lat="42.722679" lon="141.446920"><ele>177</ele></trkpt>
    <trkpt lat="42.722747" lon="141.446693"><ele>177</ele></trkpt>
    <trkpt lat="42.722816" lon="141.446467"><ele>177</ele></trkpt>
    <trkpt lat="42.722878" lon="141.446237"><ele>177</ele></trkpt>
    <trkpt lat="42.722942" lon="141.446009"><ele>177</ele></trkpt>
    <trkpt lat="42.723010" lon="141.445782"><ele>177</ele></trkpt>
    <trkpt lat="42.723077" lon="141.445555"><ele>177</ele></trkpt>
    <trkpt lat="42.723147" lon="141.445330"><ele>177</ele></trkpt>
    <trkpt lat="42.723209" lon="141.445100"><ele>177</ele></trkpt>
    <trkpt lat="42.723276" lon="141.444873"><ele>177</ele></trkpt>
    <trkpt lat="42.723339" lon="141.444643"><ele>177</ele></trkpt>
    <trkpt lat="42.723407" lon="141.444416"><ele>177</ele></trkpt>
    <trkpt lat="42.723476" lon="141.444190"><ele>177</ele></trkpt>
    <trkpt lat="42.723541" lon="141.443962"><ele>177</ele></trkpt>
    <trkpt lat="42.723608" lon="141.443735"><ele>177</ele></trkpt>
    <trkpt lat="42.723669" lon="141.443504"><ele>177</ele></trkpt>
    <trkpt lat="42.723733" lon="141.443276"><ele>177</ele></trkpt>
    <trkpt lat="42.723797" lon="141.443047"><ele>178</ele></trkpt>
    <trkpt lat="42.723867" lon="141.442822"><ele>178</ele></trkpt>
    <trkpt lat="42.723932" lon="141.442593"><ele>178</ele></trkpt>
    <trkpt lat="42.724000" lon="141.442366"><ele>178</ele></trkpt>
    <trkpt lat="42.724069" lon="141.442140"><ele>178</ele></trkpt>
    <trkpt lat="42.724137" lon="141.441913"><ele>178</ele></trkpt>
    <trkpt lat="42.724200" lon="141.441684"><ele>178</ele></trkpt>
    <trkpt lat="42.724266" lon="141.441457"><ele>178</ele></trkpt>
    <trkpt lat="42.724327" lon="141.441226"><ele>178</ele></trkpt>
    <trkpt lat="42.724387" lon="141.440995"><ele>178</ele></trkpt>
    <trkpt lat="42.724457" lon="141.440770"><ele>178</ele></trkpt>
    <trkpt lat="42.724523" lon="141.440542"><ele>178</ele></trkpt>
    <trkpt lat="42.724586" lon="141.440313"><ele>178</ele></trkpt>
    <trkpt lat="42.724646" lon="141.440082"><ele>178</ele></trkpt>
    <trkpt lat="42.724712" lon="141.439854"><ele>178</ele></trkpt>
    <trkpt lat="42.724778" lon="141.439626"><ele>178</ele></trkpt>
    <trkpt lat="42.724844" lon="141.439398"><ele>178</ele></trkpt>
    <trkpt lat="42.724906" lon="141.439169"><ele>178</ele></trkpt>
    <trkpt lat="42.724976" lon="141.438943"><ele>178</ele></trkpt>
    <trkpt lat="42.725039" lon="141.438714"><ele>179</ele></trkpt>
    <trkpt lat="42.725104" lon="141.438485"><ele>179</ele></trkpt>
    <trkpt lat="42.725175" lon="141.438260"><ele>179</ele></trkpt>
    <trkpt lat="42.725235" lon="141.438030"><ele>179</ele></trkpt>
    <trkpt lat="42.725307" lon="141.437805"><ele>179</ele></trkpt>
    <trkpt lat="42.725368" lon="141.437575"><ele>179</ele></trkpt>
    <trkpt lat="42.725434" lon="141.437347"><ele>179</ele></trkpt>
    <trkpt lat="42.725496" lon="141.437118"><ele>179</ele></trkpt>
    <trkpt lat="42.725565" lon="141.436892"><ele>179</ele></trkpt>
    <trkpt lat="42.725629" lon="141.436662"><ele>179</ele></trkpt>
    <trkpt lat="42.725700" lon="141.436438"><ele>179</ele></trkpt>
    <trkpt lat="42.725765" lon="141.436209"><ele>179</ele></trkpt>
    <trkpt lat="42.725826" lon="141.435979"><ele>179</ele></trkpt>
    <trkpt lat="42.725891" lon="141.435751"><ele>179</ele></trkpt>
    <trkpt lat="42.725958" lon="141.435523"><ele>179</ele></trkpt>
    <trkpt lat="42.726028" lon="141.435298"><ele>179</ele></trkpt>
    <trkpt lat="42.726089" lon="141.435068"><ele>179</ele></trkpt>
    <trkpt lat="42.726156" lon="141.434841"><ele>179</ele></trkpt>
    <trkpt lat="42.726227" lon="141.434615"><ele>179</ele></trkpt>
    <trkpt lat="42.726295" lon="141.434389"><ele>180</ele></trkpt>
    <trkpt lat="42.726362" lon="141.434162"><ele>180</ele></trkpt>
    <trkpt lat="42.726426" lon="141.433933"><ele>180</ele></trkpt>
    <trkpt lat="42.726496" lon="141.433707"><ele>180</ele></trkpt>
    <trkpt lat="42.726563" lon="141.433480"><ele>180</ele></trkpt>
    <trkpt lat="42.726631" lon="141.433253"><ele>180</ele></trkpt>
    <trkpt lat="42.726693" lon="141.433024"><ele>180</ele></trkpt>
    <trkpt lat="42.726757" lon="141.432795"><ele>180</ele></trkpt>
    <trkpt lat="42.726820" lon="141.432565"><ele>180</ele></trkpt>
    <trkpt lat="42.726885" lon="141.432337"><ele>180</ele></trkpt>
    <trkpt lat="42.726953" lon="141.432111"><ele>180</ele></trkpt>
    <trkpt lat="42.727015" lon="141.431881"><ele>180</ele></trkpt>
    <trkpt lat="42.727085" lon="141.431655"><ele>180</ele></trkpt>
    <trkpt lat="42.727150" lon="141.431427"><ele>180</ele></trkpt>
    <trkpt lat="42.727213" lon="141.431197"><ele>180</ele></trkpt>
    <trkpt lat="42.727284" lon="141.430972"><ele>180</ele></trkpt>
    <trkpt lat="42.727350" lon="141.430745"><ele>180</ele></trkpt>
    <trkpt lat="42.727416" lon="141.430517"><ele>180</ele></trkpt>
    <trkpt lat="42.727484" lon="141.430290"><ele>180</ele></trkpt>
    <trkpt lat="42.727547" lon="141.430061"><ele>180</ele></trkpt>
    <trkpt lat="42.727616" lon="141.429835"><ele>180</ele></trkpt>
    <trkpt lat="42.727681" lon="141.429607"><ele>181</ele></trkpt>
    <trkpt lat="42.727749" lon="141.429380"><ele>181</ele></trkpt>
    <trkpt lat="42.727820" lon="141.429155"><ele>181</ele></trkpt>
    <trkpt lat="42.727892" lon="141.428930"><ele>181</ele></trkpt>
    <trkpt lat="42.727955" lon="141.428701"><ele>181</ele></trkpt>
    <trkpt lat="42.728022" lon="141.428474"><ele>181</ele></trkpt>
    <trkpt lat="42.728092" lon="141.428248"><ele>181</ele></trkpt>
    <trkpt lat="42.728163" lon="141.428023"><ele>181</ele></trkpt>
    <trkpt lat="42.728228" lon="141.427795"><ele>181</ele></trkpt>
    <trkpt lat="42.728294" lon="141.427567"><ele>181</ele></trkpt>
    <trkpt lat="42.728357" lon="141.427338"><ele>181</ele></trkpt>
    <trkpt lat="42.728428" lon="141.427113"><ele>181</ele></trkpt>
    <trkpt lat="42.728498" lon="141.426887"><ele>181</ele></trkpt>
    <trkpt lat="42.728562" lon="141.426658"><ele>181</ele></trkpt>
    <trkpt lat="42.728625" lon="141.426429"><ele>181</ele></trkpt>
    <trkpt lat="42.728694" lon="141.426203"><ele>181</ele></trkpt>
    <trkpt lat="42.728761" lon="141.425976"><ele>181</ele></trkpt>
    <trkpt lat="42.728826" lon="141.425747"><ele>181</ele></trkpt>
    <trkpt lat="42.728895" lon="141.425521"><ele>181</ele></trkpt>
    <trkpt lat="42.728959" lon="141.425292"><ele>181</ele></trkpt>
    <trkpt lat="42.729022" lon="141.425063"><ele>181</ele></trkpt>
    <trkpt lat="42.729089" lon="141.424836"><ele>182</ele></trkpt>
    <trkpt lat="42.729160" lon="141.424611"><ele>182</ele></trkpt>
    <trkpt lat="42.729225" lon="141.424383"><ele>182</ele></trkpt>
    <trkpt lat="42.729290" lon="141.424154"><ele>182</ele></trkpt>
    <trkpt lat="42.729354" lon="141.423925"><ele>182</ele></trkpt>
    <trkpt lat="42.729419" lon="141.423697"><ele>182</ele></trkpt>
    <trkpt lat="42.729484" lon="141.423469"><ele>182</ele></trkpt>
    <trkpt lat="42.729551" lon="141.423242"><ele>182</ele></trkpt>
    <trkpt lat="42.729616" lon="141.423013"><ele>182</ele></trkpt>
    <trkpt lat="42.729682" lon="141.422785"><ele>182</ele></trkpt>
    <trkpt lat="42.729746" lon="141.422557"><ele>182</ele></trkpt>
    <trkpt lat="42.729813" lon="141.422329"><ele>182</ele></trkpt>
    <trkpt lat="42.729879" lon="141.422102"><ele>182</ele></trkpt>
    <trkpt lat="42.729945" lon="141.421874"><ele>182</ele></trkpt>
    <trkpt lat="42.730016" lon="141.421649"><ele>182</ele></trkpt>
    <trkpt lat="42.730077" lon="141.421418"><ele>182</ele></trkpt>
    <trkpt lat="42.730138" lon="141.421188"><ele>182</ele></trkpt>
    <trkpt lat="42.730207" lon="141.420962"><ele>182</ele></trkpt>
    <trkpt lat="42.730271" lon="141.420733"><ele>182</ele></trkpt>
    <trkpt lat="42.730337" lon="141.420505"><ele>182</ele></trkpt>
    <trkpt lat="42.730400" lon="141.420276"><ele>182</ele></trkpt>
    <trkpt lat="42.730470" lon="141.420051"><ele>182</ele></trkpt>
    <trkpt lat="42.730532" lon="141.419821"><ele>182</ele></trkpt>
    <trkpt lat="42.730599" lon="141.419593"><ele>183</ele></trkpt>
    <trkpt lat="42.730667" lon="141.419367"><ele>183</ele></trkpt>
    <trkpt lat="42.730736" lon="141.419140"><ele>183</ele></trkpt>
    <trkpt lat="42.730807" lon="141.418916"><ele>183</ele></trkpt>
    <trkpt lat="42.730867" lon="141.418685"><ele>183</ele></trkpt>
    <trkpt lat="42.730935" lon="141.418458"><ele>183</ele></trkpt>
    <trkpt lat="42.730997" lon="141.418228"><ele>183</ele></trkpt>
    <trkpt lat="42.731064" lon="141.418001"><ele>183</ele></trkpt>
    <trkpt lat="42.731127" lon="141.417772"><ele>183</ele></trkpt>
    <trkpt lat="42.731193" lon="141.417544"><ele>183</ele></trkpt>
    <trkpt lat="42.731261" lon="141.417317"><ele>183</ele></trkpt>
    <trkpt lat="42.731330" lon="141.417091"><ele>183</ele></trkpt>
    <trkpt lat="42.731401" lon="141.416866"><ele>183</ele></trkpt>
    <trkpt lat="42.731465" lon="141.416637"><ele>183</ele></trkpt>
    <trkpt lat="42.731532" lon="141.416410"><ele>183</ele></trkpt>
    <trkpt lat="42.731600" lon="141.416183"><ele>183</ele></trkpt>
    <trkpt lat="42.731672" lon="141.415959"><ele>183</ele></trkpt>
    <trkpt lat="42.731732" lon="141.415728"><ele>183</ele></trkpt>
    <trkpt lat="42.731800" lon="141.415501"><ele>183</ele></trkpt>
    <trkpt lat="42.731867" lon="141.415274"><ele>183</ele></trkpt>
    <trkpt lat="42.731936" lon="141.415048"><ele>183</ele></trkpt>
    <trkpt lat="42.731997" lon="141.414818"><ele>183</ele></trkpt>
    <trkpt lat="42.732063" lon="141.414590"><ele>183</ele></trkpt>
    <trkpt lat="42.732125" lon="141.414360"><ele>183</ele></trkpt>
    <trkpt lat="42.732193" lon="141.414133"><ele>184</ele></trkpt>
    <trkpt lat="42.732255" lon="141.413903"><ele>184</ele></trkpt>
    <trkpt lat="42.732322" lon="141.413676"><ele>184</ele></trkpt>
    <trkpt lat="42.732388" lon="141.413448"><ele>184</ele></trkpt>
    <trkpt lat="42.732458" lon="141.413223"><ele>184</ele></trkpt>
    <trkpt lat="42.732529" lon="141.412998"><ele>184</ele></trkpt>
    <trkpt lat="42.732591" lon="141.412768"><ele>184</ele></trkpt>
    <trkpt lat="42.732654" lon="141.412538"><ele>184</ele></trkpt>
    <trkpt lat="42.732724" lon="141.412313"><ele>184</ele></trkpt>
    <trkpt lat="42.732786" lon="141.412083"><ele>184</ele></trkpt>
    <trkpt lat="42.732856" lon="141.411858"><ele>184</ele></trkpt>
    <trkpt lat="42.732919" lon="141.411628"><ele>184</ele></trkpt>
    <trkpt lat="42.732984" lon="141.411400"><ele>184</ele></trkpt>
    <trkpt lat="42.733045" lon="141.411170"><ele>184</ele></trkpt>
    <trkpt lat="42.733106" lon="141.410939"><ele>184</ele></trkpt>
    <trkpt lat="42.733173" lon="141.410712"><ele>184</ele></trkpt>
    <trkpt lat="42.733244" lon="141.410487"><ele>184</ele></trkpt>
    <trkpt lat="42.733305" lon="141.410256"><ele>184</ele></trkpt>
    <trkpt lat="42.733371" lon="141.410029"><ele>184</ele></trkpt>
    <trkpt lat="42.733435" lon="141.409800"><ele>184</ele></trkpt>
    <trkpt lat="42.733495" lon="141.409569"><ele>184</ele></trkpt>
    <trkpt lat="42.733563" lon="141.409342"><ele>184</ele></trkpt>
    <trkpt lat="42.733623" lon="141.409111"><ele>184</ele></trkpt>
    <trkpt lat="42.733695" lon="141.408887"><ele>184</ele></trkpt>
    <trkpt lat="42.733764" lon="141.408661"><ele>184</ele></trkpt>
    <trkpt lat="42.733836" lon="141.408436"><ele>184</ele></trkpt>
    <trkpt lat="42.733898" lon="141.408207"><ele>185</ele></trkpt>
    <trkpt lat="42.733958" lon="141.407976"><ele>185</ele></trkpt>
    <trkpt lat="42.734020" lon="141.407746"><ele>185</ele></trkpt>
    <trkpt lat="42.734086" lon="141.407518"><ele>185</ele></trkpt>
    <trkpt lat="42.734151" lon="141.407290"><ele>185</ele></trkpt>
    <trkpt lat="42.734213" lon="141.407060"><ele>185</ele></trkpt>
    <trkpt lat="42.734276" lon="141.406830"><ele>185</ele></trkpt>
    <trkpt lat="42.734336" lon="141.406600"><ele>185</ele></trkpt>
    <trkpt lat="42.734398" lon="141.406370"><ele>185</ele></trkpt>
    <trkpt lat="42.734466" lon="141.406143"><ele>185</ele></trkpt>
    <trkpt lat="42.734528" lon="141.405913"><ele>185</ele></trkpt>
    <trkpt lat="42.734592" lon="141.405685"><ele>185</ele></trkpt>
    <trkpt lat="42.734661" lon="141.405458"><ele>185</ele></trkpt>
    <trkpt lat="42.734721" lon="141.405228"><ele>185</ele></trkpt>
    <trkpt lat="42.734792" lon="141.405002"><ele>185</ele></trkpt>
    <trkpt lat="42.734854" lon="141.404773"><ele>185</ele></trkpt>
    <trkpt lat="42.734921" lon="141.404545"><ele>185</ele></trkpt>
    <trkpt lat="42.734983" lon="141.404315"><ele>185</ele></trkpt>
    <trkpt lat="42.735048" lon="141.404087"><ele>185</ele></trkpt>
    <trkpt lat="42.735116" lon="141.403860"><ele>185</ele></trkpt>
    <trkpt lat="42.735177" lon="141.403630"><ele>185</ele></trkpt>
    <trkpt lat="42.735241" lon="141.403401"><ele>185</ele></trkpt>
    <trkpt lat="42.735311" lon="141.403176"><ele>185</ele></trkpt>
    <trkpt lat="42.735381" lon="141.402950"><ele>185</ele></trkpt>
    <trkpt lat="42.735451" lon="141.402724"><ele>185</ele></trkpt>
    <trkpt lat="42.735517" lon="141.402497"><ele>185</ele></trkpt>
    <trkpt lat="42.735577" lon="141.402266"><ele>185</ele></trkpt>
    <trkpt lat="42.735638" lon="141.402035"><ele>185</ele></trkpt>
    <trkpt lat="42.735709" lon="141.401810"><ele>186</ele></trkpt>
    <trkpt lat="42.735778" lon="141.401584"><ele>186</ele></trkpt>
    <trkpt lat="42.735848" lon="141.401358"><ele>186</ele></trkpt>
    <trkpt lat="42.735914" lon="141.401131"><ele>186</ele></trkpt>
    <trkpt lat="42.735980" lon="141.400903"><ele>186</ele></trkpt>
    <trkpt lat="42.736051" lon="141.400678"><ele>186</ele></trkpt>
    <trkpt lat="42.736120" lon="141.400452"><ele>186</ele></trkpt>
    <trkpt lat="42.736186" lon="141.400224"><ele>186</ele></trkpt>
    <trkpt lat="42.736246" lon="141.399993"><ele>186</ele></trkpt>
    <trkpt lat="42.736306" lon="141.399763"><ele>186</ele></trkpt>
    <trkpt lat="42.736372" lon="141.399534"><ele>186</ele></trkpt>
    <trkpt lat="42.736435" lon="141.399305"><ele>186</ele></trkpt>
    <trkpt lat="42.736500" lon="141.399077"><ele>186</ele></trkpt>
    <trkpt lat="42.736561" lon="141.398846"><ele>186</ele></trkpt>
    <trkpt lat="42.736632" lon="141.398621"><ele>186</ele></trkpt>
    <trkpt lat="42.736694" lon="141.398391"><ele>186</ele></trkpt>
    <trkpt lat="42.736756" lon="141.398162"><ele>186</ele></trkpt>
    <trkpt lat="42.736820" lon="141.397933"><ele>186</ele></trkpt>
    <trkpt lat="42.736885" lon="141.397705"><ele>186</ele></trkpt>
    <trkpt lat="42.736952" lon="141.397477"><ele>186</ele></trkpt>
    <trkpt lat="42.737013" lon="141.397247"><ele>186</ele></trkpt>
    <trkpt lat="42.737073" lon="141.397016"><ele>186</ele></trkpt>
    <trkpt lat="42.737140" lon="141.396789"><ele>186</ele></trkpt>
    <trkpt lat="42.737208" lon="141.396562"><ele>186</ele></trkpt>
    <trkpt lat="42.737274" lon="141.396334"><ele>186</ele></trkpt>
    <trkpt lat="42.737335" lon="141.396104"><ele>186</ele></trkpt>
    <trkpt lat="42.737401" lon="141.395876"><ele>186</ele></trkpt>
    <trkpt lat="42.737470" lon="141.395650"><ele>186</ele></trkpt>
    <trkpt lat="42.737535" lon="141.395421"><ele>186</ele></trkpt>
    <trkpt lat="42.737603" lon="141.395195"><ele>186</ele></trkpt>
    <trkpt lat="42.737665" lon="141.394965"><ele>186</ele></trkpt>
    <trkpt lat="42.737735" lon="141.394739"><ele>186</ele></trkpt>
    <trkpt lat="42.737806" lon="141.394514"><ele>187</ele></trkpt>
    <trkpt lat="42.737872" lon="141.394287"><ele>187</ele></trkpt>
    <trkpt lat="42.737933" lon="141.394056"><ele>187</ele></trkpt>
    <trkpt lat="42.737999" lon="141.393828"><ele>187</ele></trkpt>
    <trkpt lat="42.738070" lon="141.393603"><ele>187</ele></trkpt>
    <trkpt lat="42.738139" lon="141.393377"><ele>187</ele></trkpt>
    <trkpt lat="42.738207" lon="141.393151"><ele>187</ele></trkpt>
    <trkpt lat="42.738279" lon="141.392926"><ele>187</ele></trkpt>
    <trkpt lat="42.738339" lon="141.392695"><ele>187</ele></trkpt>
    <trkpt lat="42.738400" lon="141.392465"><ele>187</ele></trkpt>
    <trkpt lat="42.738461" lon="141.392234"><ele>187</ele></trkpt>
    <trkpt lat="42.738289" lon="141.392163"><ele>187</ele></trkpt>
    <trkpt lat="42.738116" lon="141.392094"><ele>187</ele></trkpt>
    <trkpt lat="42.737946" lon="141.392014"><ele>187</ele></trkpt>
    <trkpt lat="42.737774" lon="141.391942"><ele>187</ele></trkpt>
    <trkpt lat="42.737605" lon="141.391861"><ele>187</ele></trkpt>
    <trkpt lat="42.737433" lon="141.391788"><ele>187</ele></trkpt>
    <trkpt lat="42.737264" lon="141.391706"><ele>187</ele></trkpt>
    <trkpt lat="42.737095" lon="141.391622"><ele>187</ele></trkpt>
    <trkpt lat="42.736925" lon="141.391540"><ele>187</ele></trkpt>
    <trkpt lat="42.736754" lon="141.391466"><ele>187</ele></trkpt>
    <trkpt lat="42.736585" lon="141.391382"><ele>187</ele></trkpt>
    <trkpt lat="42.736415" lon="141.391300"><ele>187</ele></trkpt>
    <trkpt lat="42.736244" lon="141.391224"><ele>187</ele></trkpt>
    <trkpt lat="42.736073" lon="141.391148"><ele>187</ele></trkpt>
    <trkpt lat="42.735902" lon="141.391073"><ele>187</ele></trkpt>
    <trkpt lat="42.735732" lon="141.390995"><ele>187</ele></trkpt>
    <trkpt lat="42.735560" lon="141.390921"><ele>187</ele></trkpt>
    <trkpt lat="42.735389" lon="141.390844"><ele>187</ele></trkpt>
    <trkpt lat="42.735218" lon="141.390770"><ele>187</ele></trkpt>
    <trkpt lat="42.735047" lon="141.390693"><ele>187</ele></trkpt>
    <trkpt lat="42.734875" lon="141.390623"><ele>187</ele></trkpt>
    <trkpt lat="42.734704" lon="141.390546"><ele>187</ele></trkpt>
    <trkpt lat="42.734531" lon="141.390478"><ele>187</ele></trkpt>
    <trkpt lat="42.734363" lon="141.390393"><ele>187</ele></trkpt>
    <trkpt lat="42.734191" lon="141.390321"><ele>187</ele></trkpt>
    <trkpt lat="42.734020" lon="141.390245"><ele>187</ele></trkpt>
    <trkpt lat="42.733848" lon="141.390173"><ele>188</ele></trkpt>
    <trkpt lat="42.733678" lon="141.390091"><ele>188</ele></trkpt>
    <trkpt lat="42.733506" lon="141.390020"><ele>188</ele></trkpt>
    <trkpt lat="42.733337" lon="141.389936"><ele>188</ele></trkpt>
    <trkpt lat="42.733166" lon="141.389861"><ele>188</ele></trkpt>
    <trkpt lat="42.732997" lon="141.389777"><ele>188</ele></trkpt>
    <trkpt lat="42.732825" lon="141.389705"><ele>188</ele></trkpt>
    <trkpt lat="42.732653" lon="141.389636"><ele>188</ele></trkpt>
    <trkpt lat="42.732483" lon="141.389555"><ele>188</ele></trkpt>
    <trkpt lat="42.732314" lon="141.389471"><ele>188</ele></trkpt>
    <trkpt lat="42.732141" lon="141.389403"><ele>188</ele></trkpt>
    <trkpt lat="42.731969" lon="141.389331"><ele>188</ele></trkpt>
    <trkpt lat="42.731798" lon="141.389257"><ele>188</ele></trkpt>
    <trkpt lat="42.731627" lon="141.389178"><ele>188</ele></trkpt>
    <trkpt lat="42.731456" lon="141.389103"><ele>188</ele></trkpt>
    <trkpt lat="42.731287" lon="141.389019"><ele>188</ele></trkpt>
    <trkpt lat="42.731116" lon="141.388943"><ele>188</ele></trkpt>
    <trkpt lat="42.730944" lon="141.388871"><ele>188</ele></trkpt>
    <trkpt lat="42.730773" lon="141.388796"><ele>188</ele></trkpt>
    <trkpt lat="42.730602" lon="141.388721"><ele>188</ele></trkpt>
    <trkpt lat="42.730431" lon="141.388645"><ele>188</ele></trkpt>
    <trkpt lat="42.730260" lon="141.388567"><ele>188</ele></trkpt>
    <trkpt lat="42.730090" lon="141.388490"><ele>188</ele></trkpt>
    <trkpt lat="42.729919" lon="141.388412"><ele>188</ele></trkpt>
    <trkpt lat="42.729748" lon="141.388338"><ele>188</ele></trkpt>
    <trkpt lat="42.729578" lon="141.388258"><ele>188</ele></trkpt>
    <trkpt lat="42.729409" lon="141.388174"><ele>188</ele></trkpt>
    <trkpt lat="42.729239" lon="141.388093"><ele>188</ele></trkpt>
    <trkpt lat="42.729070" lon="141.388011"><ele>188</ele></trkpt>
    <trkpt lat="42.728900" lon="141.387929"><ele>188</ele></trkpt>
    <trkpt lat="42.728731" lon="141.387847"><ele>188</ele></trkpt>
    <trkpt lat="42.728561" lon="141.387768"><ele>188</ele></trkpt>
    <trkpt lat="42.728392" lon="141.387683"><ele>188</ele></trkpt>
    <trkpt lat="42.728220" lon="141.387611"><ele>188</ele></trkpt>
    <trkpt lat="42.728048" lon="141.387540"><ele>188</ele></trkpt>
    <trkpt lat="42.727879" lon="141.387456"><ele>188</ele></trkpt>
    <trkpt lat="42.727708" lon="141.387379"><ele>188</ele></trkpt>
    <trkpt lat="42.727536" lon="141.387310"><ele>188</ele></trkpt>
    <trkpt lat="42.727367" lon="141.387225"><ele>188</ele></trkpt>
    <trkpt lat="42.727198" lon="141.387142"><ele>188</ele></trkpt>
    <trkpt lat="42.727029" lon="141.387058"><ele>188</ele></trkpt>
    <trkpt lat="42.726857" lon="141.386983"><ele>188</ele></trkpt>
    <trkpt lat="42.726685" lon="141.386912"><ele>188</ele></trkpt>
    <trkpt lat="42.726513" lon="141.386843"><ele>188</ele></trkpt>
    <trkpt lat="42.726342" lon="141.386765"><ele>188</ele></trkpt>
    <trkpt lat="42.726172" lon="141.386687"><ele>189</ele></trkpt>
    <trkpt lat="42.726003" lon="141.386603"><ele>189</ele></trkpt>
    <trkpt lat="42.725831" lon="141.386529"><ele>189</ele></trkpt>
    <trkpt lat="42.725661" lon="141.386450"><ele>189</ele></trkpt>
    <trkpt lat="42.725489" lon="141.386377"><ele>189</ele></trkpt>
    <trkpt lat="42.725318" lon="141.386302"><ele>189</ele></trkpt>
    <trkpt lat="42.725148" lon="141.386223"><ele>189</ele></trkpt>
    <trkpt lat="42.724979" lon="141.386140"><ele>189</ele></trkpt>
    <trkpt lat="42.724808" lon="141.386062"><ele>189</ele></trkpt>
    <trkpt lat="42.724639" lon="141.385978"><ele>189</ele></trkpt>
    <trkpt lat="42.724470" lon="141.385894"><ele>189</ele></trkpt>
    <trkpt lat="42.724298" lon="141.385825"><ele>189</ele></trkpt>
    <trkpt lat="42.724125" lon="141.385755"><ele>189</ele></trkpt>
    <trkpt lat="42.723953" lon="141.385685"><ele>189</ele></trkpt>
    <trkpt lat="42.723781" lon="141.385615"><ele>189</ele></trkpt>
    <trkpt lat="42.723610" lon="141.385540"><ele>189</ele></trkpt>
    <trkpt lat="42.723441" lon="141.385456"><ele>189</ele></trkpt>
    <trkpt lat="42.723271" lon="141.385374"><ele>189</ele></trkpt>
    <trkpt lat="42.723101" lon="141.385295"><ele>189</ele></trkpt>
    <trkpt lat="42.722929" lon="141.385221"><ele>189</ele></trkpt>
    <trkpt lat="42.722759" lon="141.385142"><ele>189</ele></trkpt>
    <trkpt lat="42.722587" lon="141.385072"><ele>189</ele></trkpt>
    <trkpt lat="42.722416" lon="141.384997"><ele>189</ele></trkpt>
    <trkpt lat="42.722244" lon="141.384924"><ele>189</ele></trkpt>
    <trkpt lat="42.722072" lon="141.384851"><ele>189</ele></trkpt>
    <trkpt lat="42.721900" lon="141.384781"><ele>189</ele></trkpt>
    <trkpt lat="42.721730" lon="141.384701"><ele>189</ele></trkpt>
    <trkpt lat="42.721559" lon="141.384625"><ele>189</ele></trkpt>
    <trkpt lat="42.721389" lon="141.384545"><ele>189</ele></trkpt>
    <trkpt lat="42.721217" lon="141.384474"><ele>189</ele></trkpt>
    <trkpt lat="42.721045" lon="141.384399"><ele>189</ele></trkpt>
    <trkpt lat="42.720875" lon="141.384322"><ele>189</ele></trkpt>
    <trkpt lat="42.720705" lon="141.384243"><ele>189</ele></trkpt>
    <trkpt lat="42.720536" lon="141.384158"><ele>189</ele></trkpt>
    <trkpt lat="42.720367" lon="141.384074"><ele>189</ele></trkpt>
    <trkpt lat="42.720197" lon="141.383994"><ele>189</ele></trkpt>
    <trkpt lat="42.720026" lon="141.383917"><ele>189</ele></trkpt>
    <trkpt lat="42.719856" lon="141.383838"><ele>189</ele></trkpt>
    <trkpt lat="42.719683" lon="141.383769"><ele>189</ele></trkpt>
    <trkpt lat="42.719512" lon="141.383696"><ele>189</ele></trkpt>
    <trkpt lat="42.719341" lon="141.383619"><ele>189</ele></trkpt>
    <trkpt lat="42.719170" lon="141.383543"><ele>189</ele></trkpt>
    <trkpt lat="42.719000" lon="141.383465"><ele>189</ele></trkpt>
    <trkpt lat="42.718830" lon="141.383385"><ele>189</ele></trkpt>
    <trkpt lat="42.718658" lon="141.383312"><ele>189</ele></trkpt>
    <trkpt lat="42.718489" lon="141.383229"><ele>189</ele></trkpt>
    <trkpt lat="42.718318" lon="141.383151"><ele>189</ele></trkpt>
    <trkpt lat="42.718147" lon="141.383074"><ele>189</ele></trkpt>
    <trkpt lat="42.717975" lon="141.383003"><ele>189</ele></trkpt>
    <trkpt lat="42.717803" lon="141.382934"><ele>189</ele></trkpt>
    <trkpt lat="42.717631" lon="141.382863"><ele>189</ele></trkpt>
    <trkpt lat="42.717459" lon="141.382791"><ele>189</ele></trkpt>
    <trkpt lat="42.717286" lon="141.382720"><ele>189</ele></trkpt>
    <trkpt lat="42.717115" lon="141.382646"><ele>189</ele></trkpt>
    <trkpt lat="42.716946" lon="141.382562"><ele>189</ele></trkpt>
    <trkpt lat="42.716774" lon="141.382493"><ele>189</ele></trkpt>
    <trkpt lat="42.716603" lon="141.382416"><ele>189</ele></trkpt>
    <trkpt lat="42.716434" lon="141.382332"><ele>189</ele></trkpt>
    <trkpt lat="42.716430" lon="141.382577"><ele>189</ele></trkpt>
    <trkpt lat="42.716432" lon="141.382821"><ele>189</ele></trkpt>
    <trkpt lat="42.716436" lon="141.383066"><ele>189</ele></trkpt>
    <trkpt lat="42.716435" lon="141.383311"><ele>189</ele></trkpt>
    <trkpt lat="42.716429" lon="141.383556"><ele>189</ele></trkpt>
    <trkpt lat="42.716432" lon="141.383801"><ele>189</ele></trkpt>
    <trkpt lat="42.716438" lon="141.384045"><ele>189</ele></trkpt>
    <trkpt lat="42.716440" lon="141.384290"><ele>189</ele></trkpt>
    <trkpt lat="42.716444" lon="141.384535"><ele>190</ele></trkpt>
    <trkpt lat="42.716448" lon="141.384779"><ele>190</ele></trkpt>
    <trkpt lat="42.716452" lon="141.385024"><ele>190</ele></trkpt>
    <trkpt lat="42.716445" lon="141.385269"><ele>190</ele></trkpt>
    <trkpt lat="42.716450" lon="141.385514"><ele>190</ele></trkpt>
    <trkpt lat="42.716455" lon="141.385758"><ele>190</ele></trkpt>
    <trkpt lat="42.716458" lon="141.386003"><ele>190</ele></trkpt>
    <trkpt lat="42.716452" lon="141.386248"><ele>190</ele></trkpt>
    <trkpt lat="42.716451" lon="141.386493"><ele>190</ele></trkpt>
    <trkpt lat="42.716448" lon="141.386737"><ele>190</ele></trkpt>
    <trkpt lat="42.716443" lon="141.386982"><ele>190</ele></trkpt>
    <trkpt lat="42.716440" lon="141.387227"><ele>190</ele></trkpt>
    <trkpt lat="42.716436" lon="141.387472"><ele>190</ele></trkpt>
    <trkpt lat="42.716436" lon="141.387716"><ele>190</ele></trkpt>
    <trkpt lat="42.716434" lon="141.387961"><ele>190</ele></trkpt>
    <trkpt lat="42.716432" lon="141.388206"><ele>190</ele></trkpt>
    <trkpt lat="42.716428" lon="141.388451"><ele>190</ele></trkpt>
    <trkpt lat="42.716426" lon="141.388695"><ele>190</ele></trkpt>
    <trkpt lat="42.716429" lon="141.388940"><ele>190</ele></trkpt>
    <trkpt lat="42.716426" lon="141.389185"><ele>190</ele></trkpt>
    <trkpt lat="42.716425" lon="141.389430"><ele>190</ele></trkpt>
    <trkpt lat="42.716428" lon="141.389675"><ele>190</ele></trkpt>
    <trkpt lat="42.716432" lon="141.389919"><ele>190</ele></trkpt>
    <trkpt lat="42.716425" lon="141.390164"><ele>190</ele></trkpt>
    <trkpt lat="42.716422" lon="141.390409"><ele>190</ele></trkpt>
    <trkpt lat="42.716422" lon="141.390654"><ele>190</ele></trkpt>
    <trkpt lat="42.716416" lon="141.390898"><ele>190</ele></trkpt>
    <trkpt lat="42.716415" lon="141.391143"><ele>190</ele></trkpt>
    <trkpt lat="42.716415" lon="141.391388"><ele>190</ele></trkpt>
    <trkpt lat="42.716420" lon="141.391632"><ele>190</ele></trkpt>
    <trkpt lat="42.716417" lon="141.391877"><ele>190</ele></trkpt>
    <trkpt lat="42.716420" lon="141.392122"><ele>190</ele></trkpt>
    <trkpt lat="42.716424" lon="141.392367"><ele>190</ele></trkpt>
    <trkpt lat="42.716418" lon="141.392611"><ele>190</ele></trkpt>
    <trkpt lat="42.716418" lon="141.392856"><ele>190</ele></trkpt>
    <trkpt lat="42.716417" lon="141.393101"><ele>190</ele></trkpt>
    <trkpt lat="42.716411" lon="141.393346"><ele>190</ele></trkpt>
    <trkpt lat="42.716412" lon="141.393590"><ele>190</ele></trkpt>
    <trkpt lat="42.716407" lon="141.393835"><ele>190</ele></trkpt>
    <trkpt lat="42.716412" lon="141.394080"><ele>190</ele></trkpt>
    <trkpt lat="42.716408" lon="141.394325"><ele>190</ele></trkpt>
    <trkpt lat="42.716404" lon="141.394569"><ele>190</ele></trkpt>
    <trkpt lat="42.716405" lon="141.394814"><ele>190</ele></trkpt>
    <trkpt lat="42.716404" lon="141.395059"><ele>190</ele></trkpt>
    <trkpt lat="42.716403" lon="141.395304"><ele>190</ele></trkpt>
    <trkpt lat="42.716408" lon="141.395549"><ele>190</ele></trkpt>
    <trkpt lat="42.716413" lon="141.395793"><ele>190</ele></trkpt>
    <trkpt lat="42.716408" lon="141.396038"><ele>190</ele></trkpt>
    <trkpt lat="42.716404" lon="141.396283"><ele>190</ele></trkpt>
    <trkpt lat="42.716405" lon="141.396528"><ele>190</ele></trkpt>
    <trkpt lat="42.716399" lon="141.396772"><ele>190</ele></trkpt>
    <trkpt lat="42.716402" lon="141.397017"><ele>190</ele></trkpt>
    <trkpt lat="42.716402" lon="141.397262"><ele>190</ele></trkpt>
    <trkpt lat="42.716400" lon="141.397507"><ele>190</ele></trkpt>
    <trkpt lat="42.716401" lon="141.397751"><ele>190</ele></trkpt>
    <trkpt lat="42.716403" lon="141.397996"><ele>190</ele></trkpt>
    <trkpt lat="42.716399" lon="141.398241"><ele>190</ele></trkpt>
    <trkpt lat="42.716396" lon="141.398486"><ele>190</ele></trkpt>
    <trkpt lat="42.716396" lon="141.398730"><ele>190</ele></trkpt>
    <trkpt lat="42.716393" lon="141.398975"><ele>190</ele></trkpt>
    <trkpt lat="42.716394" lon="141.399220"><ele>190</ele></trkpt>
    <trkpt lat="42.716397" lon="141.399465"><ele>190</ele></trkpt>
    <trkpt lat="42.716398" lon="141.399710"><ele>190</ele></trkpt>
    <trkpt lat="42.716401" lon="141.399954"><ele>190</ele></trkpt>
    <trkpt lat="42.716396" lon="141.400199"><ele>190</ele></trkpt>
    <trkpt lat="42.716395" lon="141.400444"><ele>190</ele></trkpt>
    <trkpt lat="42.716394" lon="141.400689"><ele>190</ele></trkpt>
    <trkpt lat="42.716392" lon="141.400934"><ele>190</ele></trkpt>
    <trkpt lat="42.716388" lon="141.401178"><ele>190</ele></trkpt>
    <trkpt lat="42.716383" lon="141.401423"><ele>190</ele></trkpt>
    <trkpt lat="42.716381" lon="141.401668"><ele>190</ele></trkpt>
    <trkpt lat="42.716382" lon="141.401913"><ele>190</ele></trkpt>
    <trkpt lat="42.716387" lon="141.402157"><ele>190</ele></trkpt>
    <trkpt lat="42.716389" lon="141.402402"><ele>190</ele></trkpt>
    <trkpt lat="42.716393" lon="141.402647"><ele>190</ele></trkpt>
    <trkpt lat="42.716393" lon="141.402892"><ele>190</ele></trkpt>
    <trkpt lat="42.716396" lon="141.403136"><ele>190</ele></trkpt>
    <trkpt lat="42.716396" lon="141.403381"><ele>190</ele></trkpt>
    <trkpt lat="42.716398" lon="141.403626"><ele>190</ele></trkpt>
    <trkpt lat="42.716396" lon="141.403871"><ele>190</ele></trkpt>
    <trkpt lat="42.716397" lon="141.404116"><ele>190</ele></trkpt>
    <trkpt lat="42.716394" lon="141.404360"><ele>190</ele></trkpt>
    <trkpt lat="42.716398" lon="141.404605"><ele>190</ele></trkpt>
    <trkpt lat="42.716404" lon="141.404850"><ele>190</ele></trkpt>
    <trkpt lat="42.716400" lon="141.405094"><ele>190</ele></trkpt>
    <trkpt lat="42.716398" lon="141.405339"><ele>190</ele></trkpt>
    <trkpt lat="42.716393" lon="141.405584"><ele>190</ele></trkpt>
    <trkpt lat="42.716396" lon="141.405829"><ele>190</ele></trkpt>
    <trkpt lat="42.716393" lon="141.406073"><ele>190</ele></trkpt>
    <trkpt lat="42.716386" lon="141.406318"><ele>190</ele></trkpt>
    <trkpt lat="42.716391" lon="141.406563"><ele>190</ele></trkpt>
    <trkpt lat="42.716395" lon="141.406808"><ele>190</ele></trkpt>
    <trkpt lat="42.716396" lon="141.407052"><ele>190</ele></trkpt>
    <trkpt lat="42.716399" lon="141.407297"><ele>190</ele></trkpt>
    <trkpt lat="42.716393" lon="141.407542"><ele>190</ele></trkpt>
    <trkpt lat="42.716396" lon="141.407787"><ele>190</ele></trkpt>
    <trkpt lat="42.716397" lon="141.408031"><ele>190</ele></trkpt>
    <trkpt lat="42.716399" lon="141.408276"><ele>190</ele></trkpt>
    <trkpt lat="42.716394" lon="141.408521"><ele>190</ele></trkpt>
    <trkpt lat="42.716399" lon="141.408766"><ele>190</ele></trkpt>
    <trkpt lat="42.716397" lon="141.409010"><ele>190</ele></trkpt>
    <trkpt lat="42.716394" lon="141.409255"><ele>190</ele></trkpt>
    <trkpt lat="42.716394" lon="141.409500"><ele>190</ele></trkpt>
    <trkpt lat="42.716399" lon="141.409745"><ele>190</ele></trkpt>
    <trkpt lat="42.716393" lon="141.409989"><ele>190</ele></trkpt>
    <trkpt lat="42.716388" lon="141.410234"><ele>190</ele></trkpt>
    <trkpt lat="42.716385" lon="141.410479"><ele>190</ele></trkpt>
    <trkpt lat="42.716379" lon="141.410724"><ele>190</ele></trkpt>
    <trkpt lat="42.716376" lon="141.410968"><ele>190</ele></trkpt>
    <trkpt lat="42.716373" lon="141.411213"><ele>190</ele></trkpt>
    <trkpt lat="42.716369" lon="141.411458"><ele>190</ele></trkpt>
    <trkpt lat="42.716365" lon="141.411703"><ele>190</ele></trkpt>
    <trkpt lat="42.716365" lon="141.411947"><ele>190</ele></trkpt>
    <trkpt lat="42.716365" lon="141.412192"><ele>190</ele></trkpt>
    <trkpt lat="42.716368" lon="141.412437"><ele>190</ele></trkpt>
    <trkpt lat="42.716367" lon="141.412682"><ele>190</ele></trkpt>
    <trkpt lat="42.716371" lon="141.412926"><ele>190</ele></trkpt>
    <trkpt lat="42.716365" lon="141.413171"><ele>190</ele></trkpt>
    <trkpt lat="42.716368" lon="141.413416"><ele>190</ele></trkpt>
    <trkpt lat="42.716368" lon="141.413661"><ele>190</ele></trkpt>
    <trkpt lat="42.716371" lon="141.413905"><ele>190</ele></trkpt>
    <trkpt lat="42.716369" lon="141.414150"><ele>190</ele></trkpt>
    <trkpt lat="42.716369" lon="141.414395"><ele>190</ele></trkpt>
    <trkpt lat="42.716373" lon="141.414640"><ele>190</ele></trkpt>
    <trkpt lat="42.716372" lon="141.414885"><ele>190</ele></trkpt>
    <trkpt lat="42.716367" lon="141.415129"><ele>190</ele></trkpt>
    <trkpt lat="42.716369" lon="141.415374"><ele>190</ele></trkpt>
    <trkpt lat="42.716369" lon="141.415619"><ele>190</ele></trkpt>
    <trkpt lat="42.716371" lon="141.415864"><ele>190</ele></trkpt>
    <trkpt lat="42.716369" lon="141.416108"><ele>190</ele></trkpt>
    <trkpt lat="42.716370" lon="141.416353"><ele>190</ele></trkpt>
    <trkpt lat="42.716366" lon="141.416598"><ele>190</ele></trkpt>
    <trkpt lat="42.716369" lon="141.416843"><ele>190</ele></trkpt>
    <trkpt lat="42.716375" lon="141.417088"><ele>190</ele></trkpt>
    <trkpt lat="42.716377" lon="141.417332"><ele>190</ele></trkpt>
    <trkpt lat="42.716380" lon="141.417577"><ele>190</ele></trkpt>
    <trkpt lat="42.716380" lon="141.417822"><ele>190</ele></trkpt>
    <trkpt lat="42.716383" lon="141.418067"><ele>190</ele></trkpt>
    <trkpt lat="42.716388" lon="141.418311"><ele>190</ele></trkpt>
    <trkpt lat="42.716385" lon="141.418556"><ele>190</ele></trkpt>
    <trkpt lat="42.716387" lon="141.418801"><ele>190</ele></trkpt>
    <trkpt lat="42.716380" lon="141.419046"><ele>190</ele></trkpt>
    <trkpt lat="42.716377" lon="141.419290"><ele>190</ele></trkpt>
    <trkpt lat="42.716376" lon="141.419535"><ele>190</ele></trkpt>
    <trkpt lat="42.716377" lon="141.419780"><ele>190</ele></trkpt>
    <trkpt lat="42.716380" lon="141.420025"><ele>190</ele></trkpt>
    <trkpt lat="42.716382" lon="141.420270"><ele>190</ele></trkpt>
    <trkpt lat="42.716384" lon="141.420514"><ele>190</ele></trkpt>
    <trkpt lat="42.716381" lon="141.420759"><ele>190</ele></trkpt>
    <trkpt lat="42.716384" lon="141.421004"><ele>190</ele></trkpt>
    <trkpt lat="42.716387" lon="141.421249"><ele>190</ele></trkpt>
    <trkpt lat="42.716390" lon="141.421493"><ele>190</ele></trkpt>
    <trkpt lat="42.716394" lon="141.421738"><ele>190</ele></trkpt>
    <trkpt lat="42.716389" lon="141.421983"><ele>190</ele></trkpt>
    <trkpt lat="42.716386" lon="141.422228"><ele>190</ele></trkpt>
    <trkpt lat="42.716391" lon="141.422472"><ele>190</ele></trkpt>
    <trkpt lat="42.716392" lon="141.422717"><ele>190</ele></trkpt>
    <trkpt lat="42.716391" lon="141.422962"><ele>190</ele></trkpt>
    <trkpt lat="42.716392" lon="141.423207"><ele>190</ele></trkpt>
    <trkpt lat="42.716388" lon="141.423451"><ele>190</ele></trkpt>
    <trkpt lat="42.716383" lon="141.423696"><ele>190</ele></trkpt>
    <trkpt lat="42.716381" lon="141.423941"><ele>190</ele></trkpt>
    <trkpt lat="42.716383" lon="141.424186"><ele>190</ele></trkpt>
    <trkpt lat="42.716382" lon="141.424431"><ele>190</ele></trkpt>
    <trkpt lat="42.716380" lon="141.424675"><ele>190</ele></trkpt>
    <trkpt lat="42.716380" lon="141.424920"><ele>190</ele></trkpt>
    <trkpt lat="42.716384" lon="141.425165"><ele>190</ele></trkpt>
    <trkpt lat="42.716386" lon="141.425410"><ele>190</ele></trkpt>
    <trkpt lat="42.716388" lon="141.425655"><ele>190</ele></trkpt>
    <trkpt lat="42.716390" lon="141.425899"><ele>190</ele></trkpt>
    <trkpt lat="42.716393" lon="141.426144"><ele>190</ele></trkpt>
    <trkpt lat="42.716391" lon="141.426389"><ele>190</ele></trkpt>
    <trkpt lat="42.716394" lon="141.426634"><ele>190</ele></trkpt>
    <trkpt lat="42.716397" lon="141.426878"><ele>190</ele></trkpt>
    <trkpt lat="42.716394" lon="141.427123"><ele>190</ele></trkpt>
    <trkpt lat="42.716390" lon="141.427368"><ele>190</ele></trkpt>
    <trkpt lat="42.716394" lon="141.427613"><ele>190</ele></trkpt>
    <trkpt lat="42.716396" lon="141.427857"><ele>190</ele></trkpt>
    <trkpt lat="42.716391" lon="141.428102"><ele>190</ele></trkpt>
    <trkpt lat="42.716390" lon="141.428347"><ele>189</ele></trkpt>
    <trkpt lat="42.716384" lon="141.428592"><ele>189</ele></trkpt>
    <trkpt lat="42.716378" lon="141.428836"><ele>189</ele></trkpt>
    <trkpt lat="42.716375" lon="141.429081"><ele>189</ele></trkpt>
    <trkpt lat="42.716378" lon="141.429326"><ele>189</ele></trkpt>
    <trkpt lat="42.716381" lon="141.429571"><ele>189</ele></trkpt>
    <trkpt lat="42.716377" lon="141.429815"><ele>189</ele></trkpt>
    <trkpt lat="42.716382" lon="141.430060"><ele>189</ele></trkpt>
    <trkpt lat="42.716376" lon="141.430305"><ele>189</ele></trkpt>
    <trkpt lat="42.716377" lon="141.430550"><ele>189</ele></trkpt>
    <trkpt lat="42.716371" lon="141.430794"><ele>189</ele></trkpt>
    <trkpt lat="42.716371" lon="141.431039"><ele>189</ele></trkpt>
    <trkpt lat="42.716365" lon="141.431284"><ele>189</ele></trkpt>
    <trkpt lat="42.716369" lon="141.431528"><ele>189</ele></trkpt>
    <trkpt lat="42.716374" lon="141.431773"><ele>189</ele></trkpt>
    <trkpt lat="42.716368" lon="141.432018"><ele>189</ele></trkpt>
    <trkpt lat="42.716363" lon="141.432263"><ele>189</ele></trkpt>
    <trkpt lat="42.716362" lon="141.432507"><ele>189</ele></trkpt>
    <trkpt lat="42.716357" lon="141.432752"><ele>189</ele></trkpt>
    <trkpt lat="42.716353" lon="141.432997"><ele>189</ele></trkpt>
    <trkpt lat="42.716349" lon="141.433242"><ele>189</ele></trkpt>
    <trkpt lat="42.716355" lon="141.433486"><ele>189</ele></trkpt>
    <trkpt lat="42.716356" lon="141.433731"><ele>189</ele></trkpt>
    <trkpt lat="42.716360" lon="141.433976"><ele>189</ele></trkpt>
    <trkpt lat="42.716363" lon="141.434220"><ele>189</ele></trkpt>
    <trkpt lat="42.716360" lon="141.434465"><ele>189</ele></trkpt>
    <trkpt lat="42.716364" lon="141.434710"><ele>189</ele></trkpt>
    <trkpt lat="42.716367" lon="141.434955"><ele>189</ele></trkpt>
    <trkpt lat="42.716364" lon="141.435200"><ele>189</ele></trkpt>
    <trkpt lat="42.716362" lon="141.435444"><ele>189</ele></trkpt>
    <trkpt lat="42.716355" lon="141.435689"><ele>189</ele></trkpt>
    <trkpt lat="42.716356" lon="141.435934"><ele>189</ele></trkpt>
    <trkpt lat="42.716356" lon="141.436179"><ele>189</ele></trkpt>
    <trkpt lat="42.716359" lon="141.436423"><ele>189</ele></trkpt>
    <trkpt lat="42.716360" lon="141.436668"><ele>189</ele></trkpt>
    <trkpt lat="42.716361" lon="141.436913"><ele>189</ele></trkpt>
    <trkpt lat="42.716362" lon="141.437158"><ele>189</ele></trkpt>
    <trkpt lat="42.716356" lon="141.437402"><ele>189</ele></trkpt>
    <trkpt lat="42.716360" lon="141.437647"><ele>189</ele></trkpt>
    <trkpt lat="42.716361" lon="141.437892"><ele>189</ele></trkpt>
    <trkpt lat="42.716361" lon="141.438137"><ele>189</ele></trkpt>
    <trkpt lat="42.716355" lon="141.438382"><ele>189</ele></trkpt>
    <trkpt lat="42.716351" lon="141.438626"><ele>189</ele></trkpt>
    <trkpt lat="42.716348" lon="141.438871"><ele>189</ele></trkpt>
    <trkpt lat="42.716342" lon="141.439116"><ele>189</ele></trkpt>
    <trkpt lat="42.716339" lon="141.439360"><ele>189</ele></trkpt>
    <trkpt lat="42.716339" lon="141.439605"><ele>189</ele></trkpt>
    <trkpt lat="42.716345" lon="141.439850"><ele>189</ele></trkpt>
    <trkpt lat="42.716346" lon="141.440095"><ele>189</ele></trkpt>
    <trkpt lat="42.716342" lon="141.440339"><ele>189</ele></trkpt>
    <trkpt lat="42.716335" lon="141.440584"><ele>189</ele></trkpt>
    <trkpt lat="42.716335" lon="141.440829"><ele>189</ele></trkpt>
    <trkpt lat="42.716339" lon="141.441074"><ele>189</ele></trkpt>
    <trkpt lat="42.716333" lon="141.441318"><ele>189</ele></trkpt>
    <trkpt lat="42.716338" lon="141.441563"><ele>189</ele></trkpt>
    <trkpt lat="42.716335" lon="141.441808"><ele>189</ele></trkpt>
    <trkpt lat="42.716338" lon="141.442053"><ele>189</ele></trkpt>
    <trkpt lat="42.716331" lon="141.442297"><ele>189</ele></trkpt>
    <trkpt lat="42.716328" lon="141.442542"><ele>189</ele></trkpt>
    <trkpt lat="42.716325" lon="141.442787"><ele>189</ele></trkpt>
    <trkpt lat="42.716326" lon="141.443032"><ele>189</ele></trkpt>
    <trkpt lat="42.716330" lon="141.443276"><ele>189</ele></trkpt>
    <trkpt lat="42.716326" lon="141.443521"><ele>189</ele></trkpt>
    <trkpt lat="42.716325" lon="141.443766"><ele>189</ele></trkpt>
    <trkpt lat="42.716319" lon="141.444011"><ele>189</ele></trkpt>
    <trkpt lat="42.716323" lon="141.444255"><ele>188</ele></trkpt>
    <trkpt lat="42.716317" lon="141.444500"><ele>188</ele></trkpt>
    <trkpt lat="42.716315" lon="141.444745"><ele>188</ele></trkpt>
    <trkpt lat="42.716311" lon="141.444989"><ele>188</ele></trkpt>
    <trkpt lat="42.716316" lon="141.445234"><ele>188</ele></trkpt>
    <trkpt lat="42.716316" lon="141.445479"><ele>188</ele></trkpt>
    <trkpt lat="42.716320" lon="141.445724"><ele>188</ele></trkpt>
    <trkpt lat="42.716317" lon="141.445969"><ele>188</ele></trkpt>
    <trkpt lat="42.716313" lon="141.446213"><ele>188</ele></trkpt>
    <trkpt lat="42.716314" lon="141.446458"><ele>188</ele></trkpt>
    <trkpt lat="42.716311" lon="141.446703"><ele>188</ele></trkpt>
    <trkpt lat="42.716316" lon="141.446948"><ele>188</ele></trkpt>
    <trkpt lat="42.716310" lon="141.447192"><ele>188</ele></trkpt>
    <trkpt lat="42.716314" lon="141.447437"><ele>188</ele></trkpt>
    <trkpt lat="42.716313" lon="141.447682"><ele>188</ele></trkpt>
    <trkpt lat="42.716317" lon="141.447927"><ele>188</ele></trkpt>
    <trkpt lat="42.716320" lon="141.448171"><ele>188</ele></trkpt>
    <trkpt lat="42.716323" lon="141.448416"><ele>188</ele></trkpt>
    <trkpt lat="42.716319" lon="141.448661"><ele>188</ele></trkpt>
    <trkpt lat="42.716313" lon="141.448905"><ele>188</ele></trkpt>
    <trkpt lat="42.716308" lon="141.449150"><ele>188</ele></trkpt>
    <trkpt lat="42.716303" lon="141.449395"><ele>188</ele></trkpt>
    <trkpt lat="42.716298" lon="141.449640"><ele>188</ele></trkpt>
    <trkpt lat="42.716299" lon="141.449884"><ele>188</ele></trkpt>
    <trkpt lat="42.716294" lon="141.450129"><ele>188</ele></trkpt>
    <trkpt lat="42.716294" lon="141.450374"><ele>188</ele></trkpt>
    <trkpt lat="42.716295" lon="141.450619"><ele>188</ele></trkpt>
    <trkpt lat="42.716290" lon="141.450863"><ele>188</ele></trkpt>
    <trkpt lat="42.716284" lon="141.451108"><ele>188</ele></trkpt>
    <trkpt lat="42.716282" lon="141.451353"><ele>188</ele></trkpt>
    <trkpt lat="42.716283" lon="141.451598"><ele>188</ele></trkpt>
    <trkpt lat="42.716286" lon="141.451842"><ele>188</ele></trkpt>
    <trkpt lat="42.716291" lon="141.452087"><ele>188</ele></trkpt>
    <trkpt lat="42.716290" lon="141.452332"><ele>188</ele></trkpt>
    <trkpt lat="42.716285" lon="141.452577"><ele>188</ele></trkpt>
    <trkpt lat="42.716290" lon="141.452821"><ele>188</ele></trkpt>
    <trkpt lat="42.716286" lon="141.453066"><ele>188</ele></trkpt>
    <trkpt lat="42.716284" lon="141.453311"><ele>188</ele></trkpt>
    <trkpt lat="42.716282" lon="141.453556"><ele>188</ele></trkpt>
    <trkpt lat="42.716287" lon="141.453800"><ele>188</ele></trkpt>
    <trkpt lat="42.716287" lon="141.454045"><ele>188</ele></trkpt>
    <trkpt lat="42.716289" lon="141.454290"><ele>188</ele></trkpt>
    <trkpt lat="42.716295" lon="141.454535"><ele>188</ele></trkpt>
    <trkpt lat="42.716295" lon="141.454780"><ele>188</ele></trkpt>
    <trkpt lat="42.716301" lon="141.455024"><ele>188</ele></trkpt>
    <trkpt lat="42.716302" lon="141.455269"><ele>188</ele></trkpt>
    <trkpt lat="42.716301" lon="141.455514"><ele>187</ele></trkpt>
    <trkpt lat="42.716297" lon="141.455759"><ele>187</ele></trkpt>
    <trkpt lat="42.716296" lon="141.456003"><ele>187</ele></trkpt>
    <trkpt lat="42.716300" lon="141.456248"><ele>187</ele></trkpt>
    <trkpt lat="42.716294" lon="141.456493"><ele>187</ele></trkpt>
    <trkpt lat="42.716293" lon="141.456738"><ele>187</ele></trkpt>
    <trkpt lat="42.716296" lon="141.456982"><ele>187</ele></trkpt>
    <trkpt lat="42.716299" lon="141.457227"><ele>187</ele></trkpt>
    <trkpt lat="42.716293" lon="141.457472"><ele>187</ele></trkpt>
    <trkpt lat="42.716297" lon="141.457717"><ele>187</ele></trkpt>
    <trkpt lat="42.716291" lon="141.457961"><ele>187</ele></trkpt>
    <trkpt lat="42.716297" lon="141.458206"><ele>187</ele></trkpt>
    <trkpt lat="42.716293" lon="141.458451"><ele>187</ele></trkpt>
    <trkpt lat="42.716287" lon="141.458695"><ele>187</ele></trkpt>
    <trkpt lat="42.716286" lon="141.458940"><ele>187</ele></trkpt>
    <trkpt lat="42.716287" lon="141.459185"><ele>187</ele></trkpt>
    <trkpt lat="42.716288" lon="141.459430"><ele>187</ele></trkpt>
    <trkpt lat="42.716285" lon="141.459675"><ele>187</ele></trkpt>
    <trkpt lat="42.716291" lon="141.459919"><ele>187</ele></trkpt>
    <trkpt lat="42.716286" lon="141.460164"><ele>187</ele></trkpt>
    <trkpt lat="42.716282" lon="141.460409"><ele>187</ele></trkpt>
    <trkpt lat="42.716283" lon="141.460653"><ele>187</ele></trkpt>
    <trkpt lat="42.716278" lon="141.460898"><ele>187</ele></trkpt>
    <trkpt lat="42.716278" lon="141.461143"><ele>187</ele></trkpt>
    <trkpt lat="42.716272" lon="141.461388"><ele>187</ele></trkpt>
    <trkpt lat="42.716278" lon="141.461632"><ele>187</ele></trkpt>
    <trkpt lat="42.716272" lon="141.461877"><ele>187</ele></trkpt>
    <trkpt lat="42.716268" lon="141.462122"><ele>187</ele></trkpt>
    <trkpt lat="42.716265" lon="141.462367"><ele>187</ele></trkpt>
    <trkpt lat="42.716266" lon="141.462611"><ele>187</ele></trkpt>
    <trkpt lat="42.716266" lon="141.462856"><ele>187</ele></trkpt>
    <trkpt lat="42.716264" lon="141.463101"><ele>187</ele></trkpt>
    <trkpt lat="42.716262" lon="141.463346"><ele>187</ele></trkpt>
    <trkpt lat="42.716267" lon="141.463590"><ele>187</ele></trkpt>
    <trkpt lat="42.716273" lon="141.463835"><ele>187</ele></trkpt>
    <trkpt lat="42.716278" lon="141.464080"><ele>187</ele></trkpt>
    <trkpt lat="42.716276" lon="141.464325"><ele>186</ele></trkpt>
    <trkpt lat="42.716281" lon="141.464569"><ele>186</ele></trkpt>
    <trkpt lat="42.716276" lon="141.464814"><ele>186</ele></trkpt>
    <trkpt lat="42.716276" lon="141.465059"><ele>186</ele></trkpt>
    <trkpt lat="42.716273" lon="141.465304"><ele>186</ele></trkpt>
    <trkpt lat="42.716275" lon="141.465548"><ele>186</ele></trkpt>
    <trkpt lat="42.716277" lon="141.465793"><ele>186</ele></trkpt>
    <trkpt lat="42.716282" lon="141.466038"><ele>186</ele></trkpt>
    <trkpt lat="42.716288" lon="141.466283"><ele>186</ele></trkpt>
    <trkpt lat="42.716283" lon="141.466527"><ele>186</ele></trkpt>
    <trkpt lat="42.716281" lon="141.466772"><ele>186</ele></trkpt>
    <trkpt lat="42.716279" lon="141.467017"><ele>186</ele></trkpt>
    <trkpt lat="42.716282" lon="141.467262"><ele>186</ele></trkpt>
    <trkpt lat="42.716288" lon="141.467506"><ele>186</ele></trkpt>
    <trkpt lat="42.716284" lon="141.467751"><ele>186</ele></trkpt>
    <trkpt lat="42.716277" lon="141.467996"><ele>186</ele></trkpt>
    <trkpt lat="42.716272" lon="141.468240"><ele>186</ele></trkpt>
    <trkpt lat="42.716278" lon="141.468485"><ele>186</ele></trkpt>
    <trkpt lat="42.716283" lon="141.468730"><ele>186</ele></trkpt>
    <trkpt lat="42.716278" lon="141.468975"><ele>186</ele></trkpt>
    <trkpt lat="42.716281" lon="141.469219"><ele>186</ele></trkpt>
    <trkpt lat="42.716275" lon="141.469464"><ele>186</ele></trkpt>
    <trkpt lat="42.716269" lon="141.469709"><ele>186</ele></trkpt>
    <trkpt lat="42.716267" lon="141.469954"><ele>186</ele></trkpt>
    <trkpt lat="42.716266" lon="141.470198"><ele>186</ele></trkpt>
    <trkpt lat="42.716269" lon="141.470443"><ele>186</ele></trkpt>
    <trkpt lat="42.716264" lon="141.470688"><ele>186</ele></trkpt>
    <trkpt lat="42.716264" lon="141.470933"><ele>186</ele></trkpt>
    <trkpt lat="42.716263" lon="141.471177"><ele>186</ele></trkpt>
    <trkpt lat="42.716261" lon="141.471422"><ele>186</ele></trkpt>
    <trkpt lat="42.716258" lon="141.471667"><ele>186</ele></trkpt>
    <trkpt lat="42.716255" lon="141.471912"><ele>186</ele></trkpt>
    <trkpt lat="42.716259" lon="141.472157"><ele>185</ele></trkpt>
    <trkpt lat="42.716255" lon="141.472401"><ele>185</ele></trkpt>
    <trkpt lat="42.716432" lon="141.472358"><ele>185</ele></trkpt>
    <trkpt lat="42.716609" lon="141.472315"><ele>185</ele></trkpt>
    <trkpt lat="42.716787" lon="141.472274"><ele>185</ele></trkpt>
    <trkpt lat="42.716964" lon="141.472233"><ele>185</ele></trkpt>
    <trkpt lat="42.717142" lon="141.472196"><ele>185</ele></trkpt>
    <trkpt lat="42.717319" lon="141.472153"><ele>185</ele></trkpt>
    <trkpt lat="42.717496" lon="141.472113"><ele>185</ele></trkpt>
    <trkpt lat="42.717673" lon="141.472065"><ele>185</ele></trkpt>
    <trkpt lat="42.717850" lon="141.472021"><ele>185</ele></trkpt>
    <trkpt lat="42.718028" lon="141.471986"><ele>185</ele></trkpt>
    <trkpt lat="42.718204" lon="141.471938"><ele>185</ele></trkpt>
    <trkpt lat="42.718382" lon="141.471906"><ele>185</ele></trkpt>
    <trkpt lat="42.718560" lon="141.471872"><ele>185</ele></trkpt>
    <trkpt lat="42.718738" lon="141.471835"><ele>185</ele></trkpt>
    <trkpt lat="42.718916" lon="141.471802"><ele>185</ele></trkpt>
    <trkpt lat="42.719094" lon="141.471759"><ele>185</ele></trkpt>
    <trkpt lat="42.719271" lon="141.471716"><ele>185</ele></trkpt>
    <trkpt lat="42.719447" lon="141.471670"><ele>185</ele></trkpt>
    <trkpt lat="42.719625" lon="141.471636"><ele>185</ele></trkpt>
    <trkpt lat="42.719802" lon="141.471593"><ele>185</ele></trkpt>
    <trkpt lat="42.719981" lon="141.471559"><ele>185</ele></trkpt>
    <trkpt lat="42.720158" lon="141.471516"><ele>185</ele></trkpt>
    <trkpt lat="42.720335" lon="141.471472"><ele>185</ele></trkpt>
    <trkpt lat="42.720512" lon="141.471434"><ele>185</ele></trkpt>
    <trkpt lat="42.720689" lon="141.471387"><ele>185</ele></trkpt>
    <trkpt lat="42.720866" lon="141.471349"><ele>185</ele></trkpt>
    <trkpt lat="42.721044" lon="141.471306"><ele>185</ele></trkpt>
    <trkpt lat="42.721222" lon="141.471275"><ele>184</ele></trkpt>
    <trkpt lat="42.721399" lon="141.471235"><ele>184</ele></trkpt>
    <trkpt lat="42.721576" lon="141.471188"><ele>184</ele></trkpt>
    <trkpt lat="42.721753" lon="141.471148"><ele>184</ele></trkpt>
    <trkpt lat="42.721931" lon="141.471113"><ele>184</ele></trkpt>
    <trkpt lat="42.722109" lon="141.471078"><ele>184</ele></trkpt>
    <trkpt lat="42.722287" lon="141.471040"><ele>184</ele></trkpt>
    <trkpt lat="42.722465" lon="141.471001"><ele>184</ele></trkpt>
    <trkpt lat="42.722643" lon="141.470969"><ele>184</ele></trkpt>
    <trkpt lat="42.722821" lon="141.470937"><ele>184</ele></trkpt>
    <trkpt lat="42.722999" lon="141.470899"><ele>184</ele></trkpt>
    <trkpt lat="42.723177" lon="141.470864"><ele>184</ele></trkpt>
    <trkpt lat="42.723355" lon="141.470826"><ele>184</ele></trkpt>
    <trkpt lat="42.723532" lon="141.470785"><ele>184</ele></trkpt>
    <trkpt lat="42.723710" lon="141.470746"><ele>184</ele></trkpt>
    <trkpt lat="42.723888" lon="141.470710"><ele>184</ele></trkpt>
    <trkpt lat="42.724065" lon="141.470674"><ele>184</ele></trkpt>
    <trkpt lat="42.724242" lon="141.470626"><ele>184</ele></trkpt>
    <trkpt lat="42.724420" lon="141.470590"><ele>184</ele></trkpt>
    <trkpt lat="42.724598" lon="141.470557"><ele>184</ele></trkpt>
    <trkpt lat="42.724775" lon="141.470513"><ele>184</ele></trkpt>
    <trkpt lat="42.724952" lon="141.470467"><ele>184</ele></trkpt>
    <trkpt lat="42.725129" lon="141.470427"><ele>184</ele></trkpt>
    <trkpt lat="42.725306" lon="141.470386"><ele>184</ele></trkpt>
    <trkpt lat="42.725484" lon="141.470345"><ele>184</ele></trkpt>
    <trkpt lat="42.725661" lon="141.470302"><ele>184</ele></trkpt>
    <trkpt lat="42.725838" lon="141.470261"><ele>183</ele></trkpt>
    <trkpt lat="42.726016" lon="141.470229"><ele>183</ele></trkpt>
    <trkpt lat="42.726194" lon="141.470194"><ele>183</ele></trkpt>
    <trkpt lat="42.726372" lon="141.470154"><ele>183</ele></trkpt>
    <trkpt lat="42.726549" lon="141.470108"><ele>183</ele></trkpt>
    <trkpt lat="42.726727" lon="141.470075"><ele>183</ele></trkpt>
    <trkpt lat="42.726904" lon="141.470037"><ele>183</ele></trkpt>
    <trkpt lat="42.727082" lon="141.469995"><ele>183</ele></trkpt>
    <trkpt lat="42.727259" lon="141.469955"><ele>183</ele></trkpt>
    <trkpt lat="42.727436" lon="141.469909"><ele>183</ele></trkpt>
    <trkpt lat="42.727614" lon="141.469875"><ele>183</ele></trkpt>
    <trkpt lat="42.727792" lon="141.469838"><ele>183</ele></trkpt>
    <trkpt lat="42.727969" lon="141.469795"><ele>183</ele></trkpt>
    <trkpt lat="42.728146" lon="141.469751"><ele>183</ele></trkpt>
    <trkpt lat="42.728323" lon="141.469711"><ele>183</ele></trkpt>
    <trkpt lat="42.728501" lon="141.469672"><ele>183</ele></trkpt>
    <trkpt lat="42.728678" lon="141.469632"><ele>183</ele></trkpt>
    <trkpt lat="42.728856" lon="141.469597"><ele>183</ele></trkpt>
    <trkpt lat="42.729034" lon="141.469561"><ele>183</ele></trkpt>
    <trkpt lat="42.729212" lon="141.469529"><ele>183</ele></trkpt>
    <trkpt lat="42.729390" lon="141.469488"><ele>183</ele></trkpt>
    <trkpt lat="42.729568" lon="141.469456"><ele>183</ele></trkpt>
    <trkpt lat="42.729746" lon="141.469421"><ele>183</ele></trkpt>
    <trkpt lat="42.729923" lon="141.469376"><ele>183</ele></trkpt>
    <trkpt lat="42.730100" lon="141.469336"><ele>182</ele></trkpt>
    <trkpt lat="42.730277" lon="141.469288"><ele>182</ele></trkpt>
    <trkpt lat="42.730454" lon="141.469250"><ele>182</ele></trkpt>
    <trkpt lat="42.730632" lon="141.469215"><ele>182</ele></trkpt>
    <trkpt lat="42.730809" lon="141.469171"><ele>182</ele></trkpt>
    <trkpt lat="42.730987" lon="141.469138"><ele>182</ele></trkpt>
    <trkpt lat="42.731165" lon="141.469096"><ele>182</ele></trkpt>
    <trkpt lat="42.731342" lon="141.469057"><ele>182</ele></trkpt>
    <trkpt lat="42.731520" lon="141.469022"><ele>182</ele></trkpt>
    <trkpt lat="42.731698" lon="141.468988"><ele>182</ele></trkpt>
    <trkpt lat="42.731876" lon="141.468949"><ele>182</ele></trkpt>
    <trkpt lat="42.732053" lon="141.468907"><ele>182</ele></trkpt>
    <trkpt lat="42.732231" lon="141.468868"><ele>182</ele></trkpt>
    <trkpt lat="42.732408" lon="141.468831"><ele>182</ele></trkpt>
    <trkpt lat="42.732587" lon="141.468800"><ele>182</ele></trkpt>
    <trkpt lat="42.732764" lon="141.468761"><ele>182</ele></trkpt>
    <trkpt lat="42.732942" lon="141.468726"><ele>182</ele></trkpt>
    <trkpt lat="42.733120" lon="141.468687"><ele>182</ele></trkpt>
    <trkpt lat="42.733298" lon="141.468650"><ele>182</ele></trkpt>
    <trkpt lat="42.733475" lon="141.468610"><ele>182</ele></trkpt>
    <trkpt lat="42.733652" lon="141.468566"><ele>182</ele></trkpt>
    <trkpt lat="42.733829" lon="141.468522"><ele>182</ele></trkpt>
    <trkpt lat="42.734007" lon="141.468486"><ele>182</ele></trkpt>
    <trkpt lat="42.734183" lon="141.468438"><ele>181</ele></trkpt>
    <trkpt lat="42.734362" lon="141.468404"><ele>181</ele></trkpt>
    <trkpt lat="42.734539" lon="141.468363"><ele>181</ele></trkpt>
    <trkpt lat="42.734716" lon="141.468318"><ele>181</ele></trkpt>
    <trkpt lat="42.734894" lon="141.468286"><ele>181</ele></trkpt>
    <trkpt lat="42.735071" lon="141.468239"><ele>181</ele></trkpt>
    <trkpt lat="42.735247" lon="141.468194"><ele>181</ele></trkpt>
    <trkpt lat="42.735425" lon="141.468156"><ele>181</ele></trkpt>
    <trkpt lat="42.735602" lon="141.468116"><ele>181</ele></trkpt>
    <trkpt lat="42.735780" lon="141.468076"><ele>181</ele></trkpt>
    <trkpt lat="42.735958" lon="141.468038"><ele>181</ele></trkpt>
    <trkpt lat="42.736135" lon="141.468000"><ele>181</ele></trkpt>
    <trkpt lat="42.736313" lon="141.467961"><ele>181</ele></trkpt>
    <trkpt lat="42.736491" lon="141.467928"><ele>181</ele></trkpt>
    <trkpt lat="42.736669" lon="141.467895"><ele>181</ele></trkpt>
    <trkpt lat="42.736847" lon="141.467859"><ele>181</ele></trkpt>
    <trkpt lat="42.737024" lon="141.467811"><ele>181</ele></trkpt>
    <trkpt lat="42.737201" lon="141.467771"><ele>181</ele></trkpt>
    <trkpt lat="42.737378" lon="141.467724"><ele>181</ele></trkpt>
    <trkpt lat="42.737556" lon="141.467691"><ele>181</ele></trkpt>
    <trkpt lat="42.737734" lon="141.467657"><ele>181</ele></trkpt>
    <trkpt lat="42.737911" lon="141.467617"><ele>180</ele></trkpt>
    <trkpt lat="42.738089" lon="141.467575"><ele>180</ele></trkpt>
    <trkpt lat="42.738266" lon="141.467532"><ele>180</ele></trkpt>
    <trkpt lat="42.738442" lon="141.467486"><ele>180</ele></trkpt>
    <trkpt lat="42.738620" lon="141.467445"><ele>180</ele></trkpt>
    <trkpt lat="42.738797" lon="141.467408"><ele>180</ele></trkpt>
    <trkpt lat="42.738976" lon="141.467375"><ele>180</ele></trkpt>
    <trkpt lat="42.739154" lon="141.467342"><ele>180</ele></trkpt>
    <trkpt lat="42.739332" lon="141.467305"><ele>180</ele></trkpt>
    <trkpt lat="42.739509" lon="141.467261"><ele>180</ele></trkpt>
    <trkpt lat="42.739685" lon="141.467215"><ele>180</ele></trkpt>
    <trkpt lat="42.739863" lon="141.467176"><ele>180</ele></trkpt>
    <trkpt lat="42.740041" lon="141.467140"><ele>180</ele></trkpt>
    <trkpt lat="42.740217" lon="141.467093"><ele>180</ele></trkpt>
    <trkpt lat="42.740394" lon="141.467047"><ele>180</ele></trkpt>
    <trkpt lat="42.740572" lon="141.467009"><ele>180</ele></trkpt>
    <trkpt lat="42.740748" lon="141.466961"><ele>180</ele></trkpt>
    <trkpt lat="42.740925" lon="141.466917"><ele>180</ele></trkpt>
    <trkpt lat="42.741103" lon="141.466885"><ele>180</ele></trkpt>
    <trkpt lat="42.741281" lon="141.466852"><ele>180</ele></trkpt>
    <trkpt lat="42.741459" lon="141.466813"><ele>179</ele></trkpt>
    <trkpt lat="42.741637" lon="141.466775"><ele>179</ele></trkpt>
    <trkpt lat="42.741814" lon="141.466738"><ele>179</ele></trkpt>
    <trkpt lat="42.741991" lon="141.466691"><ele>179</ele></trkpt>
    <trkpt lat="42.742167" lon="141.466643"><ele>179</ele></trkpt>
    <trkpt lat="42.742346" lon="141.466610"><ele>179</ele></trkpt>
    <trkpt lat="42.742523" lon="141.466567"><ele>179</ele></trkpt>
    <trkpt lat="42.742701" lon="141.466533"><ele>179</ele></trkpt>
    <trkpt lat="42.742879" lon="141.466497"><ele>179</ele></trkpt>
    <trkpt lat="42.743056" lon="141.466457"><ele>179</ele></trkpt>
    <trkpt lat="42.743233" lon="141.466414"><ele>179</ele></trkpt>
    <trkpt lat="42.743410" lon="141.466370"><ele>179</ele></trkpt>
    <trkpt lat="42.743587" lon="141.466322"><ele>179</ele></trkpt>
    <trkpt lat="42.743763" lon="141.466277"><ele>179</ele></trkpt>
    <trkpt lat="42.743941" lon="141.466236"><ele>179</ele></trkpt>
    <trkpt lat="42.744118" lon="141.466193"><ele>179</ele></trkpt>
    <trkpt lat="42.744294" lon="141.466146"><ele>179</ele></trkpt>
    <trkpt lat="42.744472" lon="141.466112"><ele>179</ele></trkpt>
    <trkpt lat="42.744649" lon="141.466065"><ele>179</ele></trkpt>
    <trkpt lat="42.744826" lon="141.466019"><ele>179</ele></trkpt>
    <trkpt lat="42.745002" lon="141.465974"><ele>178</ele></trkpt>
    <trkpt lat="42.745180" lon="141.465939"><ele>178</ele></trkpt>
    <trkpt lat="42.745358" lon="141.465903"><ele>178</ele></trkpt>
    <trkpt lat="42.745536" lon="141.465864"><ele>178</ele></trkpt>
    <trkpt lat="42.745714" lon="141.465831"><ele>178</ele></trkpt>
    <trkpt lat="42.745892" lon="141.465793"><ele>178</ele></trkpt>
    <trkpt lat="42.746070" lon="141.465759"><ele>178</ele></trkpt>
    <trkpt lat="42.746247" lon="141.465717"><ele>178</ele></trkpt>
    <trkpt lat="42.746424" lon="141.465676"><ele>178</ele></trkpt>
    <trkpt lat="42.746602" lon="141.465640"><ele>178</ele></trkpt>
    <trkpt lat="42.746780" lon="141.465606"><ele>178</ele></trkpt>
    <trkpt lat="42.746957" lon="141.465560"><ele>178</ele></trkpt>
    <trkpt lat="42.747135" lon="141.465525"><ele>178</ele></trkpt>
    <trkpt lat="42.747313" lon="141.465490"><ele>178</ele></trkpt>
    <trkpt lat="42.747491" lon="141.465450"><ele>178</ele></trkpt>
    <trkpt lat="42.747668" lon="141.465406"><ele>178</ele></trkpt>
    <trkpt lat="42.747846" lon="141.465373"><ele>178</ele></trkpt>
    <trkpt lat="42.748024" lon="141.465338"><ele>178</ele></trkpt>
    <trkpt lat="42.748200" lon="141.465292"><ele>177</ele></trkpt>
    <trkpt lat="42.748377" lon="141.465244"><ele>177</ele></trkpt>
    <trkpt lat="42.748555" lon="141.465207"><ele>177</ele></trkpt>
    <trkpt lat="42.748731" lon="141.465160"><ele>177</ele></trkpt>
    <trkpt lat="42.748908" lon="141.465112"><ele>177</ele></trkpt>
    <trkpt lat="42.749085" lon="141.465075"><ele>177</ele></trkpt>
    <trkpt lat="42.749263" lon="141.465034"><ele>177</ele></trkpt>
    <trkpt lat="42.749441" lon="141.465000"><ele>177</ele></trkpt>
    <trkpt lat="42.749618" lon="141.464958"><ele>177</ele></trkpt>
    <trkpt lat="42.749795" lon="141.464911"><ele>177</ele></trkpt>
    <trkpt lat="42.749972" lon="141.464871"><ele>177</ele></trkpt>
    <trkpt lat="42.750150" lon="141.464838"><ele>177</ele></trkpt>
    <trkpt lat="42.750327" lon="141.464795"><ele>177</ele></trkpt>
    <trkpt lat="42.750505" lon="141.464755"><ele>177</ele></trkpt>
    <trkpt lat="42.750683" lon="141.464718"><ele>177</ele></trkpt>
    <trkpt lat="42.750859" lon="141.464673"><ele>177</ele></trkpt>
    <trkpt lat="42.751038" lon="141.464639"><ele>177</ele></trkpt>
    <trkpt lat="42.751214" lon="141.464595"><ele>177</ele></trkpt>
    <trkpt lat="42.751393" lon="141.464564"><ele>176</ele></trkpt>
    <trkpt lat="42.751569" lon="141.464517"><ele>176</ele></trkpt>
    <trkpt lat="42.751747" lon="141.464483"><ele>176</ele></trkpt>
    <trkpt lat="42.751925" lon="141.464440"><ele>176</ele></trkpt>
    <trkpt lat="42.752102" lon="141.464398"><ele>176</ele></trkpt>
    <trkpt lat="42.752280" lon="141.464365"><ele>176</ele></trkpt>
    <trkpt lat="42.752457" lon="141.464322"><ele>176</ele></trkpt>
    <trkpt lat="42.752634" lon="141.464280"><ele>176</ele></trkpt>
    <trkpt lat="42.752812" lon="141.464244"><ele>176</ele></trkpt>
    <trkpt lat="42.752990" lon="141.464209"><ele>176</ele></trkpt>
    <trkpt lat="42.753167" lon="141.464162"><ele>176</ele></trkpt>
    <trkpt lat="42.753345" lon="141.464130"><ele>176</ele></trkpt>
    <trkpt lat="42.753523" lon="141.464094"><ele>176</ele></trkpt>
    <trkpt lat="42.753700" lon="141.464049"><ele>176</ele></trkpt>
    <trkpt lat="42.753878" lon="141.464018"><ele>176</ele></trkpt>
    <trkpt lat="42.754055" lon="141.463975"><ele>176</ele></trkpt>
    <trkpt lat="42.754233" lon="141.463934"><ele>176</ele></trkpt>
    <trkpt lat="42.754410" lon="141.463897"><ele>175</ele></trkpt>
    <trkpt lat="42.754587" lon="141.463850"><ele>175</ele></trkpt>
    <trkpt lat="42.754765" lon="141.463816"><ele>175</ele></trkpt>
    <trkpt lat="42.754943" lon="141.463780"><ele>175</ele></trkpt>
    <trkpt lat="42.755121" lon="141.463748"><ele>175</ele></trkpt>
    <trkpt lat="42.755299" lon="141.463710"><ele>175</ele></trkpt>
    <trkpt lat="42.755477" lon="141.463671"><ele>175</ele></trkpt>
    <trkpt lat="42.755654" lon="141.463632"><ele>175</ele></trkpt>
    <trkpt lat="42.755832" lon="141.463596"><ele>175</ele></trkpt>
    <trkpt lat="42.756008" lon="141.463548"><ele>175</ele></trkpt>
    <trkpt lat="42.756186" lon="141.463514"><ele>175</ele></trkpt>
    <trkpt lat="42.756364" lon="141.463475"><ele>175</ele></trkpt>
    <trkpt lat="42.756542" lon="141.463441"><ele>175</ele></trkpt>
    <trkpt lat="42.756720" lon="141.463407"><ele>175</ele></trkpt>
    <trkpt lat="42.756898" lon="141.463367"><ele>175</ele></trkpt>
    <trkpt lat="42.757076" lon="141.463333"><ele>175</ele></trkpt>
    <trkpt lat="42.757253" lon="141.463290"><ele>175</ele></trkpt>
    <trkpt lat="42.757431" lon="141.463257"><ele>174</ele></trkpt>
    <trkpt lat="42.757608" lon="141.463211"><ele>174</ele></trkpt>
    <trkpt lat="42.757786" lon="141.463176"><ele>174</ele></trkpt>
    <trkpt lat="42.757963" lon="141.463132"><ele>174</ele></trkpt>
    <trkpt lat="42.758141" lon="141.463095"><ele>174</ele></trkpt>
    <trkpt lat="42.758317" lon="141.463050"><ele>174</ele></trkpt>
    <trkpt lat="42.758495" lon="141.463008"><ele>174</ele></trkpt>
    <trkpt lat="42.758672" lon="141.462971"><ele>174</ele></trkpt>
    <trkpt lat="42.758851" lon="141.462937"><ele>174</ele></trkpt>
    <trkpt lat="42.759028" lon="141.462895"><ele>174</ele></trkpt>
    <trkpt lat="42.759205" lon="141.462851"><ele>174</ele></trkpt>
    <trkpt lat="42.759382" lon="141.462812"><ele>174</ele></trkpt>
    <trkpt lat="42.759560" lon="141.462776"><ele>174</ele></trkpt>
    <trkpt lat="42.759738" lon="141.462740"><ele>174</ele></trkpt>
    <trkpt lat="42.759915" lon="141.462699"><ele>174</ele></trkpt>
    <trkpt lat="42.760093" lon="141.462662"><ele>174</ele></trkpt>
    <trkpt lat="42.760271" lon="141.462625"><ele>173</ele></trkpt>
    <trkpt lat="42.760449" lon="141.462588"><ele>173</ele></trkpt>
    <trkpt lat="42.760626" lon="141.462547"><ele>173</ele></trkpt>
    <trkpt lat="42.760804" lon="141.462512"><ele>173</ele></trkpt>
    <trkpt lat="42.760982" lon="141.462472"><ele>173</ele></trkpt>
    <trkpt lat="42.761159" lon="141.462430"><ele>173</ele></trkpt>
    <trkpt lat="42.761336" lon="141.462386"><ele>173</ele></trkpt>
    <trkpt lat="42.761514" lon="141.462355"><ele>173</ele></trkpt>
    <trkpt lat="42.761692" lon="141.462322"><ele>173</ele></trkpt>
    <trkpt lat="42.761869" lon="141.462275"><ele>173</ele></trkpt>
    <trkpt lat="42.762047" lon="141.462237"><ele>173</ele></trkpt>
    <trkpt lat="42.762223" lon="141.462189"><ele>173</ele></trkpt>
    <trkpt lat="42.762399" lon="141.462142"><ele>173</ele></trkpt>
    <trkpt lat="42.762578" lon="141.462107"><ele>173</ele></trkpt>
    <trkpt lat="42.762755" lon="141.462071"><ele>173</ele></trkpt>
    <trkpt lat="42.762932" lon="141.462025"><ele>173</ele></trkpt>
    <trkpt lat="42.763108" lon="141.461977"><ele>172</ele></trkpt>
    <trkpt lat="42.763285" lon="141.461933"><ele>172</ele></trkpt>
    <trkpt lat="42.763463" lon="141.461894"><ele>172</ele></trkpt>
    <trkpt lat="42.763640" lon="141.461851"><ele>172</ele></trkpt>
    <trkpt lat="42.763818" lon="141.461817"><ele>172</ele></trkpt>
    <trkpt lat="42.763996" lon="141.461776"><ele>172</ele></trkpt>
    <trkpt lat="42.764173" lon="141.461733"><ele>172</ele></trkpt>
    <trkpt lat="42.764350" lon="141.461696"><ele>172</ele></trkpt>
    <trkpt lat="42.764529" lon="141.461665"><ele>172</ele></trkpt>
    <trkpt lat="42.764706" lon="141.461620"><ele>172</ele></trkpt>
    <trkpt lat="42.764884" lon="141.461585"><ele>172</ele></trkpt>
    <trkpt lat="42.765061" lon="141.461544"><ele>172</ele></trkpt>
    <trkpt lat="42.765239" lon="141.461510"><ele>172</ele></trkpt>
    <trkpt lat="42.765416" lon="141.461468"><ele>172</ele></trkpt>
    <trkpt lat="42.765593" lon="141.461422"><ele>172</ele></trkpt>
    <trkpt lat="42.765771" lon="141.461384"><ele>171</ele></trkpt>
    <trkpt lat="42.765947" lon="141.461336"><ele>171</ele></trkpt>
    <trkpt lat="42.766125" lon="141.461302"><ele>171</ele></trkpt>
    <trkpt lat="42.766303" lon="141.461265"><ele>171</ele></trkpt>
    <trkpt lat="42.766480" lon="141.461222"><ele>171</ele></trkpt>
    <trkpt lat="42.766656" lon="141.461175"><ele>171</ele></trkpt>
    <trkpt lat="42.766833" lon="141.461127"><ele>171</ele></trkpt>
    <trkpt lat="42.767009" lon="141.461079"><ele>171</ele></trkpt>
    <trkpt lat="42.767187" lon="141.461041"><ele>171</ele></trkpt>
    <trkpt lat="42.767364" lon="141.460995"><ele>171</ele></trkpt>
    <trkpt lat="42.767542" lon="141.460960"><ele>171</ele></trkpt>
    <trkpt lat="42.767720" lon="141.460927"><ele>171</ele></trkpt>
    <trkpt lat="42.767898" lon="141.460892"><ele>171</ele></trkpt>
    <trkpt lat="42.768076" lon="141.460858"><ele>171</ele></trkpt>
    <trkpt lat="42.768254" lon="141.460824"><ele>171</ele></trkpt>
    <trkpt lat="42.768432" lon="141.460791"><ele>170</ele></trkpt>
    <trkpt lat="42.768609" lon="141.460744"><ele>170</ele></trkpt>
    <trkpt lat="42.768787" lon="141.460712"><ele>170</ele></trkpt>
    <trkpt lat="42.768965" lon="141.460673"><ele>170</ele></trkpt>
    <trkpt lat="42.769142" lon="141.460627"><ele>170</ele></trkpt>
    <trkpt lat="42.769319" lon="141.460589"><ele>170</ele></trkpt>
    <trkpt lat="42.769496" lon="141.460548"><ele>170</ele></trkpt>
    <trkpt lat="42.769674" lon="141.460505"><ele>170</ele></trkpt>
    <trkpt lat="42.769852" lon="141.460472"><ele>170</ele></trkpt>
    <trkpt lat="42.770028" lon="141.460426"><ele>170</ele></trkpt>
    <trkpt lat="42.770205" lon="141.460382"><ele>170</ele></trkpt>
    <trkpt lat="42.770383" lon="141.460341"><ele>170</ele></trkpt>
    <trkpt lat="42.770561" lon="141.460309"><ele>170</ele></trkpt>
    <trkpt lat="42.770738" lon="141.460262"><ele>170</ele></trkpt>
    <trkpt lat="42.770916" lon="141.460228"><ele>170</ele></trkpt>
    <trkpt lat="42.771093" lon="141.460188"><ele>169</ele></trkpt>
    <trkpt lat="42.771271" lon="141.460154"><ele>169</ele></trkpt>
    <trkpt lat="42.771449" lon="141.460119"><ele>169</ele></trkpt>
    <trkpt lat="42.771628" lon="141.460087"><ele>169</ele></trkpt>
    <trkpt lat="42.771806" lon="141.460056"><ele>169</ele></trkpt>
    <trkpt lat="42.771984" lon="141.460022"><ele>169</ele></trkpt>
    <trkpt lat="42.772162" lon="141.459989"><ele>169</ele></trkpt>
    <trkpt lat="42.772341" lon="141.459957"><ele>169</ele></trkpt>
    <trkpt lat="42.772517" lon="141.459909"><ele>169</ele></trkpt>
    <trkpt lat="42.772694" lon="141.459868"><ele>169</ele></trkpt>
    <trkpt lat="42.772873" lon="141.459836"><ele>169</ele></trkpt>
    <trkpt lat="42.773050" lon="141.459793"><ele>169</ele></trkpt>
    <trkpt lat="42.773228" lon="141.459757"><ele>169</ele></trkpt>
    <trkpt lat="42.773404" lon="141.459711"><ele>169</ele></trkpt>
    <trkpt lat="42.773582" lon="141.459669"><ele>168</ele></trkpt>
    <trkpt lat="42.773759" lon="141.459630"><ele>168</ele></trkpt>
    <trkpt lat="42.773937" lon="141.459589"><ele>168</ele></trkpt>
    <trkpt lat="42.774114" lon="141.459552"><ele>168</ele></trkpt>
    <trkpt lat="42.774293" lon="141.459519"><ele>168</ele></trkpt>
    <trkpt lat="42.774470" lon="141.459479"><ele>168</ele></trkpt>
    <trkpt lat="42.774648" lon="141.459446"><ele>168</ele></trkpt>
    <trkpt lat="42.774826" lon="141.459410"><ele>168</ele></trkpt>
    <trkpt lat="42.775004" lon="141.459370"><ele>168</ele></trkpt>
    <trkpt lat="42.775182" lon="141.459339"><ele>168</ele></trkpt>
    <trkpt lat="42.775359" lon="141.459299"><ele>168</ele></trkpt>
    <trkpt lat="42.775537" lon="141.459259"><ele>168</ele></trkpt>
    <trkpt lat="42.775713" lon="141.459211"><ele>168</ele></trkpt>
    <trkpt lat="42.775891" lon="141.459170"><ele>168</ele></trkpt>
    <trkpt lat="42.776069" lon="141.459138"><ele>167</ele></trkpt>
    <trkpt lat="42.776246" lon="141.459095"><ele>167</ele></trkpt>
    <trkpt lat="42.776302" lon="141.459328"><ele>167</ele></trkpt>
    <trkpt lat="42.776366" lon="141.459557"><ele>167</ele></trkpt>
    <trkpt lat="42.776431" lon="141.459785"><ele>167</ele></trkpt>
    <trkpt lat="42.776497" lon="141.460013"><ele>167</ele></trkpt>
    <trkpt lat="42.776555" lon="141.460245"><ele>167</ele></trkpt>
    <trkpt lat="42.776620" lon="141.460474"><ele>167</ele></trkpt>
    <trkpt lat="42.776678" lon="141.460706"><ele>167</ele></trkpt>
    <trkpt lat="42.776739" lon="141.460936"><ele>167</ele></trkpt>
    <trkpt lat="42.776802" lon="141.461166"><ele>167</ele></trkpt>
    <trkpt lat="42.776863" lon="141.461396"><ele>167</ele></trkpt>
    <trkpt lat="42.776929" lon="141.461624"><ele>167</ele></trkpt>
    <trkpt lat="42.776991" lon="141.461854"><ele>166</ele></trkpt>
    <trkpt lat="42.777054" lon="141.462084"><ele>166</ele></trkpt>
    <trkpt lat="42.777121" lon="141.462311"><ele>166</ele></trkpt>
    <trkpt lat="42.777182" lon="141.462542"><ele>166</ele></trkpt>
    <trkpt lat="42.777249" lon="141.462769"><ele>166</ele></trkpt>
    <trkpt lat="42.777315" lon="141.462997"><ele>166</ele></trkpt>
    <trkpt lat="42.777382" lon="141.463224"><ele>166</ele></trkpt>
    <trkpt lat="42.777439" lon="141.463457"><ele>166</ele></trkpt>
    <trkpt lat="42.777505" lon="141.463685"><ele>166</ele></trkpt>
    <trkpt lat="42.777566" lon="141.463915"><ele>166</ele></trkpt>
    <trkpt lat="42.777631" lon="141.464144"><ele>166</ele></trkpt>
    <trkpt lat="42.777688" lon="141.464376"><ele>166</ele></trkpt>
    <trkpt lat="42.777748" lon="141.464607"><ele>166</ele></trkpt>
    <trkpt lat="42.777805" lon="141.464840"><ele>166</ele></trkpt>
    <trkpt lat="42.777861" lon="141.465073"><ele>165</ele></trkpt>
    <trkpt lat="42.777919" lon="141.465305"><ele>165</ele></trkpt>
    <trkpt lat="42.777985" lon="141.465532"><ele>165</ele></trkpt>
    <trkpt lat="42.778049" lon="141.465761"><ele>165</ele></trkpt>
    <trkpt lat="42.778107" lon="141.465994"><ele>165</ele></trkpt>
    <trkpt lat="42.778173" lon="141.466221"><ele>165</ele></trkpt>
    <trkpt lat="42.778238" lon="141.466450"><ele>165</ele></trkpt>
    <trkpt lat="42.778299" lon="141.466680"><ele>165</ele></trkpt>
    <trkpt lat="42.778362" lon="141.466910"><ele>165</ele></trkpt>
    <trkpt lat="42.778427" lon="141.467139"><ele>165</ele></trkpt>
    <trkpt lat="42.778485" lon="141.467370"><ele>165</ele></trkpt>
    <trkpt lat="42.778545" lon="141.467602"><ele>165</ele></trkpt>
    <trkpt lat="42.778605" lon="141.467832"><ele>165</ele></trkpt>
    <trkpt lat="42.778662" lon="141.468065"><ele>164</ele></trkpt>
    <trkpt lat="42.778721" lon="141.468296"><ele>164</ele></trkpt>
    <trkpt lat="42.778781" lon="141.468527"><ele>164</ele></trkpt>
    <trkpt lat="42.778838" lon="141.468760"><ele>164</ele></trkpt>
    <trkpt lat="42.778899" lon="141.468990"><ele>164</ele></trkpt>
    <trkpt lat="42.778964" lon="141.469219"><ele>164</ele></trkpt>
    <trkpt lat="42.779023" lon="141.469450"><ele>164</ele></trkpt>
    <trkpt lat="42.779078" lon="141.469683"><ele>164</ele></trkpt>
    <trkpt lat="42.779144" lon="141.469912"><ele>164</ele></trkpt>
    <trkpt lat="42.779203" lon="141.470143"><ele>164</ele></trkpt>
    <trkpt lat="42.779268" lon="141.470372"><ele>164</ele></trkpt>
    <trkpt lat="42.779324" lon="141.470604"><ele>164</ele></trkpt>
    <trkpt lat="42.779389" lon="141.470833"><ele>164</ele></trkpt>
    <trkpt lat="42.779445" lon="141.471066"><ele>163</ele></trkpt>
    <trkpt lat="42.779502" lon="141.471298"><ele>163</ele></trkpt>
    <trkpt lat="42.779569" lon="141.471526"><ele>163</ele></trkpt>
    <trkpt lat="42.779632" lon="141.471755"><ele>163</ele></trkpt>
    <trkpt lat="42.779699" lon="141.471983"><ele>163</ele></trkpt>
    <trkpt lat="42.779754" lon="141.472216"><ele>163</ele></trkpt>
    <trkpt lat="42.779816" lon="141.472446"><ele>163</ele></trkpt>
    <trkpt lat="42.779882" lon="141.472674"><ele>163</ele></trkpt>
    <trkpt lat="42.779940" lon="141.472906"><ele>163</ele></trkpt>
    <trkpt lat="42.780006" lon="141.473134"><ele>163</ele></trkpt>
    <trkpt lat="42.780062" lon="141.473367"><ele>163</ele></trkpt>
    <trkpt lat="42.780129" lon="141.473595"><ele>163</ele></trkpt>
    <trkpt lat="42.780194" lon="141.473823"><ele>162</ele></trkpt>
    <trkpt lat="42.780260" lon="141.474051"><ele>162</ele></trkpt>
    <trkpt lat="42.780319" lon="141.474282"><ele>162</ele></trkpt>
    <trkpt lat="42.780379" lon="141.474513"><ele>162</ele></trkpt>
    <trkpt lat="42.780437" lon="141.474745"><ele>162</ele></trkpt>
    <trkpt lat="42.780495" lon="141.474977"><ele>162</ele></trkpt>
    <trkpt lat="42.780558" lon="141.475207"><ele>162</ele></trkpt>
    <trkpt lat="42.780614" lon="141.475440"><ele>162</ele></trkpt>
    <trkpt lat="42.780670" lon="141.475673"><ele>162</ele></trkpt>
    <trkpt lat="42.780727" lon="141.475905"><ele>162</ele></trkpt>
    <trkpt lat="42.780782" lon="141.476138"><ele>162</ele></trkpt>
    <trkpt lat="42.780846" lon="141.476367"><ele>162</ele></trkpt>
    <trkpt lat="42.780910" lon="141.476596"><ele>162</ele></trkpt>
    <trkpt lat="42.780977" lon="141.476824"><ele>161</ele></trkpt>
    <trkpt lat="42.781036" lon="141.477055"><ele>161</ele></trkpt>
    <trkpt lat="42.781093" lon="141.477288"><ele>161</ele></trkpt>
    <trkpt lat="42.781155" lon="141.477518"><ele>161</ele></trkpt>
    <trkpt lat="42.781216" lon="141.477748"><ele>161</ele></trkpt>
    <trkpt lat="42.781274" lon="141.477980"><ele>161</ele></trkpt>
    <trkpt lat="42.781336" lon="141.478210"><ele>161</ele></trkpt>
    <trkpt lat="42.781403" lon="141.478438"><ele>161</ele></trkpt>
    <trkpt lat="42.781460" lon="141.478670"><ele>161</ele></trkpt>
    <trkpt lat="42.781527" lon="141.478897"><ele>161</ele></trkpt>
    <trkpt lat="42.781592" lon="141.479126"><ele>161</ele></trkpt>
    <trkpt lat="42.781657" lon="141.479354"><ele>161</ele></trkpt>
    <trkpt lat="42.781716" lon="141.479586"><ele>160</ele></trkpt>
    <trkpt lat="42.781775" lon="141.479818"><ele>160</ele></trkpt>
    <trkpt lat="42.781837" lon="141.480048"><ele>160</ele></trkpt>
    <trkpt lat="42.781897" lon="141.480279"><ele>160</ele></trkpt>
    <trkpt lat="42.781960" lon="141.480508"><ele>160</ele></trkpt>
    <trkpt lat="42.782026" lon="141.480736"><ele>160</ele></trkpt>
    <trkpt lat="42.782083" lon="141.480969"><ele>160</ele></trkpt>
    <trkpt lat="42.782148" lon="141.481197"><ele>160</ele></trkpt>
    <trkpt lat="42.782214" lon="141.481425"><ele>160</ele></trkpt>
    <trkpt lat="42.782277" lon="141.481655"><ele>160</ele></trkpt>
    <trkpt lat="42.782333" lon="141.481887"><ele>160</ele></trkpt>
    <trkpt lat="42.782390" lon="141.482120"><ele>160</ele></trkpt>
    <trkpt lat="42.782451" lon="141.482350"><ele>159</ele></trkpt>
    <trkpt lat="42.782507" lon="141.482583"><ele>159</ele></trkpt>
    <trkpt lat="42.782569" lon="141.482813"><ele>159</ele></trkpt>
    <trkpt lat="42.782629" lon="141.483044"><ele>159</ele></trkpt>
    <trkpt lat="42.782687" lon="141.483276"><ele>159</ele></trkpt>
    <trkpt lat="42.782750" lon="141.483506"><ele>159</ele></trkpt>
    <trkpt lat="42.782813" lon="141.483735"><ele>159</ele></trkpt>
    <trkpt lat="42.782870" lon="141.483968"><ele>159</ele></trkpt>
    <trkpt lat="42.782926" lon="141.484201"><ele>159</ele></trkpt>
    <trkpt lat="42.782990" lon="141.484430"><ele>159</ele></trkpt>
    <trkpt lat="42.783047" lon="141.484662"><ele>159</ele></trkpt>
    <trkpt lat="42.783108" lon="141.484893"><ele>159</ele></trkpt>
    <trkpt lat="42.783173" lon="141.485121"><ele>158</ele></trkpt>
    <trkpt lat="42.783240" lon="141.485349"><ele>158</ele></trkpt>
    <trkpt lat="42.783305" lon="141.485577"><ele>158</ele></trkpt>
    <trkpt lat="42.783366" lon="141.485808"><ele>158</ele></trkpt>
    <trkpt lat="42.783423" lon="141.486040"><ele>158</ele></trkpt>
    <trkpt lat="42.783487" lon="141.486270"><ele>158</ele></trkpt>
    <trkpt lat="42.783549" lon="141.486499"><ele>158</ele></trkpt>
    <trkpt lat="42.783615" lon="141.486727"><ele>158</ele></trkpt>
    <trkpt lat="42.783671" lon="141.486960"><ele>158</ele></trkpt>
    <trkpt lat="42.783730" lon="141.487192"><ele>158</ele></trkpt>
    <trkpt lat="42.783794" lon="141.487421"><ele>158</ele></trkpt>
    <trkpt lat="42.783856" lon="141.487651"><ele>158</ele></trkpt>
    <trkpt lat="42.783919" lon="141.487880"><ele>157</ele></trkpt>
    <trkpt lat="42.783979" lon="141.488111"><ele>157</ele></trkpt>
    <trkpt lat="42.784037" lon="141.488343"><ele>157</ele></trkpt>
    <trkpt lat="42.784096" lon="141.488575"><ele>157</ele></trkpt>
    <trkpt lat="42.784153" lon="141.488807"><ele>157</ele></trkpt>
    <trkpt lat="42.784215" lon="141.489037"><ele>157</ele></trkpt>
    <trkpt lat="42.784281" lon="141.489266"><ele>157</ele></trkpt>
    <trkpt lat="42.784343" lon="141.489496"><ele>157</ele></trkpt>
    <trkpt lat="42.784410" lon="141.489723"><ele>157</ele></trkpt>
    <trkpt lat="42.784466" lon="141.489956"><ele>157</ele></trkpt>
    <trkpt lat="42.784533" lon="141.490183"><ele>157</ele></trkpt>
    <trkpt lat="42.784600" lon="141.490411"><ele>156</ele></trkpt>
    <trkpt lat="42.784661" lon="141.490641"><ele>156</ele></trkpt>
    <trkpt lat="42.784721" lon="141.490872"><ele>156</ele></trkpt>
    <trkpt lat="42.784779" lon="141.491104"><ele>156</ele></trkpt>
    <trkpt lat="42.784843" lon="141.491333"><ele>156</ele></trkpt>
    <trkpt lat="42.784902" lon="141.491565"><ele>156</ele></trkpt>
    <trkpt lat="42.784965" lon="141.491794"><ele>156</ele></trkpt>
    <trkpt lat="42.785030" lon="141.492023"><ele>156</ele></trkpt>
    <trkpt lat="42.785088" lon="141.492255"><ele>156</ele></trkpt>
    <trkpt lat="42.785146" lon="141.492487"><ele>156</ele></trkpt>
    <trkpt lat="42.785208" lon="141.492717"><ele>156</ele></trkpt>
    <trkpt lat="42.785269" lon="141.492948"><ele>156</ele></trkpt>
    <trkpt lat="42.785336" lon="141.493175"><ele>155</ele></trkpt>
    <trkpt lat="42.785391" lon="141.493408"><ele>155</ele></trkpt>
    <trkpt lat="42.785456" lon="141.493637"><ele>155</ele></trkpt>
    <trkpt lat="42.785522" lon="141.493865"><ele>155</ele></trkpt>
    <trkpt lat="42.785582" lon="141.494096"><ele>155</ele></trkpt>
    <trkpt lat="42.785638" lon="141.494329"><ele>155</ele></trkpt>
    <trkpt lat="42.785701" lon="141.494558"><ele>155</ele></trkpt>
    <trkpt lat="42.785758" lon="141.494791"><ele>155</ele></trkpt>
    <trkpt lat="42.785822" lon="141.495020"><ele>155</ele></trkpt>
    <trkpt lat="42.785884" lon="141.495250"><ele>155</ele></trkpt>
    <trkpt lat="42.785945" lon="141.495481"><ele>155</ele></trkpt>
    <trkpt lat="42.786005" lon="141.495712"><ele>154</ele></trkpt>
    <trkpt lat="42.786067" lon="141.495941"><ele>154</ele></trkpt>
    <trkpt lat="42.786126" lon="141.496173"><ele>154</ele></trkpt>
    <trkpt lat="42.786187" lon="141.496403"><ele>154</ele></trkpt>
    <trkpt lat="42.786247" lon="141.496635"><ele>154</ele></trkpt>
    <trkpt lat="42.786309" lon="141.496865"><ele>154</ele></trkpt>
    <trkpt lat="42.786365" lon="141.497098"><ele>154</ele></trkpt>
    <trkpt lat="42.786429" lon="141.497327"><ele>154</ele></trkpt>
    <trkpt lat="42.786485" lon="141.497560"><ele>154</ele></trkpt>
    <trkpt lat="42.786549" lon="141.497789"><ele>154</ele></trkpt>
    <trkpt lat="42.786610" lon="141.498019"><ele>154</ele></trkpt>
    <trkpt lat="42.786677" lon="141.498247"><ele>153</ele></trkpt>
    <trkpt lat="42.786735" lon="141.498478"><ele>153</ele></trkpt>
    <trkpt lat="42.786802" lon="141.498706"><ele>153</ele></trkpt>
    <trkpt lat="42.786861" lon="141.498938"><ele>153</ele></trkpt>
    <trkpt lat="42.786923" lon="141.499168"><ele>153</ele></trkpt>
    <trkpt lat="42.786983" lon="141.499399"><ele>153</ele></trkpt>
    <trkpt lat="42.787041" lon="141.499630"><ele>153</ele></trkpt>
    <trkpt lat="42.787100" lon="141.499862"><ele>153</ele></trkpt>
    <trkpt lat="42.787157" lon="141.500095"><ele>153</ele></trkpt>
    <trkpt lat="42.787216" lon="141.500326"><ele>153</ele></trkpt>
    <trkpt lat="42.787278" lon="141.500556"><ele>153</ele></trkpt>
    <trkpt lat="42.787340" lon="141.500786"><ele>152</ele></trkpt>
    <trkpt lat="42.787400" lon="141.501017"><ele>152</ele></trkpt>
    <trkpt lat="42.787458" lon="141.501249"><ele>152</ele></trkpt>
    <trkpt lat="42.787521" lon="141.501479"><ele>152</ele></trkpt>
    <trkpt lat="42.787580" lon="141.501710"><ele>152</ele></trkpt>
    <trkpt lat="42.787646" lon="141.501938"><ele>152</ele></trkpt>
    <trkpt lat="42.787708" lon="141.502168"><ele>152</ele></trkpt>
    <trkpt lat="42.787775" lon="141.502396"><ele>152</ele></trkpt>
    <trkpt lat="42.787835" lon="141.502627"><ele>152</ele></trkpt>
    <trkpt lat="42.787894" lon="141.502858"><ele>152</ele></trkpt>
    <trkpt lat="42.787951" lon="141.503091"><ele>152</ele></trkpt>
    <trkpt lat="42.788009" lon="141.503323"><ele>151</ele></trkpt>
    <trkpt lat="42.788064" lon="141.503556"><ele>151</ele></trkpt>
    <trkpt lat="42.788126" lon="141.503786"><ele>151</ele></trkpt>
    <trkpt lat="42.788187" lon="141.504017"><ele>151</ele></trkpt>
    <trkpt lat="42.788248" lon="141.504247"><ele>151</ele></trkpt>
    <trkpt lat="42.788313" lon="141.504476"><ele>151</ele></trkpt>
    <trkpt lat="42.788377" lon="141.504705"><ele>151</ele></trkpt>
    <trkpt lat="42.788439" lon="141.504935"><ele>151</ele></trkpt>
    <trkpt lat="42.788501" lon="141.505165"><ele>151</ele></trkpt>
    <trkpt lat="42.788563" lon="141.505395"><ele>151</ele></trkpt>
    <trkpt lat="42.788627" lon="141.505624"><ele>151</ele></trkpt>
    <trkpt lat="42.788694" lon="141.505852"><ele>150</ele></trkpt>
    <trkpt lat="42.788754" lon="141.506083"><ele>150</ele></trkpt>
    <trkpt lat="42.788821" lon="141.506310"><ele>150</ele></trkpt>
    <trkpt lat="42.788883" lon="141.506541"><ele>150</ele></trkpt>
    <trkpt lat="42.788945" lon="141.506771"><ele>150</ele></trkpt>
    <trkpt lat="42.789008" lon="141.507000"><ele>150</ele></trkpt>
    <trkpt lat="42.789064" lon="141.507233"><ele>150</ele></trkpt>
    <trkpt lat="42.789131" lon="141.507461"><ele>150</ele></trkpt>
    <trkpt lat="42.789191" lon="141.507691"><ele>150</ele></trkpt>
    <trkpt lat="42.789249" lon="141.507923"><ele>150</ele></trkpt>
    <trkpt lat="42.789306" lon="141.508156"><ele>149</ele></trkpt>
    <trkpt lat="42.789368" lon="141.508386"><ele>149</ele></trkpt>
    <trkpt lat="42.789431" lon="141.508616"><ele>149</ele></trkpt>
    <trkpt lat="42.789492" lon="141.508846"><ele>149</ele></trkpt>
    <trkpt lat="42.789548" lon="141.509079"><ele>149</ele></trkpt>
    <trkpt lat="42.789615" lon="141.509307"><ele>149</ele></trkpt>
    <trkpt lat="42.789680" lon="141.509535"><ele>149</ele></trkpt>
    <trkpt lat="42.789743" lon="141.509765"><ele>149</ele></trkpt>
    <trkpt lat="42.789803" lon="141.509996"><ele>149</ele></trkpt>
    <trkpt lat="42.789867" lon="141.510225"><ele>149</ele></trkpt>
    <trkpt lat="42.789934" lon="141.510452"><ele>149</ele></trkpt>
    <trkpt lat="42.790001" lon="141.510680"><ele>148</ele></trkpt>
    <trkpt lat="42.790066" lon="141.510909"><ele>148</ele></trkpt>
    <trkpt lat="42.790126" lon="141.511140"><ele>148</ele></trkpt>
    <trkpt lat="42.790192" lon="141.511367"><ele>148</ele></trkpt>
    <trkpt lat="42.790257" lon="141.511596"><ele>148</ele></trkpt>
    <trkpt lat="42.790322" lon="141.511824"><ele>148</ele></trkpt>
    <trkpt lat="42.790386" lon="141.512054"><ele>148</ele></trkpt>
    <trkpt lat="42.790452" lon="141.512282"><ele>148</ele></trkpt>
    <trkpt lat="42.790508" lon="141.512515"><ele>148</ele></trkpt>
    <trkpt lat="42.790572" lon="141.512743"><ele>148</ele></trkpt>
    <trkpt lat="42.790635" lon="141.512973"><ele>147</ele></trkpt>
    <trkpt lat="42.790695" lon="141.513204"><ele>147</ele></trkpt>
    <trkpt lat="42.790761" lon="141.513432"><ele>147</ele></trkpt>
    <trkpt lat="42.790826" lon="141.513661"><ele>147</ele></trkpt>
    <trkpt lat="42.790885" lon="141.513892"><ele>147</ele></trkpt>
    <trkpt lat="42.790947" lon="141.514122"><ele>147</ele></trkpt>
    <trkpt lat="42.791007" lon="141.514353"><ele>147</ele></trkpt>
    <trkpt lat="42.791071" lon="141.514582"><ele>147</ele></trkpt>
    <trkpt lat="42.791137" lon="141.514811"><ele>147</ele></trkpt>
    <trkpt lat="42.791200" lon="141.515040"><ele>147</ele></trkpt>
    <trkpt lat="42.791257" lon="141.515272"><ele>146</ele></trkpt>
    <trkpt lat="42.791317" lon="141.515504"><ele>146</ele></trkpt>
    <trkpt lat="42.791378" lon="141.515734"><ele>146</ele></trkpt>
    <trkpt lat="42.791441" lon="141.515963"><ele>146</ele></trkpt>
    <trkpt lat="42.791502" lon="141.516194"><ele>146</ele></trkpt>
    <trkpt lat="42.791562" lon="141.516425"><ele>146</ele></trkpt>
    <trkpt lat="42.791625" lon="141.516655"><ele>146</ele></trkpt>
    <trkpt lat="42.791682" lon="141.516888"><ele>146</ele></trkpt>
    <trkpt lat="42.791738" lon="141.517121"><ele>146</ele></trkpt>
    <trkpt lat="42.791804" lon="141.517348"><ele>146</ele></trkpt>
    <trkpt lat="42.791860" lon="141.517581"><ele>146</ele></trkpt>
    <trkpt lat="42.791918" lon="141.517813"><ele>145</ele></trkpt>
    <trkpt lat="42.791979" lon="141.518044"><ele>145</ele></trkpt>
    <trkpt lat="42.792046" lon="141.518271"><ele>145</ele></trkpt>
    <trkpt lat="42.792103" lon="141.518504"><ele>145</ele></trkpt>
    <trkpt lat="42.792161" lon="141.518736"><ele>145</ele></trkpt>
    <trkpt lat="42.792227" lon="141.518964"><ele>145</ele></trkpt>
    <trkpt lat="42.792289" lon="141.519194"><ele>145</ele></trkpt>
    <trkpt lat="42.792346" lon="141.519426"><ele>145</ele></trkpt>
    <trkpt lat="42.792172" lon="141.519488"><ele>145</ele></trkpt>
    <trkpt lat="42.792001" lon="141.519565"><ele>145</ele></trkpt>
    <trkpt lat="42.791829" lon="141.519634"><ele>144</ele></trkpt>
    <trkpt lat="42.791657" lon="141.519708"><ele>144</ele></trkpt>
    <trkpt lat="42.791484" lon="141.519773"><ele>144</ele></trkpt>
    <trkpt lat="42.791311" lon="141.519839"><ele>144</ele></trkpt>
    <trkpt lat="42.791139" lon="141.519910"><ele>144</ele></trkpt>
    <trkpt lat="42.790965" lon="141.519976"><ele>144</ele></trkpt>
    <trkpt lat="42.790795" lon="141.520053"><ele>144</ele></trkpt>
    <trkpt lat="42.790622" lon="141.520121"><ele>144</ele></trkpt>
    <trkpt lat="42.790449" lon="141.520191"><ele>144</ele></trkpt>
    <trkpt lat="42.790278" lon="141.520264"><ele>144</ele></trkpt>
    <trkpt lat="42.790104" lon="141.520329"><ele>143</ele></trkpt>
    <trkpt lat="42.789931" lon="141.520393"><ele>143</ele></trkpt>
    <trkpt lat="42.789760" lon="141.520468"><ele>143</ele></trkpt>
    <trkpt lat="42.789586" lon="141.520531"><ele>143</ele></trkpt>
    <trkpt lat="42.789412" lon="141.520593"><ele>143</ele></trkpt>
    <trkpt lat="42.789238" lon="141.520659"><ele>143</ele></trkpt>
    <trkpt lat="42.789066" lon="141.520729"><ele>143</ele></trkpt>
    <trkpt lat="42.788892" lon="141.520792"><ele>143</ele></trkpt>
    <trkpt lat="42.788721" lon="141.520866"><ele>143</ele></trkpt>
    <trkpt lat="42.788547" lon="141.520931"><ele>142</ele></trkpt>
    <trkpt lat="42.788375" lon="141.521001"><ele>142</ele></trkpt>
    <trkpt lat="42.788204" lon="141.521078"><ele>142</ele></trkpt>
    <trkpt lat="42.788033" lon="141.521155"><ele>142</ele></trkpt>
    <trkpt lat="42.787863" lon="141.521232"><ele>142</ele></trkpt>
    <trkpt lat="42.787690" lon="141.521301"><ele>142</ele></trkpt>
    <trkpt lat="42.787518" lon="141.521374"><ele>142</ele></trkpt>
    <trkpt lat="42.787344" lon="141.521435"><ele>142</ele></trkpt>
    <trkpt lat="42.787171" lon="141.521501"><ele>142</ele></trkpt>
    <trkpt lat="42.787000" lon="141.521576"><ele>142</ele></trkpt>
    <trkpt lat="42.786828" lon="141.521651"><ele>141</ele></trkpt>
    <trkpt lat="42.786656" lon="141.521720"><ele>141</ele></trkpt>
    <trkpt lat="42.786483" lon="141.521789"><ele>141</ele></trkpt>
    <trkpt lat="42.786310" lon="141.521853"><ele>141</ele></trkpt>
    <trkpt lat="42.786136" lon="141.521916"><ele>141</ele></trkpt>
    <trkpt lat="42.785964" lon="141.521988"><ele>141</ele></trkpt>
    <trkpt lat="42.785793" lon="141.522064"><ele>141</ele></trkpt>
    <trkpt lat="42.785622" lon="141.522139"><ele>141</ele></trkpt>
    <trkpt lat="42.785449" lon="141.522206"><ele>141</ele></trkpt>
    <trkpt lat="42.785276" lon="141.522273"><ele>141</ele></trkpt>
    <trkpt lat="42.785104" lon="141.522345"><ele>140</ele></trkpt>
    <trkpt lat="42.784931" lon="141.522412"><ele>140</ele></trkpt>
    <trkpt lat="42.784757" lon="141.522477"><ele>140</ele></trkpt>
    <trkpt lat="42.784583" lon="141.522539"><ele>140</ele></trkpt>
    <trkpt lat="42.784410" lon="141.522604"><ele>140</ele></trkpt>
    <trkpt lat="42.784237" lon="141.522672"><ele>140</ele></trkpt>
    <trkpt lat="42.784064" lon="141.522740"><ele>140</ele></trkpt>
    <trkpt lat="42.783892" lon="141.522809"><ele>140</ele></trkpt>
    <trkpt lat="42.783719" lon="141.522875"><ele>140</ele></trkpt>
    <trkpt lat="42.783547" lon="141.522948"><ele>140</ele></trkpt>
    <trkpt lat="42.783373" lon="141.523011"><ele>139</ele></trkpt>
    <trkpt lat="42.783200" lon="141.523077"><ele>139</ele></trkpt>
    <trkpt lat="42.783026" lon="141.523141"><ele>139</ele></trkpt>
    <trkpt lat="42.782852" lon="141.523204"><ele>139</ele></trkpt>
    <trkpt lat="42.782679" lon="141.523268"><ele>139</ele></trkpt>
    <trkpt lat="42.782507" lon="141.523343"><ele>139</ele></trkpt>
    <trkpt lat="42.782335" lon="141.523411"><ele>139</ele></trkpt>
    <trkpt lat="42.782164" lon="141.523489"><ele>139</ele></trkpt>
    <trkpt lat="42.781992" lon="141.523559"><ele>139</ele></trkpt>
    <trkpt lat="42.781821" lon="141.523637"><ele>138</ele></trkpt>
    <trkpt lat="42.781649" lon="141.523710"><ele>138</ele></trkpt>
    <trkpt lat="42.781476" lon="141.523777"><ele>138</ele></trkpt>
    <trkpt lat="42.781304" lon="141.523848"><ele>138</ele></trkpt>
    <trkpt lat="42.781132" lon="141.523917"><ele>138</ele></trkpt>
    <trkpt lat="42.780961" lon="141.523994"><ele>138</ele></trkpt>
    <trkpt lat="42.780789" lon="141.524064"><ele>138</ele></trkpt>
    <trkpt lat="42.780617" lon="141.524136"><ele>138</ele></trkpt>
    <trkpt lat="42.780445" lon="141.524208"><ele>138</ele></trkpt>
    <trkpt lat="42.780271" lon="141.524274"><ele>138</ele></trkpt>
    <trkpt lat="42.780098" lon="141.524336"><ele>137</ele></trkpt>
    <trkpt lat="42.779924" lon="141.524402"><ele>137</ele></trkpt>
    <trkpt lat="42.779753" lon="141.524478"><ele>137</ele></trkpt>
    <trkpt lat="42.779579" lon="141.524541"><ele>137</ele></trkpt>
    <trkpt lat="42.779407" lon="141.524610"><ele>137</ele></trkpt>
    <trkpt lat="42.779236" lon="141.524687"><ele>137</ele></trkpt>
    <trkpt lat="42.779063" lon="141.524751"><ele>137</ele></trkpt>
    <trkpt lat="42.778890" lon="141.524821"><ele>137</ele></trkpt>
    <trkpt lat="42.778717" lon="141.524889"><ele>137</ele></trkpt>
    <trkpt lat="42.778546" lon="141.524964"><ele>136</ele></trkpt>
    <trkpt lat="42.778373" lon="141.525029"><ele>136</ele></trkpt>
    <trkpt lat="42.778200" lon="141.525096"><ele>136</ele></trkpt>
    <trkpt lat="42.778027" lon="141.525163"><ele>136</ele></trkpt>
    <trkpt lat="42.777856" lon="141.525239"><ele>136</ele></trkpt>
    <trkpt lat="42.777684" lon="141.525313"><ele>136</ele></trkpt>
    <trkpt lat="42.777511" lon="141.525378"><ele>136</ele></trkpt>
    <trkpt lat="42.777340" lon="141.525455"><ele>136</ele></trkpt>
    <trkpt lat="42.777166" lon="141.525516"><ele>136</ele></trkpt>
    <trkpt lat="42.776995" lon="141.525593"><ele>135</ele></trkpt>
    <trkpt lat="42.776822" lon="141.525660"><ele>135</ele></trkpt>
    <trkpt lat="42.776648" lon="141.525723"><ele>135</ele></trkpt>
    <trkpt lat="42.776474" lon="141.525784"><ele>135</ele></trkpt>
    <trkpt lat="42.776301" lon="141.525852"><ele>135</ele></trkpt>
    <trkpt lat="42.776130" lon="141.525929"><ele>135</ele></trkpt>
    <trkpt lat="42.775958" lon="141.525998"><ele>135</ele></trkpt>
    <trkpt lat="42.775787" lon="141.526075"><ele>135</ele></trkpt>
    <trkpt lat="42.775615" lon="141.526147"><ele>135</ele></trkpt>
    <trkpt lat="42.775444" lon="141.526224"><ele>135</ele></trkpt>
    <trkpt lat="42.775273" lon="141.526297"><ele>134</ele></trkpt>
    <trkpt lat="42.775101" lon="141.526370"><ele>134</ele></trkpt>
    <trkpt lat="42.774929" lon="141.526442"><ele>134</ele></trkpt>
    <trkpt lat="42.774758" lon="141.526517"><ele>134</ele></trkpt>
    <trkpt lat="42.774586" lon="141.526591"><ele>134</ele></trkpt>
    <trkpt lat="42.774413" lon="141.526656"><ele>134</ele></trkpt>
    <trkpt lat="42.774240" lon="141.526722"><ele>134</ele></trkpt>
    <trkpt lat="42.774068" lon="141.526794"><ele>134</ele></trkpt>
    <trkpt lat="42.773894" lon="141.526858"><ele>134</ele></trkpt>
    <trkpt lat="42.773720" lon="141.526921"><ele>133</ele></trkpt>
    <trkpt lat="42.773547" lon="141.526987"><ele>133</ele></trkpt>
    <trkpt lat="42.773376" lon="141.527061"><ele>133</ele></trkpt>
    <trkpt lat="42.773205" lon="141.527137"><ele>133</ele></trkpt>
    <trkpt lat="42.773032" lon="141.527207"><ele>133</ele></trkpt>
    <trkpt lat="42.772859" lon="141.527271"><ele>133</ele></trkpt>
    <trkpt lat="42.772686" lon="141.527337"><ele>133</ele></trkpt>
    <trkpt lat="42.772514" lon="141.527412"><ele>133</ele></trkpt>
    <trkpt lat="42.772342" lon="141.527481"><ele>133</ele></trkpt>
    <trkpt lat="42.772169" lon="141.527551"><ele>132</ele></trkpt>
    <trkpt lat="42.771995" lon="141.527613"><ele>132</ele></trkpt>
    <trkpt lat="42.771821" lon="141.527676"><ele>132</ele></trkpt>
    <trkpt lat="42.771650" lon="141.527751"><ele>132</ele></trkpt>
    <trkpt lat="42.771479" lon="141.527826"><ele>132</ele></trkpt>
    <trkpt lat="42.771306" lon="141.527892"><ele>132</ele></trkpt>
    <trkpt lat="42.771135" lon="141.527967"><ele>132</ele></trkpt>
    <trkpt lat="42.770962" lon="141.528034"><ele>132</ele></trkpt>
    <trkpt lat="42.770789" lon="141.528102"><ele>132</ele></trkpt>
    <trkpt lat="42.770616" lon="141.528171"><ele>131</ele></trkpt>
    <trkpt lat="42.770443" lon="141.528236"><ele>131</ele></trkpt>
    <trkpt lat="42.770270" lon="141.528304"><ele>131</ele></trkpt>
    <trkpt lat="42.770097" lon="141.528371"><ele>131</ele></trkpt>
    <trkpt lat="42.769923" lon="141.528435"><ele>131</ele></trkpt>
    <trkpt lat="42.769750" lon="141.528500"><ele>131</ele></trkpt>
    <trkpt lat="42.769577" lon="141.528567"><ele>131</ele></trkpt>
    <trkpt lat="42.769404" lon="141.528632"><ele>131</ele></trkpt>
    <trkpt lat="42.769231" lon="141.528702"><ele>131</ele></trkpt>
    <trkpt lat="42.769058" lon="141.528766"><ele>130</ele></trkpt>
    <trkpt lat="42.768884" lon="141.528830"><ele>130</ele></trkpt>
    <trkpt lat="42.768713" lon="141.528906"><ele>130</ele></trkpt>
    <trkpt lat="42.768542" lon="141.528982"><ele>130</ele></trkpt>
    <trkpt lat="42.768369" lon="141.529047"><ele>130</ele></trkpt>
    <trkpt lat="42.768198" lon="141.529123"><ele>130</ele></trkpt>
    <trkpt lat="42.768026" lon="141.529196"><ele>130</ele></trkpt>
    <trkpt lat="42.767855" lon="141.529271"><ele>130</ele></trkpt>
    <trkpt lat="42.767682" lon="141.529341"><ele>130</ele></trkpt>
    <trkpt lat="42.767509" lon="141.529405"><ele>129</ele></trkpt>
    <trkpt lat="42.767336" lon="141.529473"><ele>129</ele></trkpt>
    <trkpt lat="42.767162" lon="141.529535"><ele>129</ele></trkpt>
    <trkpt lat="42.766990" lon="141.529607"><ele>129</ele></trkpt>
    <trkpt lat="42.766818" lon="141.529679"><ele>129</ele></trkpt>
    <trkpt lat="42.766645" lon="141.529745"><ele>129</ele></trkpt>
    <trkpt lat="42.766474" lon="141.529822"><ele>129</ele></trkpt>
    <trkpt lat="42.766303" lon="141.529895"><ele>129</ele></trkpt>
    <trkpt lat="42.766130" lon="141.529967"><ele>129</ele></trkpt>
    <trkpt lat="42.765959" lon="141.530040"><ele>128</ele></trkpt>
    <trkpt lat="42.765787" lon="141.530114"><ele>128</ele></trkpt>
    <trkpt lat="42.765614" lon="141.530178"><ele>128</ele></trkpt>
    <trkpt lat="42.765441" lon="141.530246"><ele>128</ele></trkpt>
    <trkpt lat="42.765268" lon="141.530313"><ele>128</ele></trkpt>
    <trkpt lat="42.765097" lon="141.530390"><ele>128</ele></trkpt>
    <trkpt lat="42.764925" lon="141.530462"><ele>128</ele></trkpt>
    <trkpt lat="42.764754" lon="141.530535"><ele>128</ele></trkpt>
    <trkpt lat="42.764801" lon="141.530771"><ele>128</ele></trkpt>
    <trkpt lat="42.764851" lon="141.531007"><ele>127</ele></trkpt>
    <trkpt lat="42.764899" lon="141.531243"><ele>127</ele></trkpt>
    <trkpt lat="42.764949" lon="141.531478"><ele>127</ele></trkpt>
    <trkpt lat="42.764993" lon="141.531716"><ele>127</ele></trkpt>
    <trkpt lat="42.765042" lon="141.531952"><ele>127</ele></trkpt>
    <trkpt lat="42.765089" lon="141.532188"><ele>127</ele></trkpt>
    <trkpt lat="42.765131" lon="141.532426"><ele>127</ele></trkpt>
    <trkpt lat="42.765178" lon="141.532663"><ele>127</ele></trkpt>
    <trkpt lat="42.765229" lon="141.532898"><ele>127</ele></trkpt>
    <trkpt lat="42.765281" lon="141.533133"><ele>126</ele></trkpt>
    <trkpt lat="42.765329" lon="141.533369"><ele>126</ele></trkpt>
    <trkpt lat="42.765369" lon="141.533607"><ele>126</ele></trkpt>
    <trkpt lat="42.765414" lon="141.533845"><ele>126</ele></trkpt>
    <trkpt lat="42.765455" lon="141.534083"><ele>126</ele></trkpt>
    <trkpt lat="42.765495" lon="141.534322"><ele>126</ele></trkpt>
    <trkpt lat="42.765537" lon="141.534560"><ele>126</ele></trkpt>
    <trkpt lat="42.765581" lon="141.534798"><ele>126</ele></trkpt>
    <trkpt lat="42.765622" lon="141.535036"><ele>125</ele></trkpt>
    <trkpt lat="42.765672" lon="141.535272"><ele>125</ele></trkpt>
    <trkpt lat="42.765722" lon="141.535507"><ele>125</ele></trkpt>
    <trkpt lat="42.765764" lon="141.535745"><ele>125</ele></trkpt>
    <trkpt lat="42.765815" lon="141.535980"><ele>125</ele></trkpt>
    <trkpt lat="42.765856" lon="141.536219"><ele>125</ele></trkpt>
    <trkpt lat="42.765899" lon="141.536457"><ele>125</ele></trkpt>
    <trkpt lat="42.765940" lon="141.536695"><ele>125</ele></trkpt>
    <trkpt lat="42.765985" lon="141.536932"><ele>125</ele></trkpt>
    <trkpt lat="42.766035" lon="141.537168"><ele>124</ele></trkpt>
    <trkpt lat="42.766079" lon="141.537405"><ele>124</ele></trkpt>
    <trkpt lat="42.766121" lon="141.537644"><ele>124</ele></trkpt>
    <trkpt lat="42.766164" lon="141.537882"><ele>124</ele></trkpt>
    <trkpt lat="42.766204" lon="141.538120"><ele>124</ele></trkpt>
    <trkpt lat="42.766256" lon="141.538355"><ele>124</ele></trkpt>
    <trkpt lat="42.766298" lon="141.538593"><ele>124</ele></trkpt>
    <trkpt lat="42.766343" lon="141.538831"><ele>124</ele></trkpt>
    <trkpt lat="42.766382" lon="141.539070"><ele>124</ele></trkpt>
    <trkpt lat="42.766431" lon="141.539305"><ele>123</ele></trkpt>
    <trkpt lat="42.766474" lon="141.539543"><ele>123</ele></trkpt>
    <trkpt lat="42.766522" lon="141.539779"><ele>123</ele></trkpt>
    <trkpt lat="42.766565" lon="141.540017"><ele>123</ele></trkpt>
    <trkpt lat="42.766609" lon="141.540255"><ele>123</ele></trkpt>
    <trkpt lat="42.766653" lon="141.540492"><ele>123</ele></trkpt>
    <trkpt lat="42.766701" lon="141.540728"><ele>123</ele></trkpt>
    <trkpt lat="42.766748" lon="141.540965"><ele>123</ele></trkpt>
    <trkpt lat="42.766799" lon="141.541200"><ele>122</ele></trkpt>
    <trkpt lat="42.766850" lon="141.541435"><ele>122</ele></trkpt>
    <trkpt lat="42.766890" lon="141.541674"><ele>122</ele></trkpt>
    <trkpt lat="42.766933" lon="141.541912"><ele>122</ele></trkpt>
    <trkpt lat="42.766981" lon="141.542148"><ele>122</ele></trkpt>
    <trkpt lat="42.767026" lon="141.542385"><ele>122</ele></trkpt>
    <trkpt lat="42.767067" lon="141.542624"><ele>122</ele></trkpt>
    <trkpt lat="42.767111" lon="141.542861"><ele>122</ele></trkpt>
    <trkpt lat="42.767162" lon="141.543096"><ele>122</ele></trkpt>
    <trkpt lat="42.767208" lon="141.543333"><ele>121</ele></trkpt>
    <trkpt lat="42.767254" lon="141.543570"><ele>121</ele></trkpt>
    <trkpt lat="42.767297" lon="141.543808"><ele>121</ele></trkpt>
    <trkpt lat="42.767341" lon="141.544046"><ele>121</ele></trkpt>
    <trkpt lat="42.767382" lon="141.544284"><ele>121</ele></trkpt>
    <trkpt lat="42.767423" lon="141.544523"><ele>121</ele></trkpt>
    <trkpt lat="42.767472" lon="141.544758"><ele>121</ele></trkpt>
    <trkpt lat="42.767517" lon="141.544996"><ele>121</ele></trkpt>
    <trkpt lat="42.767558" lon="141.545234"><ele>120</ele></trkpt>
    <trkpt lat="42.767602" lon="141.545471"><ele>120</ele></trkpt>
    <trkpt lat="42.767652" lon="141.545707"><ele>120</ele></trkpt>
    <trkpt lat="42.767696" lon="141.545945"><ele>120</ele></trkpt>
    <trkpt lat="42.767746" lon="141.546180"><ele>120</ele></trkpt>
    <trkpt lat="42.767792" lon="141.546417"><ele>120</ele></trkpt>
    <trkpt lat="42.767840" lon="141.546653"><ele>120</ele></trkpt>
    <trkpt lat="42.767885" lon="141.546890"><ele>120</ele></trkpt>
    <trkpt lat="42.767927" lon="141.547128"><ele>119</ele></trkpt>
    <trkpt lat="42.767977" lon="141.547364"><ele>119</ele></trkpt>
    <trkpt lat="42.768016" lon="141.547603"><ele>119</ele></trkpt>
    <trkpt lat="42.768066" lon="141.547838"><ele>119</ele></trkpt>
    <trkpt lat="42.768108" lon="141.548076"><ele>119</ele></trkpt>
    <trkpt lat="42.768156" lon="141.548312"><ele>119</ele></trkpt>
    <trkpt lat="42.768197" lon="141.548551"><ele>119</ele></trkpt>
    <trkpt lat="42.768244" lon="141.548788"><ele>119</ele></trkpt>
    <trkpt lat="42.768284" lon="141.549026"><ele>119</ele></trkpt>
    <trkpt lat="42.768326" lon="141.549265"><ele>118</ele></trkpt>
    <trkpt lat="42.768372" lon="141.549502"><ele>118</ele></trkpt>
    <trkpt lat="42.768420" lon="141.549738"><ele>118</ele></trkpt>
    <trkpt lat="42.768469" lon="141.549974"><ele>118</ele></trkpt>
    <trkpt lat="42.768517" lon="141.550209"><ele>118</ele></trkpt>
    <trkpt lat="42.768560" lon="141.550448"><ele>118</ele></trkpt>
    <trkpt lat="42.768611" lon="141.550682"><ele>118</ele></trkpt>
    <trkpt lat="42.768651" lon="141.550921"><ele>118</ele></trkpt>
    <trkpt lat="42.768691" lon="141.551160"><ele>117</ele></trkpt>
    <trkpt lat="42.768735" lon="141.551398"><ele>117</ele></trkpt>
    <trkpt lat="42.768775" lon="141.551636"><ele>117</ele></trkpt>
    <trkpt lat="42.768823" lon="141.551873"><ele>117</ele></trkpt>
    <trkpt lat="42.768871" lon="141.552109"><ele>117</ele></trkpt>
    <trkpt lat="42.768917" lon="141.552346"><ele>117</ele></trkpt>
    <trkpt lat="42.768962" lon="141.552583"><ele>117</ele></trkpt>
    <trkpt lat="42.769012" lon="141.552818"><ele>117</ele></trkpt>
    <trkpt lat="42.769052" lon="141.553057"><ele>116</ele></trkpt>
    <trkpt lat="42.769103" lon="141.553292"><ele>116</ele></trkpt>
    <trkpt lat="42.769154" lon="141.553527"><ele>116</ele></trkpt>
    <trkpt lat="42.769199" lon="141.553764"><ele>116</ele></trkpt>
    <trkpt lat="42.769247" lon="141.554000"><ele>116</ele></trkpt>
    <trkpt lat="42.769288" lon="141.554239"><ele>116</ele></trkpt>
    <trkpt lat="42.769328" lon="141.554478"><ele>116</ele></trkpt>
    <trkpt lat="42.769371" lon="141.554716"><ele>116</ele></trkpt>
    <trkpt lat="42.769418" lon="141.554952"><ele>116</ele></trkpt>
    <trkpt lat="42.769464" lon="141.555189"><ele>115</ele></trkpt>
    <trkpt lat="42.769504" lon="141.555428"><ele>115</ele></trkpt>
    <trkpt lat="42.769551" lon="141.555664"><ele>115</ele></trkpt>
    <trkpt lat="42.769599" lon="141.555901"><ele>115</ele></trkpt>
    <trkpt lat="42.769644" lon="141.556138"><ele>115</ele></trkpt>
    <trkpt lat="42.769690" lon="141.556375"><ele>115</ele></trkpt>
    <trkpt lat="42.769738" lon="141.556611"><ele>115</ele></trkpt>
    <trkpt lat="42.769780" lon="141.556849"><ele>115</ele></trkpt>
    <trkpt lat="42.769830" lon="141.557084"><ele>114</ele></trkpt>
    <trkpt lat="42.769873" lon="141.557322"><ele>114</ele></trkpt>
    <trkpt lat="42.769913" lon="141.557561"><ele>114</ele></trkpt>
    <trkpt lat="42.769961" lon="141.557797"><ele>114</ele></trkpt>
    <trkpt lat="42.770007" lon="141.558034"><ele>114</ele></trkpt>
    <trkpt lat="42.770049" lon="141.558272"><ele>114</ele></trkpt>
    <trkpt lat="42.770094" lon="141.558510"><ele>114</ele></trkpt>
    <trkpt lat="42.770140" lon="141.558747"><ele>114</ele></trkpt>
    <trkpt lat="42.770185" lon="141.558984"><ele>113</ele></trkpt>
    <trkpt lat="42.770235" lon="141.559219"><ele>113</ele></trkpt>
    <trkpt lat="42.770278" lon="141.559457"><ele>113</ele></trkpt>
    <trkpt lat="42.770327" lon="141.559693"><ele>113</ele></trkpt>
    <trkpt lat="42.770368" lon="141.559931"><ele>113</ele></trkpt>
    <trkpt lat="42.770410" lon="141.560170"><ele>113</ele></trkpt>
    <trkpt lat="42.770457" lon="141.560406"><ele>113</ele></trkpt>
    <trkpt lat="42.770506" lon="141.560642"><ele>113</ele></trkpt>
    <trkpt lat="42.770555" lon="141.560878"><ele>112</ele></trkpt>
    <trkpt lat="42.770595" lon="141.561116"><ele>112</ele></trkpt>
    <trkpt lat="42.770642" lon="141.561353"><ele>112</ele></trkpt>
    <trkpt lat="42.770682" lon="141.561592"><ele>112</ele></trkpt>
    <trkpt lat="42.770725" lon="141.561830"><ele>112</ele></trkpt>
    <trkpt lat="42.770775" lon="141.562065"><ele>112</ele></trkpt>
    <trkpt lat="42.770823" lon="141.562301"><ele>112</ele></trkpt>
    <trkpt lat="42.770872" lon="141.562537"><ele>112</ele></trkpt>
    <trkpt lat="42.770914" lon="141.562775"><ele>111</ele></trkpt>
    <trkpt lat="42.770963" lon="141.563011"><ele>111</ele></trkpt>
    <trkpt lat="42.771014" lon="141.563246"><ele>111</ele></trkpt>
    <trkpt lat="42.771060" lon="141.563483"><ele>111</ele></trkpt>
    <trkpt lat="42.771110" lon="141.563718"><ele>111</ele></trkpt>
    <trkpt lat="42.771161" lon="141.563953"><ele>111</ele></trkpt>
    <trkpt lat="42.771207" lon="141.564190"><ele>111</ele></trkpt>
    <trkpt lat="42.771254" lon="141.564427"><ele>111</ele></trkpt>
    <trkpt lat="42.771296" lon="141.564665"><ele>110</ele></trkpt>
    <trkpt lat="42.771343" lon="141.564902"><ele>110</ele></trkpt>
    <trkpt lat="42.771392" lon="141.565137"><ele>110</ele></trkpt>
    <trkpt lat="42.771442" lon="141.565373"><ele>110</ele></trkpt>
    <trkpt lat="42.771481" lon="141.565612"><ele>110</ele></trkpt>
    <trkpt lat="42.771525" lon="141.565849"><ele>110</ele></trkpt>
    <trkpt lat="42.771566" lon="141.566088"><ele>110</ele></trkpt>
    <trkpt lat="42.771616" lon="141.566323"><ele>110</ele></trkpt>
    <trkpt lat="42.771665" lon="141.566559"><ele>109</ele></trkpt>
    <trkpt lat="42.771709" lon="141.566797"><ele>109</ele></trkpt>
    <trkpt lat="42.771752" lon="141.567035"><ele>109</ele></trkpt>
    <trkpt lat="42.771793" lon="141.567273"><ele>109</ele></trkpt>
    <trkpt lat="42.771842" lon="141.567509"><ele>109</ele></trkpt>
    <trkpt lat="42.771884" lon="141.567747"><ele>109</ele></trkpt>
    <trkpt lat="42.771925" lon="141.567986"><ele>109</ele></trkpt>
    <trkpt lat="42.771969" lon="141.568223"><ele>109</ele></trkpt>
    <trkpt lat="42.772019" lon="141.568459"><ele>108</ele></trkpt>
    <trkpt lat="42.772066" lon="141.568695"><ele>108</ele></trkpt>
    <trkpt lat="42.772114" lon="141.568931"><ele>108</ele></trkpt>
    <trkpt lat="42.772156" lon="141.569170"><ele>108</ele></trkpt>
    <trkpt lat="42.772203" lon="141.569406"><ele>108</ele></trkpt>
    <trkpt lat="42.772243" lon="141.569645"><ele>108</ele></trkpt>
    <trkpt lat="42.772284" lon="141.569884"><ele>108</ele></trkpt>
    <trkpt lat="42.772335" lon="141.570119"><ele>108</ele></trkpt>
    <trkpt lat="42.772378" lon="141.570357"><ele>107</ele></trkpt>
    <trkpt lat="42.772423" lon="141.570594"><ele>107</ele></trkpt>
    <trkpt lat="42.772471" lon="141.570830"><ele>107</ele></trkpt>
    <trkpt lat="42.772516" lon="141.571067"><ele>107</ele></trkpt>
    <trkpt lat="42.772559" lon="141.571305"><ele>107</ele></trkpt>
    <trkpt lat="42.772608" lon="141.571541"><ele>107</ele></trkpt>
    <trkpt lat="42.772658" lon="141.571776"><ele>107</ele></trkpt>
    <trkpt lat="42.772703" lon="141.572013"><ele>107</ele></trkpt>
    <trkpt lat="42.772748" lon="141.572251"><ele>106</ele></trkpt>
    <trkpt lat="42.772796" lon="141.572487"><ele>106</ele></trkpt>
    <trkpt lat="42.772840" lon="141.572724"><ele>106</ele></trkpt>
    <trkpt lat="42.772888" lon="141.572960"><ele>106</ele></trkpt>
    <trkpt lat="42.772932" lon="141.573198"><ele>106</ele></trkpt>
    <trkpt lat="42.772974" lon="141.573436"><ele>106</ele></trkpt>
    <trkpt lat="42.773024" lon="141.573671"><ele>106</ele></trkpt>
    <trkpt lat="42.773075" lon="141.573906"><ele>106</ele></trkpt>
    <trkpt lat="42.773120" lon="141.574144"><ele>105</ele></trkpt>
    <trkpt lat="42.773169" lon="141.574380"><ele>105</ele></trkpt>
    <trkpt lat="42.773213" lon="141.574617"><ele>105</ele></trkpt>
    <trkpt lat="42.773264" lon="141.574852"><ele>105</ele></trkpt>
    <trkpt lat="42.773315" lon="141.575087"><ele>105</ele></trkpt>
    <trkpt lat="42.773357" lon="141.575325"><ele>105</ele></trkpt>
    <trkpt lat="42.773405" lon="141.575561"><ele>105</ele></trkpt>
    <trkpt lat="42.773445" lon="141.575800"><ele>105</ele></trkpt>
    <trkpt lat="42.773486" lon="141.576039"><ele>104</ele></trkpt>
    <trkpt lat="42.773537" lon="141.576274"><ele>104</ele></trkpt>
    <trkpt lat="42.773577" lon="141.576513"><ele>104</ele></trkpt>
    <trkpt lat="42.773623" lon="141.576750"><ele>104</ele></trkpt>
    <trkpt lat="42.773672" lon="141.576986"><ele>104</ele></trkpt>
    <trkpt lat="42.773720" lon="141.577222"><ele>104</ele></trkpt>
    <trkpt lat="42.773767" lon="141.577458"><ele>104</ele></trkpt>
    <trkpt lat="42.773810" lon="141.577696"><ele>104</ele></trkpt>
    <trkpt lat="42.773974" lon="141.577594"><ele>103</ele></trkpt>
    <trkpt lat="42.774135" lon="141.577485"><ele>103</ele></trkpt>
    <trkpt lat="42.774299" lon="141.577384"><ele>103</ele></trkpt>
    <trkpt lat="42.774462" lon="141.577281"><ele>103</ele></trkpt>
    <trkpt lat="42.774623" lon="141.577170"><ele>103</ele></trkpt>
    <trkpt lat="42.774785" lon="141.577065"><ele>103</ele></trkpt>
    <trkpt lat="42.774949" lon="141.576965"><ele>103</ele></trkpt>
    <trkpt lat="42.775113" lon="141.576864"><ele>103</ele></trkpt>
    <trkpt lat="42.775274" lon="141.576754"><ele>102</ele></trkpt>
    <trkpt lat="42.775435" lon="141.576646"><ele>102</ele></trkpt>
    <trkpt lat="42.775597" lon="141.576539"><ele>102</ele></trkpt>
    <trkpt lat="42.775762" lon="141.576441"><ele>102</ele></trkpt>
    <trkpt lat="42.775927" lon="141.576344"><ele>102</ele></trkpt>
    <trkpt lat="42.776092" lon="141.576245"><ele>102</ele></trkpt>
    <trkpt lat="42.776252" lon="141.576134"><ele>102</ele></trkpt>
    <trkpt lat="42.776417" lon="141.576035"><ele>101</ele></trkpt>
    <trkpt lat="42.776580" lon="141.575931"><ele>101</ele></trkpt>
    <trkpt lat="42.776740" lon="141.575821"><ele>101</ele></trkpt>
    <trkpt lat="42.776901" lon="141.575711"><ele>101</ele></trkpt>
    <trkpt lat="42.777067" lon="141.575615"><ele>101</ele></trkpt>
    <trkpt lat="42.777229" lon="141.575511"><ele>101</ele></trkpt>
    <trkpt lat="42.777393" lon="141.575410"><ele>101</ele></trkpt>
    <trkpt lat="42.777555" lon="141.575304"><ele>101</ele></trkpt>
    <trkpt lat="42.777720" lon="141.575205"><ele>100</ele></trkpt>
    <trkpt lat="42.777883" lon="141.575103"><ele>100</ele></trkpt>
    <trkpt lat="42.778046" lon="141.574999"><ele>100</ele></trkpt>
    <trkpt lat="42.778209" lon="141.574894"><ele>100</ele></trkpt>
    <trkpt lat="42.778373" lon="141.574794"><ele>100</ele></trkpt>
    <trkpt lat="42.778537" lon="141.574694"><ele>100</ele></trkpt>
    <trkpt lat="42.778699" lon="141.574588"><ele>100</ele></trkpt>
    <trkpt lat="42.778865" lon="141.574492"><ele>100</ele></trkpt>
    <trkpt lat="42.779026" lon="141.574383"><ele>99</ele></trkpt>
    <trkpt lat="42.779191" lon="141.574286"><ele>99</ele></trkpt>
    <trkpt lat="42.779356" lon="141.574188"><ele>99</ele></trkpt>
    <trkpt lat="42.779519" lon="141.574083"><ele>99</ele></trkpt>
    <trkpt lat="42.779683" lon="141.573985"><ele>99</ele></trkpt>
    <trkpt lat="42.779846" lon="141.573880"><ele>99</ele></trkpt>
    <trkpt lat="42.780006" lon="141.573770"><ele>99</ele></trkpt>
    <trkpt lat="42.780171" lon="141.573671"><ele>98</ele></trkpt>
    <trkpt lat="42.780335" lon="141.573571"><ele>98</ele></trkpt>
    <trkpt lat="42.780496" lon="141.573460"><ele>98</ele></trkpt>
    <trkpt lat="42.780657" lon="141.573352"><ele>98</ele></trkpt>
    <trkpt lat="42.780823" lon="141.573257"><ele>98</ele></trkpt>
    <trkpt lat="42.780988" lon="141.573160"><ele>98</ele></trkpt>
    <trkpt lat="42.781149" lon="141.573051"><ele>98</ele></trkpt>
    <trkpt lat="42.781310" lon="141.572941"><ele>98</ele></trkpt>
    <trkpt lat="42.781475" lon="141.572843"><ele>97</ele></trkpt>
    <trkpt lat="42.781640" lon="141.572747"><ele>97</ele></trkpt>
    <trkpt lat="42.781801" lon="141.572638"><ele>97</ele></trkpt>
    <trkpt lat="42.781964" lon="141.572533"><ele>97</ele></trkpt>
    <trkpt lat="42.782127" lon="141.572429"><ele>97</ele></trkpt>
    <trkpt lat="42.782288" lon="141.572321"><ele>97</ele></trkpt>
    <trkpt lat="42.782452" lon="141.572219"><ele>97</ele></trkpt>
    <trkpt lat="42.782616" lon="141.572121"><ele>97</ele></trkpt>
    <trkpt lat="42.782777" lon="141.572010"><ele>96</ele></trkpt>
    <trkpt lat="42.782940" lon="141.571907"><ele>96</ele></trkpt>
    <trkpt lat="42.783103" lon="141.571802"><ele>96</ele></trkpt>
    <trkpt lat="42.783263" lon="141.571692"><ele>96</ele></trkpt>
    <trkpt lat="42.783428" lon="141.571593"><ele>96</ele></trkpt>
    <trkpt lat="42.783592" lon="141.571492"><ele>96</ele></trkpt>
    <trkpt lat="42.783755" lon="141.571389"><ele>96</ele></trkpt>
    <trkpt lat="42.783915" lon="141.571278"><ele>95</ele></trkpt>
    <trkpt lat="42.784079" lon="141.571175"><ele>95</ele></trkpt>
    <trkpt lat="42.784242" lon="141.571074"><ele>95</ele></trkpt>
    <trkpt lat="42.784406" lon="141.570971"><ele>95</ele></trkpt>
    <trkpt lat="42.784568" lon="141.570867"><ele>95</ele></trkpt>
    <trkpt lat="42.784733" lon="141.570768"><ele>95</ele></trkpt>
    <trkpt lat="42.784898" lon="141.570670"><ele>95</ele></trkpt>
    <trkpt lat="42.785059" lon="141.570561"><ele>95</ele></trkpt>
    <trkpt lat="42.785221" lon="141.570454"><ele>94</ele></trkpt>
    <trkpt lat="42.785382" lon="141.570345"><ele>94</ele></trkpt>
    <trkpt lat="42.785543" lon="141.570235"><ele>94</ele></trkpt>
    <trkpt lat="42.785704" lon="141.570127"><ele>94</ele></trkpt>
    <trkpt lat="42.785866" lon="141.570021"><ele>94</ele></trkpt>
    <trkpt lat="42.786030" lon="141.569919"><ele>94</ele></trkpt>
    <trkpt lat="42.786193" lon="141.569815"><ele>94</ele></trkpt>
    <trkpt lat="42.786354" lon="141.569706"><ele>93</ele></trkpt>
    <trkpt lat="42.786514" lon="141.569596"><ele>93</ele></trkpt>
    <trkpt lat="42.786678" lon="141.569493"><ele>93</ele></trkpt>
    <trkpt lat="42.786838" lon="141.569383"><ele>93</ele></trkpt>
    <trkpt lat="42.787003" lon="141.569284"><ele>93</ele></trkpt>
    <trkpt lat="42.787166" lon="141.569182"><ele>93</ele></trkpt>
    <trkpt lat="42.787331" lon="141.569083"><ele>93</ele></trkpt>
    <trkpt lat="42.787493" lon="141.568976"><ele>93</ele></trkpt>
    <trkpt lat="42.787654" lon="141.568869"><ele>92</ele></trkpt>
    <trkpt lat="42.787816" lon="141.568760"><ele>92</ele></trkpt>
    <trkpt lat="42.787978" lon="141.568656"><ele>92</ele></trkpt>
    <trkpt lat="42.788141" lon="141.568552"><ele>92</ele></trkpt>
    <trkpt lat="42.788303" lon="141.568444"><ele>92</ele></trkpt>
    <trkpt lat="42.788467" lon="141.568344"><ele>92</ele></trkpt>
    <trkpt lat="42.788629" lon="141.568238"><ele>92</ele></trkpt>
    <trkpt lat="42.788790" lon="141.568127"><ele>91</ele></trkpt>
    <trkpt lat="42.788955" lon="141.568031"><ele>91</ele></trkpt>
    <trkpt lat="42.789120" lon="141.567934"><ele>91</ele></trkpt>
    <trkpt lat="42.789281" lon="141.567824"><ele>91</ele></trkpt>
    <trkpt lat="42.789443" lon="141.567717"><ele>91</ele></trkpt>
    <trkpt lat="42.789608" lon="141.567620"><ele>91</ele></trkpt>
    <trkpt lat="42.789771" lon="141.567515"><ele>91</ele></trkpt>
    <trkpt lat="42.789936" lon="141.567417"><ele>91</ele></trkpt>
    <trkpt lat="42.790098" lon="141.567311"><ele>90</ele></trkpt>
    <trkpt lat="42.790258" lon="141.567201"><ele>90</ele></trkpt>
    <trkpt lat="42.790422" lon="141.567101"><ele>90</ele></trkpt>
    <trkpt lat="42.790587" lon="141.567002"><ele>90</ele></trkpt>
    <trkpt lat="42.790753" lon="141.566906"><ele>90</ele></trkpt>
    <trkpt lat="42.790914" lon="141.566797"><ele>90</ele></trkpt>
    <trkpt lat="42.791079" lon="141.566700"><ele>90</ele></trkpt>
    <trkpt lat="42.791240" lon="141.566590"><ele>89</ele></trkpt>
    <trkpt lat="42.791402" lon="141.566484"><ele>89</ele></trkpt>
    <trkpt lat="42.791567" lon="141.566387"><ele>89</ele></trkpt>
    <trkpt lat="42.791733" lon="141.566291"><ele>89</ele></trkpt>
    <trkpt lat="42.791895" lon="141.566186"><ele>89</ele></trkpt>
    <trkpt lat="42.792059" lon="141.566085"><ele>89</ele></trkpt>
    <trkpt lat="42.792224" lon="141.565987"><ele>89</ele></trkpt>
    <trkpt lat="42.792384" lon="141.565877"><ele>89</ele></trkpt>
    <trkpt lat="42.792548" lon="141.565774"><ele>88</ele></trkpt>
    <trkpt lat="42.792709" lon="141.565665"><ele>88</ele></trkpt>
    <trkpt lat="42.792870" lon="141.565555"><ele>88</ele></trkpt>
    <trkpt lat="42.793034" lon="141.565454"><ele>88</ele></trkpt>
    <trkpt lat="42.793194" lon="141.565344"><ele>88</ele></trkpt>
    <trkpt lat="42.793355" lon="141.565235"><ele>88</ele></trkpt>
    <trkpt lat="42.793516" lon="141.565124"><ele>88</ele></trkpt>
    <trkpt lat="42.793678" lon="141.565019"><ele>87</ele></trkpt>
    <trkpt lat="42.793841" lon="141.564914"><ele>87</ele></trkpt>
    <trkpt lat="42.794001" lon="141.564804"><ele>87</ele></trkpt>
    <trkpt lat="42.794167" lon="141.564707"><ele>87</ele></trkpt>
    <trkpt lat="42.794327" lon="141.564596"><ele>87</ele></trkpt>
    <trkpt lat="42.794493" lon="141.564501"><ele>87</ele></trkpt>
    <trkpt lat="42.794654" lon="141.564391"><ele>87</ele></trkpt>
    <trkpt lat="42.794816" lon="141.564285"><ele>86</ele></trkpt>
    <trkpt lat="42.794980" lon="141.564184"><ele>86</ele></trkpt>
    <trkpt lat="42.795142" lon="141.564079"><ele>86</ele></trkpt>
    <trkpt lat="42.795305" lon="141.563974"><ele>86</ele></trkpt>
    <trkpt lat="42.795467" lon="141.563869"><ele>86</ele></trkpt>
    <trkpt lat="42.795628" lon="141.563760"><ele>86</ele></trkpt>
    <trkpt lat="42.795791" lon="141.563654"><ele>86</ele></trkpt>
    <trkpt lat="42.795955" lon="141.563554"><ele>86</ele></trkpt>
    <trkpt lat="42.796116" lon="141.563444"><ele>85</ele></trkpt>
  </trkseg></trk>
</gpx>
